# Original mesh reconstructed from user-supplied concept reference.
mtllib TwinShieldDrone.mtl
o TwinShieldHull
usemtl industrial_armour
v -0.4599000 -0.2738960 -0.5200000
v -0.4599000 0.2641140 -0.5200000
v -0.2529450 0.4891000 -0.5200000
v 0.2529450 0.4891000 -0.5200000
v 0.4599000 0.2641140 -0.5200000
v 0.4599000 -0.2738960 -0.5200000
v 0.2851380 -0.4891000 -0.5200000
v -0.2851380 -0.4891000 -0.5200000
vt 0.5200000 0.9338000
vt 0.5200000 0.8183000
vt 0.5672500 0.7700000
vt 0.6827500 0.7700000
vt 0.7300000 0.8183000
vt 0.7300000 0.9338000
vt 0.6901000 0.9800000
vt 0.5599000 0.9800000
vn 0.0000000 0.0000000 -1.0000000
vn 0.0000000 0.0000000 -1.0000000
vn 0.0000000 0.0000000 -1.0000000
vn 0.0000000 0.0000000 -1.0000000
vn 0.0000000 0.0000000 -1.0000000
vn 0.0000000 0.0000000 -1.0000000
vn 0.0000000 0.0000000 -1.0000000
vn 0.0000000 0.0000000 -1.0000000
f 1/1/1 2/2/2 3/3/3
f 1/1/1 3/3/3 4/4/4
f 1/1/1 4/4/4 5/5/5
f 1/1/1 5/5/5 6/6/6
f 1/1/1 6/6/6 7/7/7
f 1/1/1 7/7/7 8/8/8
v -0.2890440 -0.4958000 0.5300000
v 0.2890440 -0.4958000 0.5300000
v 0.4662000 -0.2776480 0.5300000
v 0.4662000 0.2677320 0.5300000
v 0.2564100 0.4958000 0.5300000
v -0.2564100 0.4958000 0.5300000
v -0.4662000 0.2677320 0.5300000
v -0.4662000 -0.2776480 0.5300000
vt 0.3099000 0.9800000
vt 0.4401000 0.9800000
vt 0.4800000 0.9338000
vt 0.4800000 0.8183000
vt 0.4327500 0.7700000
vt 0.3172500 0.7700000
vt 0.2700000 0.8183000
vt 0.2700000 0.9338000
vn 0.0000000 0.0000000 1.0000000
vn 0.0000000 0.0000000 1.0000000
vn 0.0000000 0.0000000 1.0000000
vn 0.0000000 0.0000000 1.0000000
vn 0.0000000 0.0000000 1.0000000
vn 0.0000000 0.0000000 1.0000000
vn 0.0000000 0.0000000 1.0000000
vn 0.0000000 0.0000000 1.0000000
f 9/9/9 10/10/10 11/11/11
f 9/9/9 11/11/11 12/12/12
f 9/9/9 12/12/12 13/13/13
f 9/9/9 13/13/13 14/14/14
f 9/9/9 14/14/14 15/15/15
f 9/9/9 15/15/15 16/16/16
v -0.2851380 -0.4891000 -0.5200000
v 0.2851380 -0.4891000 -0.5200000
v 0.3827880 -0.6566000 -0.3600000
v -0.3827880 -0.6566000 -0.3600000
vt 0.0467857 0.5200000
vt 0.2032143 0.5200000
vt 0.2300000 0.7300000
vt 0.0200000 0.7300000
vn 0.0000000 -0.6907324 -0.7231105
vn 0.0000000 -0.6907324 -0.7231105
vn 0.0000000 -0.6907324 -0.7231105
vn 0.0000000 -0.6907324 -0.7231105
f 17/17/17 18/18/18 19/19/19
f 17/17/17 19/19/19 20/20/20
v 0.2851380 -0.4891000 -0.5200000
v 0.4599000 -0.2738960 -0.5200000
v 0.6174000 -0.3676960 -0.3600000
v 0.3827880 -0.6566000 -0.3600000
vt 0.1119118 0.7300000
vt 0.2300000 0.6195449
vt 0.1785294 0.5200000
vt 0.0200000 0.6682821
vn 0.5135033 -0.4170037 -0.7499482
vn 0.5135033 -0.4170037 -0.7499482
vn 0.5135033 -0.4170037 -0.7499482
vn 0.5135033 -0.4170037 -0.7499482
f 21/21/21 22/22/22 23/23/23
f 21/21/21 23/23/23 24/24/24
v 0.4599000 -0.2738960 -0.5200000
v 0.4599000 0.2641140 -0.5200000
v 0.6174000 0.3545640 -0.3600000
v 0.6174000 -0.3676960 -0.3600000
vt 0.0472727 0.7300000
vt 0.2037013 0.7300000
vt 0.2300000 0.5200000
vt 0.0200000 0.5200000
vn 0.7126525 0.0000000 -0.7015173
vn 0.7126525 0.0000000 -0.7015173
vn 0.7126525 0.0000000 -0.7015173
vn 0.7126525 0.0000000 -0.7015173
f 25/25/25 26/26/26 27/27/27
f 25/25/25 27/27/27 28/28/28
v 0.4599000 0.2641140 -0.5200000
v 0.2529450 0.4891000 -0.5200000
v 0.3395700 0.6566000 -0.3600000
v 0.6174000 0.3545640 -0.3600000
vt 0.0200000 0.6107519
vt 0.1403790 0.7300000
vt 0.2300000 0.6800864
vt 0.0683954 0.5200000
vn 0.4933055 0.4537707 -0.7421198
vn 0.4933055 0.4537707 -0.7421198
vn 0.4933055 0.4537707 -0.7421198
vn 0.4933055 0.4537707 -0.7421198
f 29/29/29 30/30/30 31/31/31
f 29/29/29 31/31/31 32/32/32
v 0.2529450 0.4891000 -0.5200000
v -0.2529450 0.4891000 -0.5200000
v -0.3395700 0.6566000 -0.3600000
v 0.3395700 0.6566000 -0.3600000
vt 0.2032143 0.7300000
vt 0.0467857 0.7300000
vt 0.0200000 0.5200000
vt 0.2300000 0.5200000
vn 0.0000000 0.6907324 -0.7231105
vn 0.0000000 0.6907324 -0.7231105
vn 0.0000000 0.6907324 -0.7231105
vn 0.0000000 0.6907324 -0.7231105
f 33/33/33 34/34/34 35/35/35
f 33/33/33 35/35/35 36/36/36
v -0.2529450 0.4891000 -0.5200000
v -0.4599000 0.2641140 -0.5200000
v -0.6174000 0.3545640 -0.3600000
v -0.3395700 0.6566000 -0.3600000
vt 0.1403790 0.5200000
vt 0.0200000 0.6392481
vt 0.0683954 0.7300000
vt 0.2300000 0.5699136
vn -0.4933055 0.4537707 -0.7421198
vn -0.4933055 0.4537707 -0.7421198
vn -0.4933055 0.4537707 -0.7421198
vn -0.4933055 0.4537707 -0.7421198
f 37/37/37 38/38/38 39/39/39
f 37/37/37 39/39/39 40/40/40
v -0.4599000 0.2641140 -0.5200000
v -0.4599000 -0.2738960 -0.5200000
v -0.6174000 -0.3676960 -0.3600000
v -0.6174000 0.3545640 -0.3600000
vt 0.2037013 0.7300000
vt 0.0472727 0.7300000
vt 0.0200000 0.5200000
vt 0.2300000 0.5200000
vn -0.7126525 -0.0000000 -0.7015173
vn -0.7126525 -0.0000000 -0.7015173
vn -0.7126525 -0.0000000 -0.7015173
vn -0.7126525 -0.0000000 -0.7015173
f 41/41/41 42/42/42 43/43/43
f 41/41/41 43/43/43 44/44/44
v -0.4599000 -0.2738960 -0.5200000
v -0.2851380 -0.4891000 -0.5200000
v -0.3827880 -0.6566000 -0.3600000
v -0.6174000 -0.3676960 -0.3600000
vt 0.2300000 0.6304551
vt 0.1119118 0.5200000
vt 0.0200000 0.5817179
vt 0.1785294 0.7300000
vn -0.5135033 -0.4170037 -0.7499482
vn -0.5135033 -0.4170037 -0.7499482
vn -0.5135033 -0.4170037 -0.7499482
vn -0.5135033 -0.4170037 -0.7499482
f 45/45/45 46/46/46 47/47/47
f 45/45/45 47/47/47 48/48/48
v -0.3827880 -0.6566000 -0.3600000
v 0.3827880 -0.6566000 -0.3600000
v 0.3906000 -0.6700000 0.1200000
v -0.3906000 -0.6700000 0.1200000
vt 0.0221000 0.7300000
vt 0.2279000 0.7300000
vt 0.2300000 0.5200000
vt 0.0200000 0.5200000
vn 0.0000000 -0.9996106 -0.0279058
vn 0.0000000 -0.9996106 -0.0279058
vn 0.0000000 -0.9996106 -0.0279058
vn 0.0000000 -0.9996106 -0.0279058
f 49/49/49 50/50/50 51/51/51
f 49/49/49 51/51/51 52/52/52
v 0.3827880 -0.6566000 -0.3600000
v 0.6174000 -0.3676960 -0.3600000
v 0.6300000 -0.3752000 0.1200000
v 0.3906000 -0.6700000 0.1200000
vt 0.0200000 0.7206915
vt 0.0200000 0.5200000
vt 0.2300000 0.5252128
vt 0.2300000 0.7300000
vn 0.7759206 -0.6301064 -0.0302186
vn 0.7759206 -0.6301064 -0.0302186
vn 0.7759206 -0.6301064 -0.0302186
vn 0.7759206 -0.6301064 -0.0302186
f 53/53/53 54/54/54 55/55/55
f 53/53/53 55/55/55 56/56/56
v 0.6174000 -0.3676960 -0.3600000
v 0.6174000 0.3545640 -0.3600000
v 0.6300000 0.3618000 0.1200000
v 0.6300000 -0.3752000 0.1200000
vt 0.0221382 0.7300000
vt 0.2279382 0.7300000
vt 0.2300000 0.5200000
vt 0.0200000 0.5200000
vn 0.9996556 0.0000000 -0.0262410
vn 0.9996556 0.0000000 -0.0262410
vn 0.9996556 0.0000000 -0.0262410
vn 0.9996556 0.0000000 -0.0262410
f 57/57/57 58/58/58 59/59/59
f 57/57/57 59/59/59 60/60/60
v 0.6174000 0.3545640 -0.3600000
v 0.3395700 0.6566000 -0.3600000
v 0.3465000 0.6700000 0.1200000
v 0.6300000 0.3618000 0.1200000
vt 0.0200000 0.7300000
vt 0.0200000 0.5289210
vt 0.2300000 0.5200000
vt 0.2300000 0.7251827
vn 0.7356628 0.6767047 -0.0295125
vn 0.7356628 0.6767047 -0.0295125
vn 0.7356628 0.6767047 -0.0295125
vn 0.7356628 0.6767047 -0.0295125
f 61/61/61 62/62/62 63/63/63
f 61/61/61 63/63/63 64/64/64
v 0.3395700 0.6566000 -0.3600000
v -0.3395700 0.6566000 -0.3600000
v -0.3465000 0.6700000 0.1200000
v 0.3465000 0.6700000 0.1200000
vt 0.2279000 0.7300000
vt 0.0221000 0.7300000
vt 0.0200000 0.5200000
vt 0.2300000 0.5200000
vn 0.0000000 0.9996106 -0.0279058
vn 0.0000000 0.9996106 -0.0279058
vn 0.0000000 0.9996106 -0.0279058
vn 0.0000000 0.9996106 -0.0279058
f 65/65/65 66/66/66 67/67/67
f 65/65/65 67/67/67 68/68/68
v -0.3395700 0.6566000 -0.3600000
v -0.6174000 0.3545640 -0.3600000
v -0.6300000 0.3618000 0.1200000
v -0.3465000 0.6700000 0.1200000
vt 0.0200000 0.5289210
vt 0.0200000 0.7300000
vt 0.2300000 0.7251827
vt 0.2300000 0.5200000
vn -0.7356628 0.6767047 -0.0295125
vn -0.7356628 0.6767047 -0.0295125
vn -0.7356628 0.6767047 -0.0295125
vn -0.7356628 0.6767047 -0.0295125
f 69/69/69 70/70/70 71/71/71
f 69/69/69 71/71/71 72/72/72
v -0.6174000 0.3545640 -0.3600000
v -0.6174000 -0.3676960 -0.3600000
v -0.6300000 -0.3752000 0.1200000
v -0.6300000 0.3618000 0.1200000
vt 0.2279382 0.7300000
vt 0.0221382 0.7300000
vt 0.0200000 0.5200000
vt 0.2300000 0.5200000
vn -0.9996556 -0.0000000 -0.0262410
vn -0.9996556 -0.0000000 -0.0262410
vn -0.9996556 -0.0000000 -0.0262410
vn -0.9996556 -0.0000000 -0.0262410
f 73/73/73 74/74/74 75/75/75
f 73/73/73 75/75/75 76/76/76
v -0.6174000 -0.3676960 -0.3600000
v -0.3827880 -0.6566000 -0.3600000
v -0.3906000 -0.6700000 0.1200000
v -0.6300000 -0.3752000 0.1200000
vt 0.0200000 0.5200000
vt 0.0200000 0.7206915
vt 0.2300000 0.7300000
vt 0.2300000 0.5252128
vn -0.7759206 -0.6301064 -0.0302186
vn -0.7759206 -0.6301064 -0.0302186
vn -0.7759206 -0.6301064 -0.0302186
vn -0.7759206 -0.6301064 -0.0302186
f 77/77/77 78/78/78 79/79/79
f 77/77/77 79/79/79 80/80/80
v -0.3906000 -0.6700000 0.1200000
v 0.3906000 -0.6700000 0.1200000
v 0.3437280 -0.5896000 0.4300000
v -0.3437280 -0.5896000 0.4300000
vt 0.0200000 0.7300000
vt 0.2300000 0.7300000
vt 0.2174000 0.5200000
vt 0.0326000 0.5200000
vn 0.0000000 -0.9679744 0.2510488
vn 0.0000000 -0.9679744 0.2510488
vn 0.0000000 -0.9679744 0.2510488
vn 0.0000000 -0.9679744 0.2510488
f 81/81/81 82/82/82 83/83/83
f 81/81/81 83/83/83 84/84/84
v 0.3906000 -0.6700000 0.1200000
v 0.6300000 -0.3752000 0.1200000
v 0.5544000 -0.3301760 0.4300000
v 0.3437280 -0.5896000 0.4300000
vt 0.0200000 0.7300000
vt 0.0200000 0.5478233
vt 0.2300000 0.5200000
vt 0.2300000 0.6803155
vn 0.7473562 -0.6069100 0.2704053
vn 0.7473562 -0.6069100 0.2704053
vn 0.7473562 -0.6069100 0.2704053
vn 0.7473562 -0.6069100 0.2704053
f 85/85/85 86/86/86 87/87/87
f 85/85/85 87/87/87 88/88/88
v 0.6300000 -0.3752000 0.1200000
v 0.6300000 0.3618000 0.1200000
v 0.5544000 0.3183840 0.4300000
v 0.5544000 -0.3301760 0.4300000
vt 0.0200000 0.7300000
vt 0.2300000 0.7300000
vt 0.2176291 0.5200000
vt 0.0328291 0.5200000
vn 0.9715274 -0.0000000 0.2369273
vn 0.9715274 -0.0000000 0.2369273
vn 0.9715274 -0.0000000 0.2369273
vn 0.9715274 -0.0000000 0.2369273
f 89/89/89 90/90/90 91/91/91
f 89/89/89 91/91/91 92/92/92
v 0.6300000 0.3618000 0.1200000
v 0.3465000 0.6700000 0.1200000
v 0.3049200 0.5896000 0.4300000
v 0.5544000 0.3183840 0.4300000
vt 0.0200000 0.7040701
vt 0.0200000 0.5200000
vt 0.2300000 0.5680183
vt 0.2300000 0.7300000
vn 0.7097660 0.6528834 0.2645287
vn 0.7097660 0.6528834 0.2645287
vn 0.7097660 0.6528834 0.2645287
vn 0.7097660 0.6528834 0.2645287
f 93/93/93 94/94/94 95/95/95
f 93/93/93 95/95/95 96/96/96
v 0.3465000 0.6700000 0.1200000
v -0.3465000 0.6700000 0.1200000
v -0.3049200 0.5896000 0.4300000
v 0.3049200 0.5896000 0.4300000
vt 0.2300000 0.7300000
vt 0.0200000 0.7300000
vt 0.0326000 0.5200000
vt 0.2174000 0.5200000
vn 0.0000000 0.9679744 0.2510488
vn 0.0000000 0.9679744 0.2510488
vn 0.0000000 0.9679744 0.2510488
vn 0.0000000 0.9679744 0.2510488
f 97/97/97 98/98/98 99/99/99
f 97/97/97 99/99/99 100/100/100
v -0.3465000 0.6700000 0.1200000
v -0.6300000 0.3618000 0.1200000
v -0.5544000 0.3183840 0.4300000
v -0.3049200 0.5896000 0.4300000
vt 0.0200000 0.5200000
vt 0.0200000 0.7040701
vt 0.2300000 0.7300000
vt 0.2300000 0.5680183
vn -0.7097660 0.6528834 0.2645287
vn -0.7097660 0.6528834 0.2645287
vn -0.7097660 0.6528834 0.2645287
vn -0.7097660 0.6528834 0.2645287
f 101/101/101 102/102/102 103/103/103
f 101/101/101 103/103/103 104/104/104
v -0.6300000 0.3618000 0.1200000
v -0.6300000 -0.3752000 0.1200000
v -0.5544000 -0.3301760 0.4300000
v -0.5544000 0.3183840 0.4300000
vt 0.2300000 0.7300000
vt 0.0200000 0.7300000
vt 0.0328291 0.5200000
vt 0.2176291 0.5200000
vn -0.9715274 0.0000000 0.2369273
vn -0.9715274 0.0000000 0.2369273
vn -0.9715274 0.0000000 0.2369273
vn -0.9715274 0.0000000 0.2369273
f 105/105/105 106/106/106 107/107/107
f 105/105/105 107/107/107 108/108/108
v -0.6300000 -0.3752000 0.1200000
v -0.3906000 -0.6700000 0.1200000
v -0.3437280 -0.5896000 0.4300000
v -0.5544000 -0.3301760 0.4300000
vt 0.0200000 0.5478233
vt 0.0200000 0.7300000
vt 0.2300000 0.6803155
vt 0.2300000 0.5200000
vn -0.7473562 -0.6069100 0.2704053
vn -0.7473562 -0.6069100 0.2704053
vn -0.7473562 -0.6069100 0.2704053
vn -0.7473562 -0.6069100 0.2704053
f 109/109/109 110/110/110 111/111/111
f 109/109/109 111/111/111 112/112/112
v -0.3437280 -0.5896000 0.4300000
v 0.3437280 -0.5896000 0.4300000
v 0.2890440 -0.4958000 0.5300000
v -0.2890440 -0.4958000 0.5300000
vt 0.0200000 0.7300000
vt 0.2300000 0.7300000
vt 0.2132955 0.5200000
vt 0.0367045 0.5200000
vn 0.0000000 -0.7293552 0.6841352
vn 0.0000000 -0.7293552 0.6841352
vn 0.0000000 -0.7293552 0.6841352
vn 0.0000000 -0.7293552 0.6841352
f 113/113/113 114/114/114 115/115/115
f 113/113/113 115/115/115 116/116/116
v 0.3437280 -0.5896000 0.4300000
v 0.5544000 -0.3301760 0.4300000
v 0.4662000 -0.2776480 0.5300000
v 0.2890440 -0.4958000 0.5300000
vt 0.0200000 0.6867236
vt 0.1946392 0.5200000
vt 0.2300000 0.5898006
vt 0.0831443 0.7300000
vn 0.5445880 -0.4422469 0.7126301
vn 0.5445880 -0.4422469 0.7126301
vn 0.5445880 -0.4422469 0.7126301
vn 0.5445880 -0.4422469 0.7126301
f 117/117/117 118/118/118 119/119/119
f 117/117/117 119/119/119 120/120/120
v 0.5544000 -0.3301760 0.4300000
v 0.5544000 0.3183840 0.4300000
v 0.4662000 0.2677320 0.5300000
v 0.4662000 -0.2776480 0.5300000
vt 0.0200000 0.7300000
vt 0.2300000 0.7300000
vt 0.2135992 0.5200000
vt 0.0370083 0.5200000
vn 0.7499692 -0.0000000 0.6614728
vn 0.7499692 -0.0000000 0.6614728
vn 0.7499692 -0.0000000 0.6614728
vn 0.7499692 -0.0000000 0.6614728
f 121/121/121 122/122/122 123/123/123
f 121/121/121 123/123/123 124/124/124
v 0.5544000 0.3183840 0.4300000
v 0.3049200 0.5896000 0.4300000
v 0.2564100 0.4958000 0.5300000
v 0.4662000 0.2677320 0.5300000
vt 0.0530475 0.5200000
vt 0.2300000 0.6958140
vt 0.1688010 0.7300000
vt 0.0200000 0.5821564
vn 0.5224913 0.4806174 0.7042796
vn 0.5224913 0.4806174 0.7042796
vn 0.5224913 0.4806174 0.7042796
vn 0.5224913 0.4806174 0.7042796
f 125/125/125 126/126/126 127/127/127
f 125/125/125 127/127/127 128/128/128
v 0.3049200 0.5896000 0.4300000
v -0.3049200 0.5896000 0.4300000
v -0.2564100 0.4958000 0.5300000
v 0.2564100 0.4958000 0.5300000
vt 0.2300000 0.7300000
vt 0.0200000 0.7300000
vt 0.0367045 0.5200000
vt 0.2132955 0.5200000
vn 0.0000000 0.7293552 0.6841352
vn 0.0000000 0.7293552 0.6841352
vn 0.0000000 0.7293552 0.6841352
vn 0.0000000 0.7293552 0.6841352
f 129/129/129 130/130/130 131/131/131
f 129/129/129 131/131/131 132/132/132
v -0.3049200 0.5896000 0.4300000
v -0.5544000 0.3183840 0.4300000
v -0.4662000 0.2677320 0.5300000
v -0.2564100 0.4958000 0.5300000
vt 0.2300000 0.5541860
vt 0.0530475 0.7300000
vt 0.0200000 0.6678436
vt 0.1688010 0.5200000
vn -0.5224913 0.4806174 0.7042796
vn -0.5224913 0.4806174 0.7042796
vn -0.5224913 0.4806174 0.7042796
vn -0.5224913 0.4806174 0.7042796
f 133/133/133 134/134/134 135/135/135
f 133/133/133 135/135/135 136/136/136
v -0.5544000 0.3183840 0.4300000
v -0.5544000 -0.3301760 0.4300000
v -0.4662000 -0.2776480 0.5300000
v -0.4662000 0.2677320 0.5300000
vt 0.2300000 0.7300000
vt 0.0200000 0.7300000
vt 0.0370083 0.5200000
vt 0.2135992 0.5200000
vn -0.7499692 0.0000000 0.6614728
vn -0.7499692 0.0000000 0.6614728
vn -0.7499692 0.0000000 0.6614728
vn -0.7499692 0.0000000 0.6614728
f 137/137/137 138/138/138 139/139/139
f 137/137/137 139/139/139 140/140/140
v -0.5544000 -0.3301760 0.4300000
v -0.3437280 -0.5896000 0.4300000
v -0.2890440 -0.4958000 0.5300000
v -0.4662000 -0.2776480 0.5300000
vt 0.1946392 0.7300000
vt 0.0200000 0.5632764
vt 0.0831443 0.5200000
vt 0.2300000 0.6601994
vn -0.5445880 -0.4422469 0.7126301
vn -0.5445880 -0.4422469 0.7126301
vn -0.5445880 -0.4422469 0.7126301
vn -0.5445880 -0.4422469 0.7126301
f 141/141/141 142/142/142 143/143/143
f 141/141/141 143/143/143 144/144/144
v -0.4000000 -0.4100000 -0.1600000
v 0.4000000 -0.4100000 -0.1600000
v 0.4000000 -0.6500000 -0.1600000
v -0.4000000 -0.6500000 -0.1600000
vt 0.5200000 0.7700000
vt 0.7300000 0.7700000
vt 0.7300000 0.9800000
vt 0.5200000 0.9800000
vn 0.0000000 0.0000000 -1.0000000
vn 0.0000000 0.0000000 -1.0000000
vn 0.0000000 0.0000000 -1.0000000
vn 0.0000000 0.0000000 -1.0000000
f 145/145/145 146/146/146 147/147/147
f 145/145/145 147/147/147 148/148/148
v -0.4000000 -0.6500000 0.3600000
v 0.4000000 -0.6500000 0.3600000
v 0.4000000 -0.4100000 0.3600000
v -0.4000000 -0.4100000 0.3600000
vt 0.5200000 0.9800000
vt 0.7300000 0.9800000
vt 0.7300000 0.7700000
vt 0.5200000 0.7700000
vn 0.0000000 0.0000000 1.0000000
vn 0.0000000 0.0000000 1.0000000
vn 0.0000000 0.0000000 1.0000000
vn 0.0000000 0.0000000 1.0000000
f 149/149/149 150/150/150 151/151/151
f 149/149/149 151/151/151 152/152/152
v -0.4000000 -0.6500000 -0.1600000
v 0.4000000 -0.6500000 -0.1600000
v 0.4000000 -0.6500000 0.3600000
v -0.4000000 -0.6500000 0.3600000
vt 0.5200000 0.9800000
vt 0.7300000 0.9800000
vt 0.7300000 0.7700000
vt 0.5200000 0.7700000
vn 0.0000000 -1.0000000 0.0000000
vn 0.0000000 -1.0000000 0.0000000
vn 0.0000000 -1.0000000 0.0000000
vn 0.0000000 -1.0000000 0.0000000
f 153/153/153 154/154/154 155/155/155
f 153/153/153 155/155/155 156/156/156
v 0.4000000 -0.6500000 -0.1600000
v 0.4000000 -0.4100000 -0.1600000
v 0.4000000 -0.4100000 0.3600000
v 0.4000000 -0.6500000 0.3600000
vt 0.5200000 0.9800000
vt 0.7300000 0.9800000
vt 0.7300000 0.7700000
vt 0.5200000 0.7700000
vn 1.0000000 0.0000000 0.0000000
vn 1.0000000 0.0000000 0.0000000
vn 1.0000000 0.0000000 0.0000000
vn 1.0000000 0.0000000 0.0000000
f 157/157/157 158/158/158 159/159/159
f 157/157/157 159/159/159 160/160/160
v 0.4000000 -0.4100000 -0.1600000
v -0.4000000 -0.4100000 -0.1600000
v -0.4000000 -0.4100000 0.3600000
v 0.4000000 -0.4100000 0.3600000
vt 0.7300000 0.9800000
vt 0.5200000 0.9800000
vt 0.5200000 0.7700000
vt 0.7300000 0.7700000
vn 0.0000000 1.0000000 0.0000000
vn 0.0000000 1.0000000 0.0000000
vn 0.0000000 1.0000000 0.0000000
vn 0.0000000 1.0000000 0.0000000
f 161/161/161 162/162/162 163/163/163
f 161/161/161 163/163/163 164/164/164
v -0.4000000 -0.4100000 -0.1600000
v -0.4000000 -0.6500000 -0.1600000
v -0.4000000 -0.6500000 0.3600000
v -0.4000000 -0.4100000 0.3600000
vt 0.7300000 0.9800000
vt 0.5200000 0.9800000
vt 0.5200000 0.7700000
vt 0.7300000 0.7700000
vn -1.0000000 0.0000000 0.0000000
vn -1.0000000 0.0000000 0.0000000
vn -1.0000000 0.0000000 0.0000000
vn -1.0000000 0.0000000 0.0000000
f 165/165/165 166/166/166 167/167/167
f 165/165/165 167/167/167 168/168/168
v -0.1700000 -0.6100000 0.0800000
v -0.1763627 -0.5698278 0.0800000
v -0.1525862 -0.5621024 0.2200000
v -0.1450000 -0.6100000 0.2200000
vt 0.0200000 0.7300000
vt 0.1961290 0.7300000
vt 0.2300000 0.5200000
vt 0.0200000 0.5200000
vn 0.9726755 0.1540567 -0.1736921
vn 0.9726755 0.1540567 -0.1736921
vn 0.9726755 0.1540567 -0.1736921
vn 0.9726755 0.1540567 -0.1736921
f 169/169/169 170/170/170 171/171/171
f 169/169/169 171/171/171 172/172/172
v -0.1763627 -0.5698278 0.0800000
v -0.1948278 -0.5335879 0.0800000
v -0.1746024 -0.5188933 0.2200000
v -0.1525862 -0.5621024 0.2200000
vt 0.0200000 0.7300000
vt 0.0200000 0.5805851
vt 0.2300000 0.5200000
vt 0.2300000 0.6981485
vn 0.8774632 0.4470899 -0.1736921
vn 0.8774632 0.4470899 -0.1736921
vn 0.8774632 0.4470899 -0.1736921
vn 0.8774632 0.4470899 -0.1736921
f 173/173/173 174/174/174 175/175/175
f 173/173/173 175/175/175 176/176/176
v -0.1948278 -0.5335879 0.0800000
v -0.2235879 -0.5048278 0.0800000
v -0.2088933 -0.4846024 0.2200000
v -0.1746024 -0.5188933 0.2200000
vt 0.0200000 0.7300000
vt 0.0200000 0.6067060
vt 0.2300000 0.5200000
vt 0.2300000 0.6670044
vn 0.6963588 0.6963588 -0.1736921
vn 0.6963588 0.6963588 -0.1736921
vn 0.6963588 0.6963588 -0.1736921
vn 0.6963588 0.6963588 -0.1736921
f 177/177/177 178/178/178 179/179/179
f 177/177/177 179/179/179 180/180/180
v -0.2235879 -0.5048278 0.0800000
v -0.2598278 -0.4863627 0.0800000
v -0.2521024 -0.4625862 0.2200000
v -0.2088933 -0.4846024 0.2200000
vt 0.0200000 0.5805851
vt 0.0200000 0.7300000
vt 0.2300000 0.6981485
vt 0.2300000 0.5200000
vn 0.4470899 0.8774632 -0.1736921
vn 0.4470899 0.8774632 -0.1736921
vn 0.4470899 0.8774632 -0.1736921
vn 0.4470899 0.8774632 -0.1736921
f 181/181/181 182/182/182 183/183/183
f 181/181/181 183/183/183 184/184/184
v -0.2598278 -0.4863627 0.0800000
v -0.3000000 -0.4800000 0.0800000
v -0.3000000 -0.4550000 0.2200000
v -0.2521024 -0.4625862 0.2200000
vt 0.1961290 0.7300000
vt 0.0200000 0.7300000
vt 0.0200000 0.5200000
vt 0.2300000 0.5200000
vn 0.1540567 0.9726755 -0.1736921
vn 0.1540567 0.9726755 -0.1736921
vn 0.1540567 0.9726755 -0.1736921
vn 0.1540567 0.9726755 -0.1736921
f 185/185/185 186/186/186 187/187/187
f 185/185/185 187/187/187 188/188/188
v -0.3000000 -0.4800000 0.0800000
v -0.3401722 -0.4863627 0.0800000
v -0.3478976 -0.4625862 0.2200000
v -0.3000000 -0.4550000 0.2200000
vt 0.2300000 0.7300000
vt 0.0538710 0.7300000
vt 0.0200000 0.5200000
vt 0.2300000 0.5200000
vn -0.1540567 0.9726755 -0.1736921
vn -0.1540567 0.9726755 -0.1736921
vn -0.1540567 0.9726755 -0.1736921
vn -0.1540567 0.9726755 -0.1736921
f 189/189/189 190/190/190 191/191/191
f 189/189/189 191/191/191 192/192/192
v -0.3401722 -0.4863627 0.0800000
v -0.3764121 -0.5048278 0.0800000
v -0.3911067 -0.4846024 0.2200000
v -0.3478976 -0.4625862 0.2200000
vt 0.0200000 0.5200000
vt 0.0200000 0.6694149
vt 0.2300000 0.7300000
vt 0.2300000 0.5518515
vn -0.4470899 0.8774632 -0.1736921
vn -0.4470899 0.8774632 -0.1736921
vn -0.4470899 0.8774632 -0.1736921
vn -0.4470899 0.8774632 -0.1736921
f 193/193/193 194/194/194 195/195/195
f 193/193/193 195/195/195 196/196/196
v -0.3764121 -0.5048278 0.0800000
v -0.4051722 -0.5335879 0.0800000
v -0.4253976 -0.5188933 0.2200000
v -0.3911067 -0.4846024 0.2200000
vt 0.0200000 0.5200000
vt 0.0200000 0.6432940
vt 0.2300000 0.7300000
vt 0.2300000 0.5829956
vn -0.6963588 0.6963588 -0.1736921
vn -0.6963588 0.6963588 -0.1736921
vn -0.6963588 0.6963588 -0.1736921
vn -0.6963588 0.6963588 -0.1736921
f 197/197/197 198/198/198 199/199/199
f 197/197/197 199/199/199 200/200/200
v -0.4051722 -0.5335879 0.0800000
v -0.4236373 -0.5698278 0.0800000
v -0.4474138 -0.5621024 0.2200000
v -0.4253976 -0.5188933 0.2200000
vt 0.0200000 0.5805851
vt 0.0200000 0.7300000
vt 0.2300000 0.6981485
vt 0.2300000 0.5200000
vn -0.8774632 0.4470899 -0.1736921
vn -0.8774632 0.4470899 -0.1736921
vn -0.8774632 0.4470899 -0.1736921
vn -0.8774632 0.4470899 -0.1736921
f 201/201/201 202/202/202 203/203/203
f 201/201/201 203/203/203 204/204/204
v -0.4236373 -0.5698278 0.0800000
v -0.4300000 -0.6100000 0.0800000
v -0.4550000 -0.6100000 0.2200000
v -0.4474138 -0.5621024 0.2200000
vt 0.1961290 0.7300000
vt 0.0200000 0.7300000
vt 0.0200000 0.5200000
vt 0.2300000 0.5200000
vn -0.9726755 0.1540567 -0.1736921
vn -0.9726755 0.1540567 -0.1736921
vn -0.9726755 0.1540567 -0.1736921
vn -0.9726755 0.1540567 -0.1736921
f 205/205/205 206/206/206 207/207/207
f 205/205/205 207/207/207 208/208/208
v -0.4300000 -0.6100000 0.0800000
v -0.4236373 -0.6501722 0.0800000
v -0.4474138 -0.6578976 0.2200000
v -0.4550000 -0.6100000 0.2200000
vt 0.2300000 0.7300000
vt 0.0538710 0.7300000
vt 0.0200000 0.5200000
vt 0.2300000 0.5200000
vn -0.9726755 -0.1540567 -0.1736921
vn -0.9726755 -0.1540567 -0.1736921
vn -0.9726755 -0.1540567 -0.1736921
vn -0.9726755 -0.1540567 -0.1736921
f 209/209/209 210/210/210 211/211/211
f 209/209/209 211/211/211 212/212/212
v -0.4236373 -0.6501722 0.0800000
v -0.4051722 -0.6864121 0.0800000
v -0.4253976 -0.7011067 0.2200000
v -0.4474138 -0.6578976 0.2200000
vt 0.0200000 0.5200000
vt 0.0200000 0.6694149
vt 0.2300000 0.7300000
vt 0.2300000 0.5518515
vn -0.8774632 -0.4470899 -0.1736921
vn -0.8774632 -0.4470899 -0.1736921
vn -0.8774632 -0.4470899 -0.1736921
vn -0.8774632 -0.4470899 -0.1736921
f 213/213/213 214/214/214 215/215/215
f 213/213/213 215/215/215 216/216/216
v -0.4051722 -0.6864121 0.0800000
v -0.3764121 -0.7151722 0.0800000
v -0.3911067 -0.7353976 0.2200000
v -0.4253976 -0.7011067 0.2200000
vt 0.0200000 0.5200000
vt 0.0200000 0.6432940
vt 0.2300000 0.7300000
vt 0.2300000 0.5829956
vn -0.6963588 -0.6963588 -0.1736921
vn -0.6963588 -0.6963588 -0.1736921
vn -0.6963588 -0.6963588 -0.1736921
vn -0.6963588 -0.6963588 -0.1736921
f 217/217/217 218/218/218 219/219/219
f 217/217/217 219/219/219 220/220/220
v -0.3764121 -0.7151722 0.0800000
v -0.3401722 -0.7336373 0.0800000
v -0.3478976 -0.7574138 0.2200000
v -0.3911067 -0.7353976 0.2200000
vt 0.0200000 0.6694149
vt 0.0200000 0.5200000
vt 0.2300000 0.5518515
vt 0.2300000 0.7300000
vn -0.4470899 -0.8774632 -0.1736921
vn -0.4470899 -0.8774632 -0.1736921
vn -0.4470899 -0.8774632 -0.1736921
vn -0.4470899 -0.8774632 -0.1736921
f 221/221/221 222/222/222 223/223/223
f 221/221/221 223/223/223 224/224/224
v -0.3401722 -0.7336373 0.0800000
v -0.3000000 -0.7400000 0.0800000
v -0.3000000 -0.7650000 0.2200000
v -0.3478976 -0.7574138 0.2200000
vt 0.0538710 0.7300000
vt 0.2300000 0.7300000
vt 0.2300000 0.5200000
vt 0.0200000 0.5200000
vn -0.1540567 -0.9726755 -0.1736921
vn -0.1540567 -0.9726755 -0.1736921
vn -0.1540567 -0.9726755 -0.1736921
vn -0.1540567 -0.9726755 -0.1736921
f 225/225/225 226/226/226 227/227/227
f 225/225/225 227/227/227 228/228/228
v -0.3000000 -0.7400000 0.0800000
v -0.2598278 -0.7336373 0.0800000
v -0.2521024 -0.7574138 0.2200000
v -0.3000000 -0.7650000 0.2200000
vt 0.0200000 0.7300000
vt 0.1961290 0.7300000
vt 0.2300000 0.5200000
vt 0.0200000 0.5200000
vn 0.1540567 -0.9726755 -0.1736921
vn 0.1540567 -0.9726755 -0.1736921
vn 0.1540567 -0.9726755 -0.1736921
vn 0.1540567 -0.9726755 -0.1736921
f 229/229/229 230/230/230 231/231/231
f 229/229/229 231/231/231 232/232/232
v -0.2598278 -0.7336373 0.0800000
v -0.2235879 -0.7151722 0.0800000
v -0.2088933 -0.7353976 0.2200000
v -0.2521024 -0.7574138 0.2200000
vt 0.0200000 0.7300000
vt 0.0200000 0.5805851
vt 0.2300000 0.5200000
vt 0.2300000 0.6981485
vn 0.4470899 -0.8774632 -0.1736921
vn 0.4470899 -0.8774632 -0.1736921
vn 0.4470899 -0.8774632 -0.1736921
vn 0.4470899 -0.8774632 -0.1736921
f 233/233/233 234/234/234 235/235/235
f 233/233/233 235/235/235 236/236/236
v -0.2235879 -0.7151722 0.0800000
v -0.1948278 -0.6864121 0.0800000
v -0.1746024 -0.7011067 0.2200000
v -0.2088933 -0.7353976 0.2200000
vt 0.0200000 0.7300000
vt 0.0200000 0.6067060
vt 0.2300000 0.5200000
vt 0.2300000 0.6670044
vn 0.6963588 -0.6963588 -0.1736921
vn 0.6963588 -0.6963588 -0.1736921
vn 0.6963588 -0.6963588 -0.1736921
vn 0.6963588 -0.6963588 -0.1736921
f 237/237/237 238/238/238 239/239/239
f 237/237/237 239/239/239 240/240/240
v -0.1948278 -0.6864121 0.0800000
v -0.1763627 -0.6501722 0.0800000
v -0.1525862 -0.6578976 0.2200000
v -0.1746024 -0.7011067 0.2200000
vt 0.0200000 0.6694149
vt 0.0200000 0.5200000
vt 0.2300000 0.5518515
vt 0.2300000 0.7300000
vn 0.8774632 -0.4470899 -0.1736921
vn 0.8774632 -0.4470899 -0.1736921
vn 0.8774632 -0.4470899 -0.1736921
vn 0.8774632 -0.4470899 -0.1736921
f 241/241/241 242/242/242 243/243/243
f 241/241/241 243/243/243 244/244/244
v -0.1763627 -0.6501722 0.0800000
v -0.1700000 -0.6100000 0.0800000
v -0.1450000 -0.6100000 0.2200000
v -0.1525862 -0.6578976 0.2200000
vt 0.0538710 0.7300000
vt 0.2300000 0.7300000
vt 0.2300000 0.5200000
vt 0.0200000 0.5200000
vn 0.9726755 -0.1540567 -0.1736921
vn 0.9726755 -0.1540567 -0.1736921
vn 0.9726755 -0.1540567 -0.1736921
vn 0.9726755 -0.1540567 -0.1736921
f 245/245/245 246/246/246 247/247/247
f 245/245/245 247/247/247 248/248/248
v -0.1450000 -0.6100000 0.2200000
v -0.1525862 -0.5621024 0.2200000
v -0.1525862 -0.5621024 0.3000000
v -0.1450000 -0.6100000 0.3000000
vt 0.0200000 0.7300000
vt 0.0200000 0.5200000
vt 0.2300000 0.5200000
vt 0.2300000 0.7300000
vn 0.9876883 0.1564345 0.0000000
vn 0.9876883 0.1564345 0.0000000
vn 0.9876883 0.1564345 0.0000000
vn 0.9876883 0.1564345 0.0000000
f 249/249/249 250/250/250 251/251/251
f 249/249/249 251/251/251 252/252/252
v -0.1525862 -0.5621024 0.2200000
v -0.1746024 -0.5188933 0.2200000
v -0.1746024 -0.5188933 0.3000000
v -0.1525862 -0.5621024 0.3000000
vt 0.0200000 0.7300000
vt 0.0200000 0.5200000
vt 0.2300000 0.5200000
vt 0.2300000 0.7300000
vn 0.8910065 0.4539905 0.0000000
vn 0.8910065 0.4539905 0.0000000
vn 0.8910065 0.4539905 0.0000000
vn 0.8910065 0.4539905 0.0000000
f 253/253/253 254/254/254 255/255/255
f 253/253/253 255/255/255 256/256/256
v -0.1746024 -0.5188933 0.2200000
v -0.2088933 -0.4846024 0.2200000
v -0.2088933 -0.4846024 0.3000000
v -0.1746024 -0.5188933 0.3000000
vt 0.0200000 0.7300000
vt 0.0200000 0.5200000
vt 0.2300000 0.5200000
vt 0.2300000 0.7300000
vn 0.7071068 0.7071068 0.0000000
vn 0.7071068 0.7071068 0.0000000
vn 0.7071068 0.7071068 0.0000000
vn 0.7071068 0.7071068 0.0000000
f 257/257/257 258/258/258 259/259/259
f 257/257/257 259/259/259 260/260/260
v -0.2088933 -0.4846024 0.2200000
v -0.2521024 -0.4625862 0.2200000
v -0.2521024 -0.4625862 0.3000000
v -0.2088933 -0.4846024 0.3000000
vt 0.0200000 0.5200000
vt 0.0200000 0.7300000
vt 0.2300000 0.7300000
vt 0.2300000 0.5200000
vn 0.4539905 0.8910065 0.0000000
vn 0.4539905 0.8910065 0.0000000
vn 0.4539905 0.8910065 0.0000000
vn 0.4539905 0.8910065 0.0000000
f 261/261/261 262/262/262 263/263/263
f 261/261/261 263/263/263 264/264/264
v -0.2521024 -0.4625862 0.2200000
v -0.3000000 -0.4550000 0.2200000
v -0.3000000 -0.4550000 0.3000000
v -0.2521024 -0.4625862 0.3000000
vt 0.0200000 0.5200000
vt 0.0200000 0.7300000
vt 0.2300000 0.7300000
vt 0.2300000 0.5200000
vn 0.1564345 0.9876883 0.0000000
vn 0.1564345 0.9876883 0.0000000
vn 0.1564345 0.9876883 0.0000000
vn 0.1564345 0.9876883 0.0000000
f 265/265/265 266/266/266 267/267/267
f 265/265/265 267/267/267 268/268/268
v -0.3000000 -0.4550000 0.2200000
v -0.3478976 -0.4625862 0.2200000
v -0.3478976 -0.4625862 0.3000000
v -0.3000000 -0.4550000 0.3000000
vt 0.0200000 0.5200000
vt 0.0200000 0.7300000
vt 0.2300000 0.7300000
vt 0.2300000 0.5200000
vn -0.1564345 0.9876883 0.0000000
vn -0.1564345 0.9876883 0.0000000
vn -0.1564345 0.9876883 0.0000000
vn -0.1564345 0.9876883 0.0000000
f 269/269/269 270/270/270 271/271/271
f 269/269/269 271/271/271 272/272/272
v -0.3478976 -0.4625862 0.2200000
v -0.3911067 -0.4846024 0.2200000
v -0.3911067 -0.4846024 0.3000000
v -0.3478976 -0.4625862 0.3000000
vt 0.0200000 0.5200000
vt 0.0200000 0.7300000
vt 0.2300000 0.7300000
vt 0.2300000 0.5200000
vn -0.4539905 0.8910065 0.0000000
vn -0.4539905 0.8910065 0.0000000
vn -0.4539905 0.8910065 0.0000000
vn -0.4539905 0.8910065 0.0000000
f 273/273/273 274/274/274 275/275/275
f 273/273/273 275/275/275 276/276/276
v -0.3911067 -0.4846024 0.2200000
v -0.4253976 -0.5188933 0.2200000
v -0.4253976 -0.5188933 0.3000000
v -0.3911067 -0.4846024 0.3000000
vt 0.0200000 0.5200000
vt 0.0200000 0.7300000
vt 0.2300000 0.7300000
vt 0.2300000 0.5200000
vn -0.7071068 0.7071068 0.0000000
vn -0.7071068 0.7071068 0.0000000
vn -0.7071068 0.7071068 0.0000000
vn -0.7071068 0.7071068 0.0000000
f 277/277/277 278/278/278 279/279/279
f 277/277/277 279/279/279 280/280/280
v -0.4253976 -0.5188933 0.2200000
v -0.4474138 -0.5621024 0.2200000
v -0.4474138 -0.5621024 0.3000000
v -0.4253976 -0.5188933 0.3000000
vt 0.0200000 0.5200000
vt 0.0200000 0.7300000
vt 0.2300000 0.7300000
vt 0.2300000 0.5200000
vn -0.8910065 0.4539905 0.0000000
vn -0.8910065 0.4539905 0.0000000
vn -0.8910065 0.4539905 0.0000000
vn -0.8910065 0.4539905 0.0000000
f 281/281/281 282/282/282 283/283/283
f 281/281/281 283/283/283 284/284/284
v -0.4474138 -0.5621024 0.2200000
v -0.4550000 -0.6100000 0.2200000
v -0.4550000 -0.6100000 0.3000000
v -0.4474138 -0.5621024 0.3000000
vt 0.0200000 0.5200000
vt 0.0200000 0.7300000
vt 0.2300000 0.7300000
vt 0.2300000 0.5200000
vn -0.9876883 0.1564345 0.0000000
vn -0.9876883 0.1564345 0.0000000
vn -0.9876883 0.1564345 0.0000000
vn -0.9876883 0.1564345 0.0000000
f 285/285/285 286/286/286 287/287/287
f 285/285/285 287/287/287 288/288/288
v -0.4550000 -0.6100000 0.2200000
v -0.4474138 -0.6578976 0.2200000
v -0.4474138 -0.6578976 0.3000000
v -0.4550000 -0.6100000 0.3000000
vt 0.0200000 0.5200000
vt 0.0200000 0.7300000
vt 0.2300000 0.7300000
vt 0.2300000 0.5200000
vn -0.9876883 -0.1564345 0.0000000
vn -0.9876883 -0.1564345 0.0000000
vn -0.9876883 -0.1564345 0.0000000
vn -0.9876883 -0.1564345 0.0000000
f 289/289/289 290/290/290 291/291/291
f 289/289/289 291/291/291 292/292/292
v -0.4474138 -0.6578976 0.2200000
v -0.4253976 -0.7011067 0.2200000
v -0.4253976 -0.7011067 0.3000000
v -0.4474138 -0.6578976 0.3000000
vt 0.0200000 0.5200000
vt 0.0200000 0.7300000
vt 0.2300000 0.7300000
vt 0.2300000 0.5200000
vn -0.8910065 -0.4539905 0.0000000
vn -0.8910065 -0.4539905 0.0000000
vn -0.8910065 -0.4539905 0.0000000
vn -0.8910065 -0.4539905 0.0000000
f 293/293/293 294/294/294 295/295/295
f 293/293/293 295/295/295 296/296/296
v -0.4253976 -0.7011067 0.2200000
v -0.3911067 -0.7353976 0.2200000
v -0.3911067 -0.7353976 0.3000000
v -0.4253976 -0.7011067 0.3000000
vt 0.0200000 0.7300000
vt 0.0200000 0.5200000
vt 0.2300000 0.5200000
vt 0.2300000 0.7300000
vn -0.7071068 -0.7071068 0.0000000
vn -0.7071068 -0.7071068 0.0000000
vn -0.7071068 -0.7071068 0.0000000
vn -0.7071068 -0.7071068 0.0000000
f 297/297/297 298/298/298 299/299/299
f 297/297/297 299/299/299 300/300/300
v -0.3911067 -0.7353976 0.2200000
v -0.3478976 -0.7574138 0.2200000
v -0.3478976 -0.7574138 0.3000000
v -0.3911067 -0.7353976 0.3000000
vt 0.0200000 0.7300000
vt 0.0200000 0.5200000
vt 0.2300000 0.5200000
vt 0.2300000 0.7300000
vn -0.4539905 -0.8910065 0.0000000
vn -0.4539905 -0.8910065 0.0000000
vn -0.4539905 -0.8910065 0.0000000
vn -0.4539905 -0.8910065 0.0000000
f 301/301/301 302/302/302 303/303/303
f 301/301/301 303/303/303 304/304/304
v -0.3478976 -0.7574138 0.2200000
v -0.3000000 -0.7650000 0.2200000
v -0.3000000 -0.7650000 0.3000000
v -0.3478976 -0.7574138 0.3000000
vt 0.0200000 0.7300000
vt 0.0200000 0.5200000
vt 0.2300000 0.5200000
vt 0.2300000 0.7300000
vn -0.1564345 -0.9876883 0.0000000
vn -0.1564345 -0.9876883 0.0000000
vn -0.1564345 -0.9876883 0.0000000
vn -0.1564345 -0.9876883 0.0000000
f 305/305/305 306/306/306 307/307/307
f 305/305/305 307/307/307 308/308/308
v -0.3000000 -0.7650000 0.2200000
v -0.2521024 -0.7574138 0.2200000
v -0.2521024 -0.7574138 0.3000000
v -0.3000000 -0.7650000 0.3000000
vt 0.0200000 0.7300000
vt 0.0200000 0.5200000
vt 0.2300000 0.5200000
vt 0.2300000 0.7300000
vn 0.1564345 -0.9876883 0.0000000
vn 0.1564345 -0.9876883 0.0000000
vn 0.1564345 -0.9876883 0.0000000
vn 0.1564345 -0.9876883 0.0000000
f 309/309/309 310/310/310 311/311/311
f 309/309/309 311/311/311 312/312/312
v -0.2521024 -0.7574138 0.2200000
v -0.2088933 -0.7353976 0.2200000
v -0.2088933 -0.7353976 0.3000000
v -0.2521024 -0.7574138 0.3000000
vt 0.0200000 0.7300000
vt 0.0200000 0.5200000
vt 0.2300000 0.5200000
vt 0.2300000 0.7300000
vn 0.4539905 -0.8910065 0.0000000
vn 0.4539905 -0.8910065 0.0000000
vn 0.4539905 -0.8910065 0.0000000
vn 0.4539905 -0.8910065 0.0000000
f 313/313/313 314/314/314 315/315/315
f 313/313/313 315/315/315 316/316/316
v -0.2088933 -0.7353976 0.2200000
v -0.1746024 -0.7011067 0.2200000
v -0.1746024 -0.7011067 0.3000000
v -0.2088933 -0.7353976 0.3000000
vt 0.0200000 0.7300000
vt 0.0200000 0.5200000
vt 0.2300000 0.5200000
vt 0.2300000 0.7300000
vn 0.7071068 -0.7071068 0.0000000
vn 0.7071068 -0.7071068 0.0000000
vn 0.7071068 -0.7071068 0.0000000
vn 0.7071068 -0.7071068 0.0000000
f 317/317/317 318/318/318 319/319/319
f 317/317/317 319/319/319 320/320/320
v -0.1746024 -0.7011067 0.2200000
v -0.1525862 -0.6578976 0.2200000
v -0.1525862 -0.6578976 0.3000000
v -0.1746024 -0.7011067 0.3000000
vt 0.0200000 0.7300000
vt 0.0200000 0.5200000
vt 0.2300000 0.5200000
vt 0.2300000 0.7300000
vn 0.8910065 -0.4539905 0.0000000
vn 0.8910065 -0.4539905 0.0000000
vn 0.8910065 -0.4539905 0.0000000
vn 0.8910065 -0.4539905 0.0000000
f 321/321/321 322/322/322 323/323/323
f 321/321/321 323/323/323 324/324/324
v -0.1525862 -0.6578976 0.2200000
v -0.1450000 -0.6100000 0.2200000
v -0.1450000 -0.6100000 0.3000000
v -0.1525862 -0.6578976 0.3000000
vt 0.0200000 0.7300000
vt 0.0200000 0.5200000
vt 0.2300000 0.5200000
vt 0.2300000 0.7300000
vn 0.9876883 -0.1564345 0.0000000
vn 0.9876883 -0.1564345 0.0000000
vn 0.9876883 -0.1564345 0.0000000
vn 0.9876883 -0.1564345 0.0000000
f 325/325/325 326/326/326 327/327/327
f 325/325/325 327/327/327 328/328/328
v -0.1450000 -0.6100000 0.3000000
v -0.1525862 -0.5621024 0.3000000
v -0.1906285 -0.5744630 0.6300000
v -0.1850000 -0.6100000 0.6300000
vt 0.0200000 0.7300000
vt 0.0200000 0.5200000
vt 0.2300000 0.5741935
vt 0.2300000 0.7300000
vn 0.9806853 0.1553253 0.1188710
vn 0.9806853 0.1553253 0.1188710
vn 0.9806853 0.1553253 0.1188710
vn 0.9806853 0.1553253 0.1188710
f 329/329/329 330/330/330 331/331/331
f 329/329/329 331/331/331 332/332/332
v -0.1525862 -0.5621024 0.3000000
v -0.1746024 -0.5188933 0.3000000
v -0.2069630 -0.5424047 0.6300000
v -0.1906285 -0.5744630 0.6300000
vt 0.0200000 0.6832886
vt 0.0200000 0.5200000
vt 0.2300000 0.6088504
vt 0.2300000 0.7300000
vn 0.8846890 0.4507716 0.1188710
vn 0.8846890 0.4507716 0.1188710
vn 0.8846890 0.4507716 0.1188710
vn 0.8846890 0.4507716 0.1188710
f 333/333/333 334/334/334 335/335/335
f 333/333/333 335/335/335 336/336/336
v -0.1746024 -0.5188933 0.3000000
v -0.2088933 -0.4846024 0.3000000
v -0.2324047 -0.5169630 0.6300000
v -0.2069630 -0.5424047 0.6300000
vt 0.0200000 0.6445814
vt 0.0200000 0.5200000
vt 0.2300000 0.6375687
vt 0.2300000 0.7300000
vn 0.7020932 0.7020932 0.1188710
vn 0.7020932 0.7020932 0.1188710
vn 0.7020932 0.7020932 0.1188710
vn 0.7020932 0.7020932 0.1188710
f 337/337/337 338/338/338 339/339/339
f 337/337/337 339/339/339 340/340/340
v -0.2088933 -0.4846024 0.3000000
v -0.2521024 -0.4625862 0.3000000
v -0.2644630 -0.5006285 0.6300000
v -0.2324047 -0.5169630 0.6300000
vt 0.0200000 0.5200000
vt 0.0200000 0.6832886
vt 0.2300000 0.7300000
vt 0.2300000 0.6088504
vn 0.4507716 0.8846890 0.1188710
vn 0.4507716 0.8846890 0.1188710
vn 0.4507716 0.8846890 0.1188710
vn 0.4507716 0.8846890 0.1188710
f 341/341/341 342/342/342 343/343/343
f 341/341/341 343/343/343 344/344/344
v -0.2521024 -0.4625862 0.3000000
v -0.3000000 -0.4550000 0.3000000
v -0.3000000 -0.4950000 0.6300000
v -0.2644630 -0.5006285 0.6300000
vt 0.0200000 0.5200000
vt 0.0200000 0.7300000
vt 0.2300000 0.7300000
vt 0.2300000 0.5741935
vn 0.1553253 0.9806853 0.1188710
vn 0.1553253 0.9806853 0.1188710
vn 0.1553253 0.9806853 0.1188710
vn 0.1553253 0.9806853 0.1188710
f 345/345/345 346/346/346 347/347/347
f 345/345/345 347/347/347 348/348/348
v -0.3000000 -0.4550000 0.3000000
v -0.3478976 -0.4625862 0.3000000
v -0.3355370 -0.5006285 0.6300000
v -0.3000000 -0.4950000 0.6300000
vt 0.0200000 0.5200000
vt 0.0200000 0.7300000
vt 0.2300000 0.6758065
vt 0.2300000 0.5200000
vn -0.1553253 0.9806853 0.1188710
vn -0.1553253 0.9806853 0.1188710
vn -0.1553253 0.9806853 0.1188710
vn -0.1553253 0.9806853 0.1188710
f 349/349/349 350/350/350 351/351/351
f 349/349/349 351/351/351 352/352/352
v -0.3478976 -0.4625862 0.3000000
v -0.3911067 -0.4846024 0.3000000
v -0.3675953 -0.5169630 0.6300000
v -0.3355370 -0.5006285 0.6300000
vt 0.0200000 0.5667114
vt 0.0200000 0.7300000
vt 0.2300000 0.6411496
vt 0.2300000 0.5200000
vn -0.4507716 0.8846890 0.1188710
vn -0.4507716 0.8846890 0.1188710
vn -0.4507716 0.8846890 0.1188710
vn -0.4507716 0.8846890 0.1188710
f 353/353/353 354/354/354 355/355/355
f 353/353/353 355/355/355 356/356/356
v -0.3911067 -0.4846024 0.3000000
v -0.4253976 -0.5188933 0.3000000
v -0.3930370 -0.5424047 0.6300000
v -0.3675953 -0.5169630 0.6300000
vt 0.0200000 0.5200000
vt 0.0200000 0.6445814
vt 0.2300000 0.7300000
vt 0.2300000 0.6375687
vn -0.7020932 0.7020932 0.1188710
vn -0.7020932 0.7020932 0.1188710
vn -0.7020932 0.7020932 0.1188710
vn -0.7020932 0.7020932 0.1188710
f 357/357/357 358/358/358 359/359/359
f 357/357/357 359/359/359 360/360/360
v -0.4253976 -0.5188933 0.3000000
v -0.4474138 -0.5621024 0.3000000
v -0.4093715 -0.5744630 0.6300000
v -0.3930370 -0.5424047 0.6300000
vt 0.0200000 0.5200000
vt 0.0200000 0.6832886
vt 0.2300000 0.7300000
vt 0.2300000 0.6088504
vn -0.8846890 0.4507716 0.1188710
vn -0.8846890 0.4507716 0.1188710
vn -0.8846890 0.4507716 0.1188710
vn -0.8846890 0.4507716 0.1188710
f 361/361/361 362/362/362 363/363/363
f 361/361/361 363/363/363 364/364/364
v -0.4474138 -0.5621024 0.3000000
v -0.4550000 -0.6100000 0.3000000
v -0.4150000 -0.6100000 0.6300000
v -0.4093715 -0.5744630 0.6300000
vt 0.0200000 0.5200000
vt 0.0200000 0.7300000
vt 0.2300000 0.7300000
vt 0.2300000 0.5741935
vn -0.9806853 0.1553253 0.1188710
vn -0.9806853 0.1553253 0.1188710
vn -0.9806853 0.1553253 0.1188710
vn -0.9806853 0.1553253 0.1188710
f 365/365/365 366/366/366 367/367/367
f 365/365/365 367/367/367 368/368/368
v -0.4550000 -0.6100000 0.3000000
v -0.4474138 -0.6578976 0.3000000
v -0.4093715 -0.6455370 0.6300000
v -0.4150000 -0.6100000 0.6300000
vt 0.0200000 0.5200000
vt 0.0200000 0.7300000
vt 0.2300000 0.6758065
vt 0.2300000 0.5200000
vn -0.9806853 -0.1553253 0.1188710
vn -0.9806853 -0.1553253 0.1188710
vn -0.9806853 -0.1553253 0.1188710
vn -0.9806853 -0.1553253 0.1188710
f 369/369/369 370/370/370 371/371/371
f 369/369/369 371/371/371 372/372/372
v -0.4474138 -0.6578976 0.3000000
v -0.4253976 -0.7011067 0.3000000
v -0.3930370 -0.6775953 0.6300000
v -0.4093715 -0.6455370 0.6300000
vt 0.0200000 0.5667114
vt 0.0200000 0.7300000
vt 0.2300000 0.6411496
vt 0.2300000 0.5200000
vn -0.8846890 -0.4507716 0.1188710
vn -0.8846890 -0.4507716 0.1188710
vn -0.8846890 -0.4507716 0.1188710
vn -0.8846890 -0.4507716 0.1188710
f 373/373/373 374/374/374 375/375/375
f 373/373/373 375/375/375 376/376/376
v -0.4253976 -0.7011067 0.3000000
v -0.3911067 -0.7353976 0.3000000
v -0.3675953 -0.7030370 0.6300000
v -0.3930370 -0.6775953 0.6300000
vt 0.0200000 0.7300000
vt 0.0200000 0.6054186
vt 0.2300000 0.5200000
vt 0.2300000 0.6124313
vn -0.7020932 -0.7020932 0.1188710
vn -0.7020932 -0.7020932 0.1188710
vn -0.7020932 -0.7020932 0.1188710
vn -0.7020932 -0.7020932 0.1188710
f 377/377/377 378/378/378 379/379/379
f 377/377/377 379/379/379 380/380/380
v -0.3911067 -0.7353976 0.3000000
v -0.3478976 -0.7574138 0.3000000
v -0.3355370 -0.7193715 0.6300000
v -0.3675953 -0.7030370 0.6300000
vt 0.0200000 0.7300000
vt 0.0200000 0.5667114
vt 0.2300000 0.5200000
vt 0.2300000 0.6411496
vn -0.4507716 -0.8846890 0.1188710
vn -0.4507716 -0.8846890 0.1188710
vn -0.4507716 -0.8846890 0.1188710
vn -0.4507716 -0.8846890 0.1188710
f 381/381/381 382/382/382 383/383/383
f 381/381/381 383/383/383 384/384/384
v -0.3478976 -0.7574138 0.3000000
v -0.3000000 -0.7650000 0.3000000
v -0.3000000 -0.7250000 0.6300000
v -0.3355370 -0.7193715 0.6300000
vt 0.0200000 0.7300000
vt 0.0200000 0.5200000
vt 0.2300000 0.5200000
vt 0.2300000 0.6758065
vn -0.1553253 -0.9806853 0.1188710
vn -0.1553253 -0.9806853 0.1188710
vn -0.1553253 -0.9806853 0.1188710
vn -0.1553253 -0.9806853 0.1188710
f 385/385/385 386/386/386 387/387/387
f 385/385/385 387/387/387 388/388/388
v -0.3000000 -0.7650000 0.3000000
v -0.2521024 -0.7574138 0.3000000
v -0.2644630 -0.7193715 0.6300000
v -0.3000000 -0.7250000 0.6300000
vt 0.0200000 0.7300000
vt 0.0200000 0.5200000
vt 0.2300000 0.5741935
vt 0.2300000 0.7300000
vn 0.1553253 -0.9806853 0.1188710
vn 0.1553253 -0.9806853 0.1188710
vn 0.1553253 -0.9806853 0.1188710
vn 0.1553253 -0.9806853 0.1188710
f 389/389/389 390/390/390 391/391/391
f 389/389/389 391/391/391 392/392/392
v -0.2521024 -0.7574138 0.3000000
v -0.2088933 -0.7353976 0.3000000
v -0.2324047 -0.7030370 0.6300000
v -0.2644630 -0.7193715 0.6300000
vt 0.0200000 0.6832886
vt 0.0200000 0.5200000
vt 0.2300000 0.6088504
vt 0.2300000 0.7300000
vn 0.4507716 -0.8846890 0.1188710
vn 0.4507716 -0.8846890 0.1188710
vn 0.4507716 -0.8846890 0.1188710
vn 0.4507716 -0.8846890 0.1188710
f 393/393/393 394/394/394 395/395/395
f 393/393/393 395/395/395 396/396/396
v -0.2088933 -0.7353976 0.3000000
v -0.1746024 -0.7011067 0.3000000
v -0.2069630 -0.6775953 0.6300000
v -0.2324047 -0.7030370 0.6300000
vt 0.0200000 0.7300000
vt 0.0200000 0.6054186
vt 0.2300000 0.5200000
vt 0.2300000 0.6124313
vn 0.7020932 -0.7020932 0.1188710
vn 0.7020932 -0.7020932 0.1188710
vn 0.7020932 -0.7020932 0.1188710
vn 0.7020932 -0.7020932 0.1188710
f 397/397/397 398/398/398 399/399/399
f 397/397/397 399/399/399 400/400/400
v -0.1746024 -0.7011067 0.3000000
v -0.1525862 -0.6578976 0.3000000
v -0.1906285 -0.6455370 0.6300000
v -0.2069630 -0.6775953 0.6300000
vt 0.0200000 0.7300000
vt 0.0200000 0.5667114
vt 0.2300000 0.5200000
vt 0.2300000 0.6411496
vn 0.8846890 -0.4507716 0.1188710
vn 0.8846890 -0.4507716 0.1188710
vn 0.8846890 -0.4507716 0.1188710
vn 0.8846890 -0.4507716 0.1188710
f 401/401/401 402/402/402 403/403/403
f 401/401/401 403/403/403 404/404/404
v -0.1525862 -0.6578976 0.3000000
v -0.1450000 -0.6100000 0.3000000
v -0.1850000 -0.6100000 0.6300000
v -0.1906285 -0.6455370 0.6300000
vt 0.0200000 0.7300000
vt 0.0200000 0.5200000
vt 0.2300000 0.5200000
vt 0.2300000 0.6758065
vn 0.9806853 -0.1553253 0.1188710
vn 0.9806853 -0.1553253 0.1188710
vn 0.9806853 -0.1553253 0.1188710
vn 0.9806853 -0.1553253 0.1188710
f 405/405/405 406/406/406 407/407/407
f 405/405/405 407/407/407 408/408/408
v -0.1850000 -0.6100000 0.6300000
v -0.1906285 -0.5744630 0.6300000
v -0.1620968 -0.5651925 0.6800000
v -0.1550000 -0.6100000 0.6800000
vt 0.0200000 0.7300000
vt 0.1865517 0.7300000
vt 0.2300000 0.5200000
vt 0.0200000 0.5200000
vn 0.8496923 0.1345780 -0.5098154
vn 0.8496923 0.1345780 -0.5098154
vn 0.8496923 0.1345780 -0.5098154
vn 0.8496923 0.1345780 -0.5098154
f 409/409/409 410/410/410 411/411/411
f 409/409/409 411/411/411 412/412/412
v -0.1906285 -0.5744630 0.6300000
v -0.2069630 -0.5424047 0.6300000
v -0.1826925 -0.5247711 0.6800000
v -0.1620968 -0.5651925 0.6800000
vt 0.0200000 0.7300000
vt 0.1554799 0.7300000
vt 0.2300000 0.5200000
vt 0.0591775 0.5200000
vn 0.7665185 0.3905607 -0.5098154
vn 0.7665185 0.3905607 -0.5098154
vn 0.7665185 0.3905607 -0.5098154
vn 0.7665185 0.3905607 -0.5098154
f 413/413/413 414/414/414 415/415/415
f 413/413/413 415/415/415 416/416/416
v -0.2069630 -0.5424047 0.6300000
v -0.2324047 -0.5169630 0.6300000
v -0.2147711 -0.4926925 0.6800000
v -0.1826925 -0.5247711 0.6800000
vt 0.0200000 0.6225264
vt 0.0200000 0.7300000
vt 0.2300000 0.6555102
vt 0.2300000 0.5200000
vn 0.6083125 0.6083125 -0.5098154
vn 0.6083125 0.6083125 -0.5098154
vn 0.6083125 0.6083125 -0.5098154
vn 0.6083125 0.6083125 -0.5098154
f 417/417/417 418/418/418 419/419/419
f 417/417/417 419/419/419 420/420/420
v -0.2324047 -0.5169630 0.6300000
v -0.2644630 -0.5006285 0.6300000
v -0.2551925 -0.4720968 0.6800000
v -0.2147711 -0.4926925 0.6800000
vt 0.1554799 0.7300000
vt 0.0200000 0.7300000
vt 0.0591775 0.5200000
vt 0.2300000 0.5200000
vn 0.3905607 0.7665185 -0.5098154
vn 0.3905607 0.7665185 -0.5098154
vn 0.3905607 0.7665185 -0.5098154
vn 0.3905607 0.7665185 -0.5098154
f 421/421/421 422/422/422 423/423/423
f 421/421/421 423/423/423 424/424/424
v -0.2644630 -0.5006285 0.6300000
v -0.3000000 -0.4950000 0.6300000
v -0.3000000 -0.4650000 0.6800000
v -0.2551925 -0.4720968 0.6800000
vt 0.1865517 0.7300000
vt 0.0200000 0.7300000
vt 0.0200000 0.5200000
vt 0.2300000 0.5200000
vn 0.1345780 0.8496923 -0.5098154
vn 0.1345780 0.8496923 -0.5098154
vn 0.1345780 0.8496923 -0.5098154
vn 0.1345780 0.8496923 -0.5098154
f 425/425/425 426/426/426 427/427/427
f 425/425/425 427/427/427 428/428/428
v -0.3000000 -0.4950000 0.6300000
v -0.3355370 -0.5006285 0.6300000
v -0.3448075 -0.4720968 0.6800000
v -0.3000000 -0.4650000 0.6800000
vt 0.2300000 0.7300000
vt 0.0634483 0.7300000
vt 0.0200000 0.5200000
vt 0.2300000 0.5200000
vn -0.1345780 0.8496923 -0.5098154
vn -0.1345780 0.8496923 -0.5098154
vn -0.1345780 0.8496923 -0.5098154
vn -0.1345780 0.8496923 -0.5098154
f 429/429/429 430/430/430 431/431/431
f 429/429/429 431/431/431 432/432/432
v -0.3355370 -0.5006285 0.6300000
v -0.3675953 -0.5169630 0.6300000
v -0.3852289 -0.4926925 0.6800000
v -0.3448075 -0.4720968 0.6800000
vt 0.2300000 0.7300000
vt 0.0945201 0.7300000
vt 0.0200000 0.5200000
vt 0.1908225 0.5200000
vn -0.3905607 0.7665185 -0.5098154
vn -0.3905607 0.7665185 -0.5098154
vn -0.3905607 0.7665185 -0.5098154
vn -0.3905607 0.7665185 -0.5098154
f 433/433/433 434/434/434 435/435/435
f 433/433/433 435/435/435 436/436/436
v -0.3675953 -0.5169630 0.6300000
v -0.3930370 -0.5424047 0.6300000
v -0.4173075 -0.5247711 0.6800000
v -0.3852289 -0.4926925 0.6800000
vt 0.0200000 0.5200000
vt 0.0200000 0.6274736
vt 0.2300000 0.7300000
vt 0.2300000 0.5944898
vn -0.6083125 0.6083125 -0.5098154
vn -0.6083125 0.6083125 -0.5098154
vn -0.6083125 0.6083125 -0.5098154
vn -0.6083125 0.6083125 -0.5098154
f 437/437/437 438/438/438 439/439/439
f 437/437/437 439/439/439 440/440/440
v -0.3930370 -0.5424047 0.6300000
v -0.4093715 -0.5744630 0.6300000
v -0.4379032 -0.5651925 0.6800000
v -0.4173075 -0.5247711 0.6800000
vt 0.1554799 0.7300000
vt 0.0200000 0.7300000
vt 0.0591775 0.5200000
vt 0.2300000 0.5200000
vn -0.7665185 0.3905607 -0.5098154
vn -0.7665185 0.3905607 -0.5098154
vn -0.7665185 0.3905607 -0.5098154
vn -0.7665185 0.3905607 -0.5098154
f 441/441/441 442/442/442 443/443/443
f 441/441/441 443/443/443 444/444/444
v -0.4093715 -0.5744630 0.6300000
v -0.4150000 -0.6100000 0.6300000
v -0.4450000 -0.6100000 0.6800000
v -0.4379032 -0.5651925 0.6800000
vt 0.1865517 0.7300000
vt 0.0200000 0.7300000
vt 0.0200000 0.5200000
vt 0.2300000 0.5200000
vn -0.8496923 0.1345780 -0.5098154
vn -0.8496923 0.1345780 -0.5098154
vn -0.8496923 0.1345780 -0.5098154
vn -0.8496923 0.1345780 -0.5098154
f 445/445/445 446/446/446 447/447/447
f 445/445/445 447/447/447 448/448/448
v -0.4150000 -0.6100000 0.6300000
v -0.4093715 -0.6455370 0.6300000
v -0.4379032 -0.6548075 0.6800000
v -0.4450000 -0.6100000 0.6800000
vt 0.2300000 0.7300000
vt 0.0634483 0.7300000
vt 0.0200000 0.5200000
vt 0.2300000 0.5200000
vn -0.8496923 -0.1345780 -0.5098154
vn -0.8496923 -0.1345780 -0.5098154
vn -0.8496923 -0.1345780 -0.5098154
vn -0.8496923 -0.1345780 -0.5098154
f 449/449/449 450/450/450 451/451/451
f 449/449/449 451/451/451 452/452/452
v -0.4093715 -0.6455370 0.6300000
v -0.3930370 -0.6775953 0.6300000
v -0.4173075 -0.6952289 0.6800000
v -0.4379032 -0.6548075 0.6800000
vt 0.2300000 0.7300000
vt 0.0945201 0.7300000
vt 0.0200000 0.5200000
vt 0.1908225 0.5200000
vn -0.7665185 -0.3905607 -0.5098154
vn -0.7665185 -0.3905607 -0.5098154
vn -0.7665185 -0.3905607 -0.5098154
vn -0.7665185 -0.3905607 -0.5098154
f 453/453/453 454/454/454 455/455/455
f 453/453/453 455/455/455 456/456/456
v -0.3930370 -0.6775953 0.6300000
v -0.3675953 -0.7030370 0.6300000
v -0.3852289 -0.7273075 0.6800000
v -0.4173075 -0.6952289 0.6800000
vt 0.0200000 0.6274736
vt 0.0200000 0.5200000
vt 0.2300000 0.5944898
vt 0.2300000 0.7300000
vn -0.6083125 -0.6083125 -0.5098154
vn -0.6083125 -0.6083125 -0.5098154
vn -0.6083125 -0.6083125 -0.5098154
vn -0.6083125 -0.6083125 -0.5098154
f 457/457/457 458/458/458 459/459/459
f 457/457/457 459/459/459 460/460/460
v -0.3675953 -0.7030370 0.6300000
v -0.3355370 -0.7193715 0.6300000
v -0.3448075 -0.7479032 0.6800000
v -0.3852289 -0.7273075 0.6800000
vt 0.0945201 0.7300000
vt 0.2300000 0.7300000
vt 0.1908225 0.5200000
vt 0.0200000 0.5200000
vn -0.3905607 -0.7665185 -0.5098154
vn -0.3905607 -0.7665185 -0.5098154
vn -0.3905607 -0.7665185 -0.5098154
vn -0.3905607 -0.7665185 -0.5098154
f 461/461/461 462/462/462 463/463/463
f 461/461/461 463/463/463 464/464/464
v -0.3355370 -0.7193715 0.6300000
v -0.3000000 -0.7250000 0.6300000
v -0.3000000 -0.7550000 0.6800000
v -0.3448075 -0.7479032 0.6800000
vt 0.0634483 0.7300000
vt 0.2300000 0.7300000
vt 0.2300000 0.5200000
vt 0.0200000 0.5200000
vn -0.1345780 -0.8496923 -0.5098154
vn -0.1345780 -0.8496923 -0.5098154
vn -0.1345780 -0.8496923 -0.5098154
vn -0.1345780 -0.8496923 -0.5098154
f 465/465/465 466/466/466 467/467/467
f 465/465/465 467/467/467 468/468/468
v -0.3000000 -0.7250000 0.6300000
v -0.2644630 -0.7193715 0.6300000
v -0.2551925 -0.7479032 0.6800000
v -0.3000000 -0.7550000 0.6800000
vt 0.0200000 0.7300000
vt 0.1865517 0.7300000
vt 0.2300000 0.5200000
vt 0.0200000 0.5200000
vn 0.1345780 -0.8496923 -0.5098154
vn 0.1345780 -0.8496923 -0.5098154
vn 0.1345780 -0.8496923 -0.5098154
vn 0.1345780 -0.8496923 -0.5098154
f 469/469/469 470/470/470 471/471/471
f 469/469/469 471/471/471 472/472/472
v -0.2644630 -0.7193715 0.6300000
v -0.2324047 -0.7030370 0.6300000
v -0.2147711 -0.7273075 0.6800000
v -0.2551925 -0.7479032 0.6800000
vt 0.0200000 0.7300000
vt 0.1554799 0.7300000
vt 0.2300000 0.5200000
vt 0.0591775 0.5200000
vn 0.3905607 -0.7665185 -0.5098154
vn 0.3905607 -0.7665185 -0.5098154
vn 0.3905607 -0.7665185 -0.5098154
vn 0.3905607 -0.7665185 -0.5098154
f 473/473/473 474/474/474 475/475/475
f 473/473/473 475/475/475 476/476/476
v -0.2324047 -0.7030370 0.6300000
v -0.2069630 -0.6775953 0.6300000
v -0.1826925 -0.6952289 0.6800000
v -0.2147711 -0.7273075 0.6800000
vt 0.0200000 0.7300000
vt 0.0200000 0.6225264
vt 0.2300000 0.5200000
vt 0.2300000 0.6555102
vn 0.6083125 -0.6083125 -0.5098154
vn 0.6083125 -0.6083125 -0.5098154
vn 0.6083125 -0.6083125 -0.5098154
vn 0.6083125 -0.6083125 -0.5098154
f 477/477/477 478/478/478 479/479/479
f 477/477/477 479/479/479 480/480/480
v -0.2069630 -0.6775953 0.6300000
v -0.1906285 -0.6455370 0.6300000
v -0.1620968 -0.6548075 0.6800000
v -0.1826925 -0.6952289 0.6800000
vt 0.0945201 0.7300000
vt 0.2300000 0.7300000
vt 0.1908225 0.5200000
vt 0.0200000 0.5200000
vn 0.7665185 -0.3905607 -0.5098154
vn 0.7665185 -0.3905607 -0.5098154
vn 0.7665185 -0.3905607 -0.5098154
vn 0.7665185 -0.3905607 -0.5098154
f 481/481/481 482/482/482 483/483/483
f 481/481/481 483/483/483 484/484/484
v -0.1906285 -0.6455370 0.6300000
v -0.1850000 -0.6100000 0.6300000
v -0.1550000 -0.6100000 0.6800000
v -0.1620968 -0.6548075 0.6800000
vt 0.0634483 0.7300000
vt 0.2300000 0.7300000
vt 0.2300000 0.5200000
vt 0.0200000 0.5200000
vn 0.8496923 -0.1345780 -0.5098154
vn 0.8496923 -0.1345780 -0.5098154
vn 0.8496923 -0.1345780 -0.5098154
vn 0.8496923 -0.1345780 -0.5098154
f 485/485/485 486/486/486 487/487/487
f 485/485/485 487/487/487 488/488/488
v -0.1550000 -0.6100000 0.6800000
v -0.1620968 -0.5651925 0.6800000
v -0.1620968 -0.5651925 0.9100000
v -0.1550000 -0.6100000 0.9100000
vt 0.0200000 0.7300000
vt 0.0200000 0.5200000
vt 0.2300000 0.5200000
vt 0.2300000 0.7300000
vn 0.9876883 0.1564345 0.0000000
vn 0.9876883 0.1564345 0.0000000
vn 0.9876883 0.1564345 0.0000000
vn 0.9876883 0.1564345 0.0000000
f 489/489/489 490/490/490 491/491/491
f 489/489/489 491/491/491 492/492/492
v -0.1620968 -0.5651925 0.6800000
v -0.1826925 -0.5247711 0.6800000
v -0.1826925 -0.5247711 0.9100000
v -0.1620968 -0.5651925 0.9100000
vt 0.0200000 0.7300000
vt 0.0200000 0.5200000
vt 0.2300000 0.5200000
vt 0.2300000 0.7300000
vn 0.8910065 0.4539905 0.0000000
vn 0.8910065 0.4539905 0.0000000
vn 0.8910065 0.4539905 0.0000000
vn 0.8910065 0.4539905 0.0000000
f 493/493/493 494/494/494 495/495/495
f 493/493/493 495/495/495 496/496/496
v -0.1826925 -0.5247711 0.6800000
v -0.2147711 -0.4926925 0.6800000
v -0.2147711 -0.4926925 0.9100000
v -0.1826925 -0.5247711 0.9100000
vt 0.0200000 0.5200000
vt 0.0200000 0.7300000
vt 0.2300000 0.7300000
vt 0.2300000 0.5200000
vn 0.7071068 0.7071068 0.0000000
vn 0.7071068 0.7071068 0.0000000
vn 0.7071068 0.7071068 0.0000000
vn 0.7071068 0.7071068 0.0000000
f 497/497/497 498/498/498 499/499/499
f 497/497/497 499/499/499 500/500/500
v -0.2147711 -0.4926925 0.6800000
v -0.2551925 -0.4720968 0.6800000
v -0.2551925 -0.4720968 0.9100000
v -0.2147711 -0.4926925 0.9100000
vt 0.0200000 0.5200000
vt 0.0200000 0.7300000
vt 0.2300000 0.7300000
vt 0.2300000 0.5200000
vn 0.4539905 0.8910065 0.0000000
vn 0.4539905 0.8910065 0.0000000
vn 0.4539905 0.8910065 0.0000000
vn 0.4539905 0.8910065 0.0000000
f 501/501/501 502/502/502 503/503/503
f 501/501/501 503/503/503 504/504/504
v -0.2551925 -0.4720968 0.6800000
v -0.3000000 -0.4650000 0.6800000
v -0.3000000 -0.4650000 0.9100000
v -0.2551925 -0.4720968 0.9100000
vt 0.0200000 0.5200000
vt 0.0200000 0.7300000
vt 0.2300000 0.7300000
vt 0.2300000 0.5200000
vn 0.1564345 0.9876883 0.0000000
vn 0.1564345 0.9876883 0.0000000
vn 0.1564345 0.9876883 0.0000000
vn 0.1564345 0.9876883 0.0000000
f 505/505/505 506/506/506 507/507/507
f 505/505/505 507/507/507 508/508/508
v -0.3000000 -0.4650000 0.6800000
v -0.3448075 -0.4720968 0.6800000
v -0.3448075 -0.4720968 0.9100000
v -0.3000000 -0.4650000 0.9100000
vt 0.0200000 0.5200000
vt 0.0200000 0.7300000
vt 0.2300000 0.7300000
vt 0.2300000 0.5200000
vn -0.1564345 0.9876883 0.0000000
vn -0.1564345 0.9876883 0.0000000
vn -0.1564345 0.9876883 0.0000000
vn -0.1564345 0.9876883 0.0000000
f 509/509/509 510/510/510 511/511/511
f 509/509/509 511/511/511 512/512/512
v -0.3448075 -0.4720968 0.6800000
v -0.3852289 -0.4926925 0.6800000
v -0.3852289 -0.4926925 0.9100000
v -0.3448075 -0.4720968 0.9100000
vt 0.0200000 0.5200000
vt 0.0200000 0.7300000
vt 0.2300000 0.7300000
vt 0.2300000 0.5200000
vn -0.4539905 0.8910065 0.0000000
vn -0.4539905 0.8910065 0.0000000
vn -0.4539905 0.8910065 0.0000000
vn -0.4539905 0.8910065 0.0000000
f 513/513/513 514/514/514 515/515/515
f 513/513/513 515/515/515 516/516/516
v -0.3852289 -0.4926925 0.6800000
v -0.4173075 -0.5247711 0.6800000
v -0.4173075 -0.5247711 0.9100000
v -0.3852289 -0.4926925 0.9100000
vt 0.0200000 0.5200000
vt 0.0200000 0.7300000
vt 0.2300000 0.7300000
vt 0.2300000 0.5200000
vn -0.7071068 0.7071068 0.0000000
vn -0.7071068 0.7071068 0.0000000
vn -0.7071068 0.7071068 0.0000000
vn -0.7071068 0.7071068 0.0000000
f 517/517/517 518/518/518 519/519/519
f 517/517/517 519/519/519 520/520/520
v -0.4173075 -0.5247711 0.6800000
v -0.4379032 -0.5651925 0.6800000
v -0.4379032 -0.5651925 0.9100000
v -0.4173075 -0.5247711 0.9100000
vt 0.0200000 0.5200000
vt 0.0200000 0.7300000
vt 0.2300000 0.7300000
vt 0.2300000 0.5200000
vn -0.8910065 0.4539905 0.0000000
vn -0.8910065 0.4539905 0.0000000
vn -0.8910065 0.4539905 0.0000000
vn -0.8910065 0.4539905 0.0000000
f 521/521/521 522/522/522 523/523/523
f 521/521/521 523/523/523 524/524/524
v -0.4379032 -0.5651925 0.6800000
v -0.4450000 -0.6100000 0.6800000
v -0.4450000 -0.6100000 0.9100000
v -0.4379032 -0.5651925 0.9100000
vt 0.0200000 0.5200000
vt 0.0200000 0.7300000
vt 0.2300000 0.7300000
vt 0.2300000 0.5200000
vn -0.9876883 0.1564345 0.0000000
vn -0.9876883 0.1564345 0.0000000
vn -0.9876883 0.1564345 0.0000000
vn -0.9876883 0.1564345 0.0000000
f 525/525/525 526/526/526 527/527/527
f 525/525/525 527/527/527 528/528/528
v -0.4450000 -0.6100000 0.6800000
v -0.4379032 -0.6548075 0.6800000
v -0.4379032 -0.6548075 0.9100000
v -0.4450000 -0.6100000 0.9100000
vt 0.0200000 0.5200000
vt 0.0200000 0.7300000
vt 0.2300000 0.7300000
vt 0.2300000 0.5200000
vn -0.9876883 -0.1564345 0.0000000
vn -0.9876883 -0.1564345 0.0000000
vn -0.9876883 -0.1564345 0.0000000
vn -0.9876883 -0.1564345 0.0000000
f 529/529/529 530/530/530 531/531/531
f 529/529/529 531/531/531 532/532/532
v -0.4379032 -0.6548075 0.6800000
v -0.4173075 -0.6952289 0.6800000
v -0.4173075 -0.6952289 0.9100000
v -0.4379032 -0.6548075 0.9100000
vt 0.0200000 0.5200000
vt 0.0200000 0.7300000
vt 0.2300000 0.7300000
vt 0.2300000 0.5200000
vn -0.8910065 -0.4539905 0.0000000
vn -0.8910065 -0.4539905 0.0000000
vn -0.8910065 -0.4539905 0.0000000
vn -0.8910065 -0.4539905 0.0000000
f 533/533/533 534/534/534 535/535/535
f 533/533/533 535/535/535 536/536/536
v -0.4173075 -0.6952289 0.6800000
v -0.3852289 -0.7273075 0.6800000
v -0.3852289 -0.7273075 0.9100000
v -0.4173075 -0.6952289 0.9100000
vt 0.0200000 0.7300000
vt 0.0200000 0.5200000
vt 0.2300000 0.5200000
vt 0.2300000 0.7300000
vn -0.7071068 -0.7071068 0.0000000
vn -0.7071068 -0.7071068 0.0000000
vn -0.7071068 -0.7071068 0.0000000
vn -0.7071068 -0.7071068 0.0000000
f 537/537/537 538/538/538 539/539/539
f 537/537/537 539/539/539 540/540/540
v -0.3852289 -0.7273075 0.6800000
v -0.3448075 -0.7479032 0.6800000
v -0.3448075 -0.7479032 0.9100000
v -0.3852289 -0.7273075 0.9100000
vt 0.0200000 0.7300000
vt 0.0200000 0.5200000
vt 0.2300000 0.5200000
vt 0.2300000 0.7300000
vn -0.4539905 -0.8910065 0.0000000
vn -0.4539905 -0.8910065 0.0000000
vn -0.4539905 -0.8910065 0.0000000
vn -0.4539905 -0.8910065 0.0000000
f 541/541/541 542/542/542 543/543/543
f 541/541/541 543/543/543 544/544/544
v -0.3448075 -0.7479032 0.6800000
v -0.3000000 -0.7550000 0.6800000
v -0.3000000 -0.7550000 0.9100000
v -0.3448075 -0.7479032 0.9100000
vt 0.0200000 0.7300000
vt 0.0200000 0.5200000
vt 0.2300000 0.5200000
vt 0.2300000 0.7300000
vn -0.1564345 -0.9876883 0.0000000
vn -0.1564345 -0.9876883 0.0000000
vn -0.1564345 -0.9876883 0.0000000
vn -0.1564345 -0.9876883 0.0000000
f 545/545/545 546/546/546 547/547/547
f 545/545/545 547/547/547 548/548/548
v -0.3000000 -0.7550000 0.6800000
v -0.2551925 -0.7479032 0.6800000
v -0.2551925 -0.7479032 0.9100000
v -0.3000000 -0.7550000 0.9100000
vt 0.0200000 0.7300000
vt 0.0200000 0.5200000
vt 0.2300000 0.5200000
vt 0.2300000 0.7300000
vn 0.1564345 -0.9876883 0.0000000
vn 0.1564345 -0.9876883 0.0000000
vn 0.1564345 -0.9876883 0.0000000
vn 0.1564345 -0.9876883 0.0000000
f 549/549/549 550/550/550 551/551/551
f 549/549/549 551/551/551 552/552/552
v -0.2551925 -0.7479032 0.6800000
v -0.2147711 -0.7273075 0.6800000
v -0.2147711 -0.7273075 0.9100000
v -0.2551925 -0.7479032 0.9100000
vt 0.0200000 0.7300000
vt 0.0200000 0.5200000
vt 0.2300000 0.5200000
vt 0.2300000 0.7300000
vn 0.4539905 -0.8910065 0.0000000
vn 0.4539905 -0.8910065 0.0000000
vn 0.4539905 -0.8910065 0.0000000
vn 0.4539905 -0.8910065 0.0000000
f 553/553/553 554/554/554 555/555/555
f 553/553/553 555/555/555 556/556/556
v -0.2147711 -0.7273075 0.6800000
v -0.1826925 -0.6952289 0.6800000
v -0.1826925 -0.6952289 0.9100000
v -0.2147711 -0.7273075 0.9100000
vt 0.0200000 0.7300000
vt 0.0200000 0.5200000
vt 0.2300000 0.5200000
vt 0.2300000 0.7300000
vn 0.7071068 -0.7071068 0.0000000
vn 0.7071068 -0.7071068 0.0000000
vn 0.7071068 -0.7071068 0.0000000
vn 0.7071068 -0.7071068 0.0000000
f 557/557/557 558/558/558 559/559/559
f 557/557/557 559/559/559 560/560/560
v -0.1826925 -0.6952289 0.6800000
v -0.1620968 -0.6548075 0.6800000
v -0.1620968 -0.6548075 0.9100000
v -0.1826925 -0.6952289 0.9100000
vt 0.0200000 0.7300000
vt 0.0200000 0.5200000
vt 0.2300000 0.5200000
vt 0.2300000 0.7300000
vn 0.8910065 -0.4539905 0.0000000
vn 0.8910065 -0.4539905 0.0000000
vn 0.8910065 -0.4539905 0.0000000
vn 0.8910065 -0.4539905 0.0000000
f 561/561/561 562/562/562 563/563/563
f 561/561/561 563/563/563 564/564/564
v -0.1620968 -0.6548075 0.6800000
v -0.1550000 -0.6100000 0.6800000
v -0.1550000 -0.6100000 0.9100000
v -0.1620968 -0.6548075 0.9100000
vt 0.0200000 0.7300000
vt 0.0200000 0.5200000
vt 0.2300000 0.5200000
vt 0.2300000 0.7300000
vn 0.9876883 -0.1564345 0.0000000
vn 0.9876883 -0.1564345 0.0000000
vn 0.9876883 -0.1564345 0.0000000
vn 0.9876883 -0.1564345 0.0000000
f 565/565/565 566/566/566 567/567/567
f 565/565/565 567/567/567 568/568/568
v -0.1550000 -0.6100000 0.9100000
v -0.1620968 -0.5651925 0.9100000
v -0.1811179 -0.5713729 0.9400000
v -0.1750000 -0.6100000 0.9400000
vt 0.7700000 0.9800000
vt 0.9800000 0.9800000
vt 0.9510345 0.7700000
vt 0.7700000 0.7700000
vn 0.8249180 0.1306542 0.5499453
vn 0.8249180 0.1306542 0.5499453
vn 0.8249180 0.1306542 0.5499453
vn 0.8249180 0.1306542 0.5499453
f 569/569/569 570/570/570 571/571/571
f 569/569/569 571/571/571 572/572/572
v -0.1620968 -0.5651925 0.9100000
v -0.1826925 -0.5247711 0.9100000
v -0.1988729 -0.5365268 0.9400000
v -0.1811179 -0.5713729 0.9400000
vt 0.7978503 0.9800000
vt 0.9800000 0.9800000
vt 0.9270256 0.7700000
vt 0.7700000 0.7700000
vn 0.7441692 0.3791732 0.5499453
vn 0.7441692 0.3791732 0.5499453
vn 0.7441692 0.3791732 0.5499453
vn 0.7441692 0.3791732 0.5499453
f 573/573/573 574/574/574 575/575/575
f 573/573/573 575/575/575 576/576/576
v -0.1826925 -0.5247711 0.9100000
v -0.2147711 -0.4926925 0.9100000
v -0.2265268 -0.5088729 0.9400000
v -0.1988729 -0.5365268 0.9400000
vt 0.7700000 0.7700000
vt 0.7700000 0.9236811
vt 0.9800000 0.9800000
vt 0.9800000 0.8475163
vn 0.5905761 0.5905761 0.5499453
vn 0.5905761 0.5905761 0.5499453
vn 0.5905761 0.5905761 0.5499453
vn 0.5905761 0.5905761 0.5499453
f 577/577/577 578/578/578 579/579/579
f 577/577/577 579/579/579 580/580/580
v -0.2147711 -0.4926925 0.9100000
v -0.2551925 -0.4720968 0.9100000
v -0.2613729 -0.4911179 0.9400000
v -0.2265268 -0.5088729 0.9400000
vt 0.9800000 0.9800000
vt 0.7978503 0.9800000
vt 0.7700000 0.7700000
vt 0.9270256 0.7700000
vn 0.3791732 0.7441692 0.5499453
vn 0.3791732 0.7441692 0.5499453
vn 0.3791732 0.7441692 0.5499453
vn 0.3791732 0.7441692 0.5499453
f 581/581/581 582/582/582 583/583/583
f 581/581/581 583/583/583 584/584/584
v -0.2551925 -0.4720968 0.9100000
v -0.3000000 -0.4650000 0.9100000
v -0.3000000 -0.4850000 0.9400000
v -0.2613729 -0.4911179 0.9400000
vt 0.9800000 0.9800000
vt 0.7700000 0.9800000
vt 0.7700000 0.7700000
vt 0.9510345 0.7700000
vn 0.1306542 0.8249180 0.5499453
vn 0.1306542 0.8249180 0.5499453
vn 0.1306542 0.8249180 0.5499453
vn 0.1306542 0.8249180 0.5499453
f 585/585/585 586/586/586 587/587/587
f 585/585/585 587/587/587 588/588/588
v -0.3000000 -0.4650000 0.9100000
v -0.3448075 -0.4720968 0.9100000
v -0.3386271 -0.4911179 0.9400000
v -0.3000000 -0.4850000 0.9400000
vt 0.9800000 0.9800000
vt 0.7700000 0.9800000
vt 0.7989655 0.7700000
vt 0.9800000 0.7700000
vn -0.1306542 0.8249180 0.5499453
vn -0.1306542 0.8249180 0.5499453
vn -0.1306542 0.8249180 0.5499453
vn -0.1306542 0.8249180 0.5499453
f 589/589/589 590/590/590 591/591/591
f 589/589/589 591/591/591 592/592/592
v -0.3448075 -0.4720968 0.9100000
v -0.3852289 -0.4926925 0.9100000
v -0.3734732 -0.5088729 0.9400000
v -0.3386271 -0.4911179 0.9400000
vt 0.9521497 0.9800000
vt 0.7700000 0.9800000
vt 0.8229744 0.7700000
vt 0.9800000 0.7700000
vn -0.3791732 0.7441692 0.5499453
vn -0.3791732 0.7441692 0.5499453
vn -0.3791732 0.7441692 0.5499453
vn -0.3791732 0.7441692 0.5499453
f 593/593/593 594/594/594 595/595/595
f 593/593/593 595/595/595 596/596/596
v -0.3852289 -0.4926925 0.9100000
v -0.4173075 -0.5247711 0.9100000
v -0.4011271 -0.5365268 0.9400000
v -0.3734732 -0.5088729 0.9400000
vt 0.7700000 0.8263189
vt 0.7700000 0.9800000
vt 0.9800000 0.9024837
vt 0.9800000 0.7700000
vn -0.5905761 0.5905761 0.5499453
vn -0.5905761 0.5905761 0.5499453
vn -0.5905761 0.5905761 0.5499453
vn -0.5905761 0.5905761 0.5499453
f 597/597/597 598/598/598 599/599/599
f 597/597/597 599/599/599 600/600/600
v -0.4173075 -0.5247711 0.9100000
v -0.4379032 -0.5651925 0.9100000
v -0.4188821 -0.5713729 0.9400000
v -0.4011271 -0.5365268 0.9400000
vt 0.9800000 0.9800000
vt 0.7978503 0.9800000
vt 0.7700000 0.7700000
vt 0.9270256 0.7700000
vn -0.7441692 0.3791732 0.5499453
vn -0.7441692 0.3791732 0.5499453
vn -0.7441692 0.3791732 0.5499453
vn -0.7441692 0.3791732 0.5499453
f 601/601/601 602/602/602 603/603/603
f 601/601/601 603/603/603 604/604/604
v -0.4379032 -0.5651925 0.9100000
v -0.4450000 -0.6100000 0.9100000
v -0.4250000 -0.6100000 0.9400000
v -0.4188821 -0.5713729 0.9400000
vt 0.9800000 0.9800000
vt 0.7700000 0.9800000
vt 0.7700000 0.7700000
vt 0.9510345 0.7700000
vn -0.8249180 0.1306542 0.5499453
vn -0.8249180 0.1306542 0.5499453
vn -0.8249180 0.1306542 0.5499453
vn -0.8249180 0.1306542 0.5499453
f 605/605/605 606/606/606 607/607/607
f 605/605/605 607/607/607 608/608/608
v -0.4450000 -0.6100000 0.9100000
v -0.4379032 -0.6548075 0.9100000
v -0.4188821 -0.6486271 0.9400000
v -0.4250000 -0.6100000 0.9400000
vt 0.9800000 0.9800000
vt 0.7700000 0.9800000
vt 0.7989655 0.7700000
vt 0.9800000 0.7700000
vn -0.8249180 -0.1306542 0.5499453
vn -0.8249180 -0.1306542 0.5499453
vn -0.8249180 -0.1306542 0.5499453
vn -0.8249180 -0.1306542 0.5499453
f 609/609/609 610/610/610 611/611/611
f 609/609/609 611/611/611 612/612/612
v -0.4379032 -0.6548075 0.9100000
v -0.4173075 -0.6952289 0.9100000
v -0.4011271 -0.6834732 0.9400000
v -0.4188821 -0.6486271 0.9400000
vt 0.9521497 0.9800000
vt 0.7700000 0.9800000
vt 0.8229744 0.7700000
vt 0.9800000 0.7700000
vn -0.7441692 -0.3791732 0.5499453
vn -0.7441692 -0.3791732 0.5499453
vn -0.7441692 -0.3791732 0.5499453
vn -0.7441692 -0.3791732 0.5499453
f 613/613/613 614/614/614 615/615/615
f 613/613/613 615/615/615 616/616/616
v -0.4173075 -0.6952289 0.9100000
v -0.3852289 -0.7273075 0.9100000
v -0.3734732 -0.7111271 0.9400000
v -0.4011271 -0.6834732 0.9400000
vt 0.7700000 0.9800000
vt 0.7700000 0.8263189
vt 0.9800000 0.7700000
vt 0.9800000 0.9024837
vn -0.5905761 -0.5905761 0.5499453
vn -0.5905761 -0.5905761 0.5499453
vn -0.5905761 -0.5905761 0.5499453
vn -0.5905761 -0.5905761 0.5499453
f 617/617/617 618/618/618 619/619/619
f 617/617/617 619/619/619 620/620/620
v -0.3852289 -0.7273075 0.9100000
v -0.3448075 -0.7479032 0.9100000
v -0.3386271 -0.7288821 0.9400000
v -0.3734732 -0.7111271 0.9400000
vt 0.7700000 0.9800000
vt 0.9521497 0.9800000
vt 0.9800000 0.7700000
vt 0.8229744 0.7700000
vn -0.3791732 -0.7441692 0.5499453
vn -0.3791732 -0.7441692 0.5499453
vn -0.3791732 -0.7441692 0.5499453
vn -0.3791732 -0.7441692 0.5499453
f 621/621/621 622/622/622 623/623/623
f 621/621/621 623/623/623 624/624/624
v -0.3448075 -0.7479032 0.9100000
v -0.3000000 -0.7550000 0.9100000
v -0.3000000 -0.7350000 0.9400000
v -0.3386271 -0.7288821 0.9400000
vt 0.7700000 0.9800000
vt 0.9800000 0.9800000
vt 0.9800000 0.7700000
vt 0.7989655 0.7700000
vn -0.1306542 -0.8249180 0.5499453
vn -0.1306542 -0.8249180 0.5499453
vn -0.1306542 -0.8249180 0.5499453
vn -0.1306542 -0.8249180 0.5499453
f 625/625/625 626/626/626 627/627/627
f 625/625/625 627/627/627 628/628/628
v -0.3000000 -0.7550000 0.9100000
v -0.2551925 -0.7479032 0.9100000
v -0.2613729 -0.7288821 0.9400000
v -0.3000000 -0.7350000 0.9400000
vt 0.7700000 0.9800000
vt 0.9800000 0.9800000
vt 0.9510345 0.7700000
vt 0.7700000 0.7700000
vn 0.1306542 -0.8249180 0.5499453
vn 0.1306542 -0.8249180 0.5499453
vn 0.1306542 -0.8249180 0.5499453
vn 0.1306542 -0.8249180 0.5499453
f 629/629/629 630/630/630 631/631/631
f 629/629/629 631/631/631 632/632/632
v -0.2551925 -0.7479032 0.9100000
v -0.2147711 -0.7273075 0.9100000
v -0.2265268 -0.7111271 0.9400000
v -0.2613729 -0.7288821 0.9400000
vt 0.7978503 0.9800000
vt 0.9800000 0.9800000
vt 0.9270256 0.7700000
vt 0.7700000 0.7700000
vn 0.3791732 -0.7441692 0.5499453
vn 0.3791732 -0.7441692 0.5499453
vn 0.3791732 -0.7441692 0.5499453
vn 0.3791732 -0.7441692 0.5499453
f 633/633/633 634/634/634 635/635/635
f 633/633/633 635/635/635 636/636/636
v -0.2147711 -0.7273075 0.9100000
v -0.1826925 -0.6952289 0.9100000
v -0.1988729 -0.6834732 0.9400000
v -0.2265268 -0.7111271 0.9400000
vt 0.7700000 0.9236811
vt 0.7700000 0.7700000
vt 0.9800000 0.8475163
vt 0.9800000 0.9800000
vn 0.5905761 -0.5905761 0.5499453
vn 0.5905761 -0.5905761 0.5499453
vn 0.5905761 -0.5905761 0.5499453
vn 0.5905761 -0.5905761 0.5499453
f 637/637/637 638/638/638 639/639/639
f 637/637/637 639/639/639 640/640/640
v -0.1826925 -0.6952289 0.9100000
v -0.1620968 -0.6548075 0.9100000
v -0.1811179 -0.6486271 0.9400000
v -0.1988729 -0.6834732 0.9400000
vt 0.7700000 0.9800000
vt 0.9521497 0.9800000
vt 0.9800000 0.7700000
vt 0.8229744 0.7700000
vn 0.7441692 -0.3791732 0.5499453
vn 0.7441692 -0.3791732 0.5499453
vn 0.7441692 -0.3791732 0.5499453
vn 0.7441692 -0.3791732 0.5499453
f 641/641/641 642/642/642 643/643/643
f 641/641/641 643/643/643 644/644/644
v -0.1620968 -0.6548075 0.9100000
v -0.1550000 -0.6100000 0.9100000
v -0.1750000 -0.6100000 0.9400000
v -0.1811179 -0.6486271 0.9400000
vt 0.7700000 0.9800000
vt 0.9800000 0.9800000
vt 0.9800000 0.7700000
vt 0.7989655 0.7700000
vn 0.8249180 -0.1306542 0.5499453
vn 0.8249180 -0.1306542 0.5499453
vn 0.8249180 -0.1306542 0.5499453
vn 0.8249180 -0.1306542 0.5499453
f 645/645/645 646/646/646 647/647/647
f 645/645/645 647/647/647 648/648/648
v -0.1750000 -0.6100000 0.9400000
v -0.1811179 -0.5713729 0.9400000
v -0.2153560 -0.5824975 0.9400000
v -0.2110000 -0.6100000 0.9400000
vt 0.9800000 0.9800000
vt 0.9481642 0.7700000
vt 0.7700000 0.8304800
vt 0.7926671 0.9800000
vn 0.0000000 0.0000000 1.0000000
vn 0.0000000 0.0000000 1.0000000
vn 0.0000000 0.0000000 1.0000000
vn 0.0000000 0.0000000 1.0000000
f 649/649/649 650/650/650 651/651/651
f 649/649/649 651/651/651 652/652/652
v -0.1811179 -0.5713729 0.9400000
v -0.1988729 -0.5365268 0.9400000
v -0.2279975 -0.5576871 0.9400000
v -0.2153560 -0.5824975 0.9400000
vt 0.9800000 0.9291813
vt 0.9004656 0.7700000
vt 0.7700000 0.8666629
vt 0.8266285 0.9800000
vn 0.0000000 0.0000000 1.0000000
vn 0.0000000 0.0000000 1.0000000
vn 0.0000000 0.0000000 1.0000000
vn 0.0000000 0.0000000 1.0000000
f 653/653/653 654/654/654 655/655/655
f 653/653/653 655/655/655 656/656/656
v -0.1988729 -0.5365268 0.9400000
v -0.2265268 -0.5088729 0.9400000
v -0.2476871 -0.5379975 0.9400000
v -0.2279975 -0.5576871 0.9400000
vt 0.9800000 0.8889680
vt 0.8610320 0.7700000
vt 0.7700000 0.8952948
vt 0.8547052 0.9800000
vn 0.0000000 0.0000000 1.0000000
vn 0.0000000 0.0000000 1.0000000
vn 0.0000000 0.0000000 1.0000000
vn 0.0000000 0.0000000 1.0000000
f 657/657/657 658/658/658 659/659/659
f 657/657/657 659/659/659 660/660/660
v -0.2265268 -0.5088729 0.9400000
v -0.2613729 -0.4911179 0.9400000
v -0.2724975 -0.5253560 0.9400000
v -0.2476871 -0.5379975 0.9400000
vt 0.9800000 0.8495344
vt 0.8208187 0.7700000
vt 0.7700000 0.9233715
vt 0.8833371 0.9800000
vn 0.0000000 0.0000000 1.0000000
vn 0.0000000 0.0000000 1.0000000
vn 0.0000000 0.0000000 1.0000000
vn 0.0000000 0.0000000 1.0000000
f 661/661/661 662/662/662 663/663/663
f 661/661/661 663/663/663 664/664/664
v -0.2613729 -0.4911179 0.9400000
v -0.3000000 -0.4850000 0.9400000
v -0.3000000 -0.5210000 0.9400000
v -0.2724975 -0.5253560 0.9400000
vt 0.9800000 0.8018358
vt 0.7700000 0.7700000
vt 0.7700000 0.9573329
vt 0.9195200 0.9800000
vn 0.0000000 0.0000000 1.0000000
vn 0.0000000 0.0000000 1.0000000
vn 0.0000000 0.0000000 1.0000000
vn 0.0000000 0.0000000 1.0000000
f 665/665/665 666/666/666 667/667/667
f 665/665/665 667/667/667 668/668/668
v -0.3000000 -0.4850000 0.9400000
v -0.3386271 -0.4911179 0.9400000
v -0.3275025 -0.5253560 0.9400000
v -0.3000000 -0.5210000 0.9400000
vt 0.9800000 0.7700000
vt 0.7700000 0.8018358
vt 0.8304800 0.9800000
vt 0.9800000 0.9573329
vn 0.0000000 0.0000000 1.0000000
vn 0.0000000 0.0000000 1.0000000
vn 0.0000000 0.0000000 1.0000000
vn 0.0000000 0.0000000 1.0000000
f 669/669/669 670/670/670 671/671/671
f 669/669/669 671/671/671 672/672/672
v -0.3386271 -0.4911179 0.9400000
v -0.3734732 -0.5088729 0.9400000
v -0.3523129 -0.5379975 0.9400000
v -0.3275025 -0.5253560 0.9400000
vt 0.9291813 0.7700000
vt 0.7700000 0.8495344
vt 0.8666629 0.9800000
vt 0.9800000 0.9233715
vn 0.0000000 0.0000000 1.0000000
vn 0.0000000 0.0000000 1.0000000
vn 0.0000000 0.0000000 1.0000000
vn 0.0000000 0.0000000 1.0000000
f 673/673/673 674/674/674 675/675/675
f 673/673/673 675/675/675 676/676/676
v -0.3734732 -0.5088729 0.9400000
v -0.4011271 -0.5365268 0.9400000
v -0.3720025 -0.5576871 0.9400000
v -0.3523129 -0.5379975 0.9400000
vt 0.8889680 0.7700000
vt 0.7700000 0.8889680
vt 0.8952948 0.9800000
vt 0.9800000 0.8952948
vn 0.0000000 0.0000000 1.0000000
vn 0.0000000 0.0000000 1.0000000
vn 0.0000000 0.0000000 1.0000000
vn 0.0000000 0.0000000 1.0000000
f 677/677/677 678/678/678 679/679/679
f 677/677/677 679/679/679 680/680/680
v -0.4011271 -0.5365268 0.9400000
v -0.4188821 -0.5713729 0.9400000
v -0.3846440 -0.5824975 0.9400000
v -0.3720025 -0.5576871 0.9400000
vt 0.8495344 0.7700000
vt 0.7700000 0.9291813
vt 0.9233715 0.9800000
vt 0.9800000 0.8666629
vn 0.0000000 0.0000000 1.0000000
vn 0.0000000 0.0000000 1.0000000
vn 0.0000000 0.0000000 1.0000000
vn 0.0000000 0.0000000 1.0000000
f 681/681/681 682/682/682 683/683/683
f 681/681/681 683/683/683 684/684/684
v -0.4188821 -0.5713729 0.9400000
v -0.4250000 -0.6100000 0.9400000
v -0.3890000 -0.6100000 0.9400000
v -0.3846440 -0.5824975 0.9400000
vt 0.8018358 0.7700000
vt 0.7700000 0.9800000
vt 0.9573329 0.9800000
vt 0.9800000 0.8304800
vn 0.0000000 0.0000000 1.0000000
vn 0.0000000 0.0000000 1.0000000
vn 0.0000000 0.0000000 1.0000000
vn 0.0000000 0.0000000 1.0000000
f 685/685/685 686/686/686 687/687/687
f 685/685/685 687/687/687 688/688/688
v -0.4250000 -0.6100000 0.9400000
v -0.4188821 -0.6486271 0.9400000
v -0.3846440 -0.6375025 0.9400000
v -0.3890000 -0.6100000 0.9400000
vt 0.7700000 0.7700000
vt 0.8018358 0.9800000
vt 0.9800000 0.9195200
vt 0.9573329 0.7700000
vn 0.0000000 0.0000000 1.0000000
vn 0.0000000 0.0000000 1.0000000
vn 0.0000000 0.0000000 1.0000000
vn 0.0000000 0.0000000 1.0000000
f 689/689/689 690/690/690 691/691/691
f 689/689/689 691/691/691 692/692/692
v -0.4188821 -0.6486271 0.9400000
v -0.4011271 -0.6834732 0.9400000
v -0.3720025 -0.6623129 0.9400000
v -0.3846440 -0.6375025 0.9400000
vt 0.7700000 0.8208187
vt 0.8495344 0.9800000
vt 0.9800000 0.8833371
vt 0.9233715 0.7700000
vn 0.0000000 0.0000000 1.0000000
vn 0.0000000 0.0000000 1.0000000
vn 0.0000000 0.0000000 1.0000000
vn 0.0000000 0.0000000 1.0000000
f 693/693/693 694/694/694 695/695/695
f 693/693/693 695/695/695 696/696/696
v -0.4011271 -0.6834732 0.9400000
v -0.3734732 -0.7111271 0.9400000
v -0.3523129 -0.6820025 0.9400000
v -0.3720025 -0.6623129 0.9400000
vt 0.7700000 0.8610320
vt 0.8889680 0.9800000
vt 0.9800000 0.8547052
vt 0.8952948 0.7700000
vn -0.0000000 0.0000000 1.0000000
vn -0.0000000 0.0000000 1.0000000
vn -0.0000000 0.0000000 1.0000000
vn -0.0000000 0.0000000 1.0000000
f 697/697/697 698/698/698 699/699/699
f 697/697/697 699/699/699 700/700/700
v -0.3734732 -0.7111271 0.9400000
v -0.3386271 -0.7288821 0.9400000
v -0.3275025 -0.6946440 0.9400000
v -0.3523129 -0.6820025 0.9400000
vt 0.7700000 0.9004656
vt 0.9291813 0.9800000
vt 0.9800000 0.8266285
vt 0.8666629 0.7700000
vn -0.0000000 0.0000000 1.0000000
vn -0.0000000 0.0000000 1.0000000
vn -0.0000000 0.0000000 1.0000000
vn -0.0000000 0.0000000 1.0000000
f 701/701/701 702/702/702 703/703/703
f 701/701/701 703/703/703 704/704/704
v -0.3386271 -0.7288821 0.9400000
v -0.3000000 -0.7350000 0.9400000
v -0.3000000 -0.6990000 0.9400000
v -0.3275025 -0.6946440 0.9400000
vt 0.7700000 0.9481642
vt 0.9800000 0.9800000
vt 0.9800000 0.7926671
vt 0.8304800 0.7700000
vn -0.0000000 0.0000000 1.0000000
vn -0.0000000 0.0000000 1.0000000
vn -0.0000000 0.0000000 1.0000000
vn -0.0000000 0.0000000 1.0000000
f 705/705/705 706/706/706 707/707/707
f 705/705/705 707/707/707 708/708/708
v -0.3000000 -0.7350000 0.9400000
v -0.2613729 -0.7288821 0.9400000
v -0.2724975 -0.6946440 0.9400000
v -0.3000000 -0.6990000 0.9400000
vt 0.7700000 0.9800000
vt 0.9800000 0.9481642
vt 0.9195200 0.7700000
vt 0.7700000 0.7926671
vn 0.0000000 0.0000000 1.0000000
vn 0.0000000 0.0000000 1.0000000
vn 0.0000000 0.0000000 1.0000000
vn 0.0000000 0.0000000 1.0000000
f 709/709/709 710/710/710 711/711/711
f 709/709/709 711/711/711 712/712/712
v -0.2613729 -0.7288821 0.9400000
v -0.2265268 -0.7111271 0.9400000
v -0.2476871 -0.6820025 0.9400000
v -0.2724975 -0.6946440 0.9400000
vt 0.8208187 0.9800000
vt 0.9800000 0.9004656
vt 0.8833371 0.7700000
vt 0.7700000 0.8266285
vn 0.0000000 0.0000000 1.0000000
vn 0.0000000 0.0000000 1.0000000
vn 0.0000000 0.0000000 1.0000000
vn 0.0000000 0.0000000 1.0000000
f 713/713/713 714/714/714 715/715/715
f 713/713/713 715/715/715 716/716/716
v -0.2265268 -0.7111271 0.9400000
v -0.1988729 -0.6834732 0.9400000
v -0.2279975 -0.6623129 0.9400000
v -0.2476871 -0.6820025 0.9400000
vt 0.8610320 0.9800000
vt 0.9800000 0.8610320
vt 0.8547052 0.7700000
vt 0.7700000 0.8547052
vn 0.0000000 -0.0000000 1.0000000
vn 0.0000000 -0.0000000 1.0000000
vn 0.0000000 -0.0000000 1.0000000
vn 0.0000000 -0.0000000 1.0000000
f 717/717/717 718/718/718 719/719/719
f 717/717/717 719/719/719 720/720/720
v -0.1988729 -0.6834732 0.9400000
v -0.1811179 -0.6486271 0.9400000
v -0.2153560 -0.6375025 0.9400000
v -0.2279975 -0.6623129 0.9400000
vt 0.9004656 0.9800000
vt 0.9800000 0.8208187
vt 0.8266285 0.7700000
vt 0.7700000 0.8833371
vn 0.0000000 -0.0000000 1.0000000
vn 0.0000000 -0.0000000 1.0000000
vn 0.0000000 -0.0000000 1.0000000
vn 0.0000000 -0.0000000 1.0000000
f 721/721/721 722/722/722 723/723/723
f 721/721/721 723/723/723 724/724/724
v -0.1811179 -0.6486271 0.9400000
v -0.1750000 -0.6100000 0.9400000
v -0.2110000 -0.6100000 0.9400000
v -0.2153560 -0.6375025 0.9400000
vt 0.9481642 0.9800000
vt 0.9800000 0.7700000
vt 0.7926671 0.7700000
vt 0.7700000 0.9195200
vn 0.0000000 -0.0000000 1.0000000
vn 0.0000000 -0.0000000 1.0000000
vn 0.0000000 -0.0000000 1.0000000
vn 0.0000000 -0.0000000 1.0000000
f 725/725/725 726/726/726 727/727/727
f 725/725/725 727/727/727 728/728/728
v -0.2110000 -0.6100000 0.9400000
v -0.2153560 -0.5824975 0.9400000
v -0.2153560 -0.5824975 0.7400000
v -0.2110000 -0.6100000 0.7400000
vt 0.9800000 0.9800000
vt 0.9800000 0.7700000
vt 0.7700000 0.7700000
vt 0.7700000 0.9800000
vn -0.9876883 -0.1564345 0.0000000
vn -0.9876883 -0.1564345 0.0000000
vn -0.9876883 -0.1564345 0.0000000
vn -0.9876883 -0.1564345 0.0000000
f 729/729/729 730/730/730 731/731/731
f 729/729/729 731/731/731 732/732/732
v -0.2153560 -0.5824975 0.9400000
v -0.2279975 -0.5576871 0.9400000
v -0.2279975 -0.5576871 0.7400000
v -0.2153560 -0.5824975 0.7400000
vt 0.9800000 0.9800000
vt 0.9800000 0.7700000
vt 0.7700000 0.7700000
vt 0.7700000 0.9800000
vn -0.8910065 -0.4539905 0.0000000
vn -0.8910065 -0.4539905 0.0000000
vn -0.8910065 -0.4539905 0.0000000
vn -0.8910065 -0.4539905 0.0000000
f 733/733/733 734/734/734 735/735/735
f 733/733/733 735/735/735 736/736/736
v -0.2279975 -0.5576871 0.9400000
v -0.2476871 -0.5379975 0.9400000
v -0.2476871 -0.5379975 0.7400000
v -0.2279975 -0.5576871 0.7400000
vt 0.9800000 0.9800000
vt 0.9800000 0.7700000
vt 0.7700000 0.7700000
vt 0.7700000 0.9800000
vn -0.7071068 -0.7071068 0.0000000
vn -0.7071068 -0.7071068 0.0000000
vn -0.7071068 -0.7071068 0.0000000
vn -0.7071068 -0.7071068 0.0000000
f 737/737/737 738/738/738 739/739/739
f 737/737/737 739/739/739 740/740/740
v -0.2476871 -0.5379975 0.9400000
v -0.2724975 -0.5253560 0.9400000
v -0.2724975 -0.5253560 0.7400000
v -0.2476871 -0.5379975 0.7400000
vt 0.9800000 0.7700000
vt 0.9800000 0.9800000
vt 0.7700000 0.9800000
vt 0.7700000 0.7700000
vn -0.4539905 -0.8910065 0.0000000
vn -0.4539905 -0.8910065 0.0000000
vn -0.4539905 -0.8910065 0.0000000
vn -0.4539905 -0.8910065 0.0000000
f 741/741/741 742/742/742 743/743/743
f 741/741/741 743/743/743 744/744/744
v -0.2724975 -0.5253560 0.9400000
v -0.3000000 -0.5210000 0.9400000
v -0.3000000 -0.5210000 0.7400000
v -0.2724975 -0.5253560 0.7400000
vt 0.9800000 0.7700000
vt 0.9800000 0.9800000
vt 0.7700000 0.9800000
vt 0.7700000 0.7700000
vn -0.1564345 -0.9876883 0.0000000
vn -0.1564345 -0.9876883 0.0000000
vn -0.1564345 -0.9876883 0.0000000
vn -0.1564345 -0.9876883 0.0000000
f 745/745/745 746/746/746 747/747/747
f 745/745/745 747/747/747 748/748/748
v -0.3000000 -0.5210000 0.9400000
v -0.3275025 -0.5253560 0.9400000
v -0.3275025 -0.5253560 0.7400000
v -0.3000000 -0.5210000 0.7400000
vt 0.9800000 0.7700000
vt 0.9800000 0.9800000
vt 0.7700000 0.9800000
vt 0.7700000 0.7700000
vn 0.1564345 -0.9876883 0.0000000
vn 0.1564345 -0.9876883 0.0000000
vn 0.1564345 -0.9876883 0.0000000
vn 0.1564345 -0.9876883 0.0000000
f 749/749/749 750/750/750 751/751/751
f 749/749/749 751/751/751 752/752/752
v -0.3275025 -0.5253560 0.9400000
v -0.3523129 -0.5379975 0.9400000
v -0.3523129 -0.5379975 0.7400000
v -0.3275025 -0.5253560 0.7400000
vt 0.9800000 0.7700000
vt 0.9800000 0.9800000
vt 0.7700000 0.9800000
vt 0.7700000 0.7700000
vn 0.4539905 -0.8910065 0.0000000
vn 0.4539905 -0.8910065 0.0000000
vn 0.4539905 -0.8910065 0.0000000
vn 0.4539905 -0.8910065 0.0000000
f 753/753/753 754/754/754 755/755/755
f 753/753/753 755/755/755 756/756/756
v -0.3523129 -0.5379975 0.9400000
v -0.3720025 -0.5576871 0.9400000
v -0.3720025 -0.5576871 0.7400000
v -0.3523129 -0.5379975 0.7400000
vt 0.9800000 0.7700000
vt 0.9800000 0.9800000
vt 0.7700000 0.9800000
vt 0.7700000 0.7700000
vn 0.7071068 -0.7071068 0.0000000
vn 0.7071068 -0.7071068 0.0000000
vn 0.7071068 -0.7071068 0.0000000
vn 0.7071068 -0.7071068 0.0000000
f 757/757/757 758/758/758 759/759/759
f 757/757/757 759/759/759 760/760/760
v -0.3720025 -0.5576871 0.9400000
v -0.3846440 -0.5824975 0.9400000
v -0.3846440 -0.5824975 0.7400000
v -0.3720025 -0.5576871 0.7400000
vt 0.9800000 0.7700000
vt 0.9800000 0.9800000
vt 0.7700000 0.9800000
vt 0.7700000 0.7700000
vn 0.8910065 -0.4539905 0.0000000
vn 0.8910065 -0.4539905 0.0000000
vn 0.8910065 -0.4539905 0.0000000
vn 0.8910065 -0.4539905 0.0000000
f 761/761/761 762/762/762 763/763/763
f 761/761/761 763/763/763 764/764/764
v -0.3846440 -0.5824975 0.9400000
v -0.3890000 -0.6100000 0.9400000
v -0.3890000 -0.6100000 0.7400000
v -0.3846440 -0.5824975 0.7400000
vt 0.9800000 0.7700000
vt 0.9800000 0.9800000
vt 0.7700000 0.9800000
vt 0.7700000 0.7700000
vn 0.9876883 -0.1564345 0.0000000
vn 0.9876883 -0.1564345 0.0000000
vn 0.9876883 -0.1564345 0.0000000
vn 0.9876883 -0.1564345 0.0000000
f 765/765/765 766/766/766 767/767/767
f 765/765/765 767/767/767 768/768/768
v -0.3890000 -0.6100000 0.9400000
v -0.3846440 -0.6375025 0.9400000
v -0.3846440 -0.6375025 0.7400000
v -0.3890000 -0.6100000 0.7400000
vt 0.9800000 0.7700000
vt 0.9800000 0.9800000
vt 0.7700000 0.9800000
vt 0.7700000 0.7700000
vn 0.9876883 0.1564345 0.0000000
vn 0.9876883 0.1564345 0.0000000
vn 0.9876883 0.1564345 0.0000000
vn 0.9876883 0.1564345 0.0000000
f 769/769/769 770/770/770 771/771/771
f 769/769/769 771/771/771 772/772/772
v -0.3846440 -0.6375025 0.9400000
v -0.3720025 -0.6623129 0.9400000
v -0.3720025 -0.6623129 0.7400000
v -0.3846440 -0.6375025 0.7400000
vt 0.9800000 0.7700000
vt 0.9800000 0.9800000
vt 0.7700000 0.9800000
vt 0.7700000 0.7700000
vn 0.8910065 0.4539905 0.0000000
vn 0.8910065 0.4539905 0.0000000
vn 0.8910065 0.4539905 0.0000000
vn 0.8910065 0.4539905 0.0000000
f 773/773/773 774/774/774 775/775/775
f 773/773/773 775/775/775 776/776/776
v -0.3720025 -0.6623129 0.9400000
v -0.3523129 -0.6820025 0.9400000
v -0.3523129 -0.6820025 0.7400000
v -0.3720025 -0.6623129 0.7400000
vt 0.9800000 0.9800000
vt 0.9800000 0.7700000
vt 0.7700000 0.7700000
vt 0.7700000 0.9800000
vn 0.7071068 0.7071068 0.0000000
vn 0.7071068 0.7071068 0.0000000
vn 0.7071068 0.7071068 0.0000000
vn 0.7071068 0.7071068 0.0000000
f 777/777/777 778/778/778 779/779/779
f 777/777/777 779/779/779 780/780/780
v -0.3523129 -0.6820025 0.9400000
v -0.3275025 -0.6946440 0.9400000
v -0.3275025 -0.6946440 0.7400000
v -0.3523129 -0.6820025 0.7400000
vt 0.9800000 0.9800000
vt 0.9800000 0.7700000
vt 0.7700000 0.7700000
vt 0.7700000 0.9800000
vn 0.4539905 0.8910065 0.0000000
vn 0.4539905 0.8910065 0.0000000
vn 0.4539905 0.8910065 0.0000000
vn 0.4539905 0.8910065 0.0000000
f 781/781/781 782/782/782 783/783/783
f 781/781/781 783/783/783 784/784/784
v -0.3275025 -0.6946440 0.9400000
v -0.3000000 -0.6990000 0.9400000
v -0.3000000 -0.6990000 0.7400000
v -0.3275025 -0.6946440 0.7400000
vt 0.9800000 0.9800000
vt 0.9800000 0.7700000
vt 0.7700000 0.7700000
vt 0.7700000 0.9800000
vn 0.1564345 0.9876883 0.0000000
vn 0.1564345 0.9876883 0.0000000
vn 0.1564345 0.9876883 0.0000000
vn 0.1564345 0.9876883 0.0000000
f 785/785/785 786/786/786 787/787/787
f 785/785/785 787/787/787 788/788/788
v -0.3000000 -0.6990000 0.9400000
v -0.2724975 -0.6946440 0.9400000
v -0.2724975 -0.6946440 0.7400000
v -0.3000000 -0.6990000 0.7400000
vt 0.9800000 0.9800000
vt 0.9800000 0.7700000
vt 0.7700000 0.7700000
vt 0.7700000 0.9800000
vn -0.1564345 0.9876883 0.0000000
vn -0.1564345 0.9876883 0.0000000
vn -0.1564345 0.9876883 0.0000000
vn -0.1564345 0.9876883 0.0000000
f 789/789/789 790/790/790 791/791/791
f 789/789/789 791/791/791 792/792/792
v -0.2724975 -0.6946440 0.9400000
v -0.2476871 -0.6820025 0.9400000
v -0.2476871 -0.6820025 0.7400000
v -0.2724975 -0.6946440 0.7400000
vt 0.9800000 0.9800000
vt 0.9800000 0.7700000
vt 0.7700000 0.7700000
vt 0.7700000 0.9800000
vn -0.4539905 0.8910065 0.0000000
vn -0.4539905 0.8910065 0.0000000
vn -0.4539905 0.8910065 0.0000000
vn -0.4539905 0.8910065 0.0000000
f 793/793/793 794/794/794 795/795/795
f 793/793/793 795/795/795 796/796/796
v -0.2476871 -0.6820025 0.9400000
v -0.2279975 -0.6623129 0.9400000
v -0.2279975 -0.6623129 0.7400000
v -0.2476871 -0.6820025 0.7400000
vt 0.9800000 0.9800000
vt 0.9800000 0.7700000
vt 0.7700000 0.7700000
vt 0.7700000 0.9800000
vn -0.7071068 0.7071068 0.0000000
vn -0.7071068 0.7071068 0.0000000
vn -0.7071068 0.7071068 0.0000000
vn -0.7071068 0.7071068 0.0000000
f 797/797/797 798/798/798 799/799/799
f 797/797/797 799/799/799 800/800/800
v -0.2279975 -0.6623129 0.9400000
v -0.2153560 -0.6375025 0.9400000
v -0.2153560 -0.6375025 0.7400000
v -0.2279975 -0.6623129 0.7400000
vt 0.9800000 0.9800000
vt 0.9800000 0.7700000
vt 0.7700000 0.7700000
vt 0.7700000 0.9800000
vn -0.8910065 0.4539905 0.0000000
vn -0.8910065 0.4539905 0.0000000
vn -0.8910065 0.4539905 0.0000000
vn -0.8910065 0.4539905 0.0000000
f 801/801/801 802/802/802 803/803/803
f 801/801/801 803/803/803 804/804/804
v -0.2153560 -0.6375025 0.9400000
v -0.2110000 -0.6100000 0.9400000
v -0.2110000 -0.6100000 0.7400000
v -0.2153560 -0.6375025 0.7400000
vt 0.9800000 0.9800000
vt 0.9800000 0.7700000
vt 0.7700000 0.7700000
vt 0.7700000 0.9800000
vn -0.9876883 0.1564345 0.0000000
vn -0.9876883 0.1564345 0.0000000
vn -0.9876883 0.1564345 0.0000000
vn -0.9876883 0.1564345 0.0000000
f 805/805/805 806/806/806 807/807/807
f 805/805/805 807/807/807 808/808/808
v -0.2153560 -0.6375025 0.7350000
v -0.2279975 -0.6623129 0.7350000
v -0.2476871 -0.6820025 0.7350000
v -0.2724975 -0.6946440 0.7350000
v -0.3000000 -0.6990000 0.7350000
v -0.3275025 -0.6946440 0.7350000
v -0.3523129 -0.6820025 0.7350000
v -0.3720025 -0.6623129 0.7350000
v -0.3846440 -0.6375025 0.7350000
v -0.3890000 -0.6100000 0.7350000
v -0.3846440 -0.5824975 0.7350000
v -0.3720025 -0.5576871 0.7350000
v -0.3523129 -0.5379975 0.7350000
v -0.3275025 -0.5253560 0.7350000
v -0.3000000 -0.5210000 0.7350000
v -0.2724975 -0.5253560 0.7350000
v -0.2476871 -0.5379975 0.7350000
v -0.2279975 -0.5576871 0.7350000
v -0.2153560 -0.5824975 0.7350000
v -0.2110000 -0.6100000 0.7350000
vt 0.9748609 0.4074468
vt 0.9599468 0.4367175
vt 0.9367175 0.4599468
vt 0.9074468 0.4748609
vt 0.8750000 0.4800000
vt 0.8425532 0.4748609
vt 0.8132825 0.4599468
vt 0.7900532 0.4367175
vt 0.7751391 0.4074468
vt 0.7700000 0.3750000
vt 0.7751391 0.3425532
vt 0.7900532 0.3132825
vt 0.8132825 0.2900532
vt 0.8425532 0.2751391
vt 0.8750000 0.2700000
vt 0.9074468 0.2751391
vt 0.9367175 0.2900532
vt 0.9599468 0.3132825
vt 0.9748609 0.3425532
vt 0.9800000 0.3750000
vn 0.0000000 0.0000000 -1.0000000
vn 0.0000000 0.0000000 -1.0000000
vn 0.0000000 0.0000000 -1.0000000
vn 0.0000000 0.0000000 -1.0000000
vn 0.0000000 0.0000000 -1.0000000
vn 0.0000000 0.0000000 -1.0000000
vn 0.0000000 0.0000000 -1.0000000
vn 0.0000000 0.0000000 -1.0000000
vn 0.0000000 0.0000000 -1.0000000
vn 0.0000000 0.0000000 -1.0000000
vn 0.0000000 0.0000000 -1.0000000
vn 0.0000000 0.0000000 -1.0000000
vn 0.0000000 0.0000000 -1.0000000
vn 0.0000000 0.0000000 -1.0000000
vn 0.0000000 0.0000000 -1.0000000
vn 0.0000000 0.0000000 -1.0000000
vn 0.0000000 0.0000000 -1.0000000
vn 0.0000000 0.0000000 -1.0000000
vn 0.0000000 0.0000000 -1.0000000
vn 0.0000000 0.0000000 -1.0000000
f 809/809/809 810/810/810 811/811/811
f 809/809/809 811/811/811 812/812/812
f 809/809/809 812/812/812 813/813/813
f 809/809/809 813/813/813 814/814/814
f 809/809/809 814/814/814 815/815/815
f 809/809/809 815/815/815 816/816/816
f 809/809/809 816/816/816 817/817/817
f 809/809/809 817/817/817 818/818/818
f 809/809/809 818/818/818 819/819/819
f 809/809/809 819/819/819 820/820/820
f 809/809/809 820/820/820 821/821/821
f 809/809/809 821/821/821 822/822/822
f 809/809/809 822/822/822 823/823/823
f 809/809/809 823/823/823 824/824/824
f 809/809/809 824/824/824 825/825/825
f 809/809/809 825/825/825 826/826/826
f 809/809/809 826/826/826 827/827/827
f 809/809/809 827/827/827 828/828/828
v -0.2110000 -0.6100000 0.7350000
v -0.2153560 -0.5824975 0.7350000
v -0.2153560 -0.5824975 0.7400000
v -0.2110000 -0.6100000 0.7400000
vt 0.7700000 0.4800000
vt 0.7700000 0.2700000
vt 0.9800000 0.2700000
vt 0.9800000 0.4800000
vn 0.9876883 0.1564345 0.0000000
vn 0.9876883 0.1564345 0.0000000
vn 0.9876883 0.1564345 0.0000000
vn 0.9876883 0.1564345 0.0000000
f 829/829/829 830/830/830 831/831/831
f 829/829/829 831/831/831 832/832/832
v -0.2153560 -0.5824975 0.7350000
v -0.2279975 -0.5576871 0.7350000
v -0.2279975 -0.5576871 0.7400000
v -0.2153560 -0.5824975 0.7400000
vt 0.7700000 0.4800000
vt 0.7700000 0.2700000
vt 0.9800000 0.2700000
vt 0.9800000 0.4800000
vn 0.8910065 0.4539905 0.0000000
vn 0.8910065 0.4539905 0.0000000
vn 0.8910065 0.4539905 0.0000000
vn 0.8910065 0.4539905 0.0000000
f 833/833/833 834/834/834 835/835/835
f 833/833/833 835/835/835 836/836/836
v -0.2279975 -0.5576871 0.7350000
v -0.2476871 -0.5379975 0.7350000
v -0.2476871 -0.5379975 0.7400000
v -0.2279975 -0.5576871 0.7400000
vt 0.7700000 0.4800000
vt 0.7700000 0.2700000
vt 0.9800000 0.2700000
vt 0.9800000 0.4800000
vn 0.7071068 0.7071068 0.0000000
vn 0.7071068 0.7071068 0.0000000
vn 0.7071068 0.7071068 0.0000000
vn 0.7071068 0.7071068 0.0000000
f 837/837/837 838/838/838 839/839/839
f 837/837/837 839/839/839 840/840/840
v -0.2476871 -0.5379975 0.7350000
v -0.2724975 -0.5253560 0.7350000
v -0.2724975 -0.5253560 0.7400000
v -0.2476871 -0.5379975 0.7400000
vt 0.7700000 0.2700000
vt 0.7700000 0.4800000
vt 0.9800000 0.4800000
vt 0.9800000 0.2700000
vn 0.4539905 0.8910065 0.0000000
vn 0.4539905 0.8910065 0.0000000
vn 0.4539905 0.8910065 0.0000000
vn 0.4539905 0.8910065 0.0000000
f 841/841/841 842/842/842 843/843/843
f 841/841/841 843/843/843 844/844/844
v -0.2724975 -0.5253560 0.7350000
v -0.3000000 -0.5210000 0.7350000
v -0.3000000 -0.5210000 0.7400000
v -0.2724975 -0.5253560 0.7400000
vt 0.7700000 0.2700000
vt 0.7700000 0.4800000
vt 0.9800000 0.4800000
vt 0.9800000 0.2700000
vn 0.1564345 0.9876883 0.0000000
vn 0.1564345 0.9876883 0.0000000
vn 0.1564345 0.9876883 0.0000000
vn 0.1564345 0.9876883 0.0000000
f 845/845/845 846/846/846 847/847/847
f 845/845/845 847/847/847 848/848/848
v -0.3000000 -0.5210000 0.7350000
v -0.3275025 -0.5253560 0.7350000
v -0.3275025 -0.5253560 0.7400000
v -0.3000000 -0.5210000 0.7400000
vt 0.7700000 0.2700000
vt 0.7700000 0.4800000
vt 0.9800000 0.4800000
vt 0.9800000 0.2700000
vn -0.1564345 0.9876883 0.0000000
vn -0.1564345 0.9876883 0.0000000
vn -0.1564345 0.9876883 0.0000000
vn -0.1564345 0.9876883 0.0000000
f 849/849/849 850/850/850 851/851/851
f 849/849/849 851/851/851 852/852/852
v -0.3275025 -0.5253560 0.7350000
v -0.3523129 -0.5379975 0.7350000
v -0.3523129 -0.5379975 0.7400000
v -0.3275025 -0.5253560 0.7400000
vt 0.7700000 0.2700000
vt 0.7700000 0.4800000
vt 0.9800000 0.4800000
vt 0.9800000 0.2700000
vn -0.4539905 0.8910065 0.0000000
vn -0.4539905 0.8910065 0.0000000
vn -0.4539905 0.8910065 0.0000000
vn -0.4539905 0.8910065 0.0000000
f 853/853/853 854/854/854 855/855/855
f 853/853/853 855/855/855 856/856/856
v -0.3523129 -0.5379975 0.7350000
v -0.3720025 -0.5576871 0.7350000
v -0.3720025 -0.5576871 0.7400000
v -0.3523129 -0.5379975 0.7400000
vt 0.7700000 0.2700000
vt 0.7700000 0.4800000
vt 0.9800000 0.4800000
vt 0.9800000 0.2700000
vn -0.7071068 0.7071068 0.0000000
vn -0.7071068 0.7071068 0.0000000
vn -0.7071068 0.7071068 0.0000000
vn -0.7071068 0.7071068 0.0000000
f 857/857/857 858/858/858 859/859/859
f 857/857/857 859/859/859 860/860/860
v -0.3720025 -0.5576871 0.7350000
v -0.3846440 -0.5824975 0.7350000
v -0.3846440 -0.5824975 0.7400000
v -0.3720025 -0.5576871 0.7400000
vt 0.7700000 0.2700000
vt 0.7700000 0.4800000
vt 0.9800000 0.4800000
vt 0.9800000 0.2700000
vn -0.8910065 0.4539905 0.0000000
vn -0.8910065 0.4539905 0.0000000
vn -0.8910065 0.4539905 0.0000000
vn -0.8910065 0.4539905 0.0000000
f 861/861/861 862/862/862 863/863/863
f 861/861/861 863/863/863 864/864/864
v -0.3846440 -0.5824975 0.7350000
v -0.3890000 -0.6100000 0.7350000
v -0.3890000 -0.6100000 0.7400000
v -0.3846440 -0.5824975 0.7400000
vt 0.7700000 0.2700000
vt 0.7700000 0.4800000
vt 0.9800000 0.4800000
vt 0.9800000 0.2700000
vn -0.9876883 0.1564345 0.0000000
vn -0.9876883 0.1564345 0.0000000
vn -0.9876883 0.1564345 0.0000000
vn -0.9876883 0.1564345 0.0000000
f 865/865/865 866/866/866 867/867/867
f 865/865/865 867/867/867 868/868/868
v -0.3890000 -0.6100000 0.7350000
v -0.3846440 -0.6375025 0.7350000
v -0.3846440 -0.6375025 0.7400000
v -0.3890000 -0.6100000 0.7400000
vt 0.7700000 0.2700000
vt 0.7700000 0.4800000
vt 0.9800000 0.4800000
vt 0.9800000 0.2700000
vn -0.9876883 -0.1564345 0.0000000
vn -0.9876883 -0.1564345 0.0000000
vn -0.9876883 -0.1564345 0.0000000
vn -0.9876883 -0.1564345 0.0000000
f 869/869/869 870/870/870 871/871/871
f 869/869/869 871/871/871 872/872/872
v -0.3846440 -0.6375025 0.7350000
v -0.3720025 -0.6623129 0.7350000
v -0.3720025 -0.6623129 0.7400000
v -0.3846440 -0.6375025 0.7400000
vt 0.7700000 0.2700000
vt 0.7700000 0.4800000
vt 0.9800000 0.4800000
vt 0.9800000 0.2700000
vn -0.8910065 -0.4539905 0.0000000
vn -0.8910065 -0.4539905 0.0000000
vn -0.8910065 -0.4539905 0.0000000
vn -0.8910065 -0.4539905 0.0000000
f 873/873/873 874/874/874 875/875/875
f 873/873/873 875/875/875 876/876/876
v -0.3720025 -0.6623129 0.7350000
v -0.3523129 -0.6820025 0.7350000
v -0.3523129 -0.6820025 0.7400000
v -0.3720025 -0.6623129 0.7400000
vt 0.7700000 0.4800000
vt 0.7700000 0.2700000
vt 0.9800000 0.2700000
vt 0.9800000 0.4800000
vn -0.7071068 -0.7071068 0.0000000
vn -0.7071068 -0.7071068 0.0000000
vn -0.7071068 -0.7071068 0.0000000
vn -0.7071068 -0.7071068 0.0000000
f 877/877/877 878/878/878 879/879/879
f 877/877/877 879/879/879 880/880/880
v -0.3523129 -0.6820025 0.7350000
v -0.3275025 -0.6946440 0.7350000
v -0.3275025 -0.6946440 0.7400000
v -0.3523129 -0.6820025 0.7400000
vt 0.7700000 0.4800000
vt 0.7700000 0.2700000
vt 0.9800000 0.2700000
vt 0.9800000 0.4800000
vn -0.4539905 -0.8910065 0.0000000
vn -0.4539905 -0.8910065 0.0000000
vn -0.4539905 -0.8910065 0.0000000
vn -0.4539905 -0.8910065 0.0000000
f 881/881/881 882/882/882 883/883/883
f 881/881/881 883/883/883 884/884/884
v -0.3275025 -0.6946440 0.7350000
v -0.3000000 -0.6990000 0.7350000
v -0.3000000 -0.6990000 0.7400000
v -0.3275025 -0.6946440 0.7400000
vt 0.7700000 0.4800000
vt 0.7700000 0.2700000
vt 0.9800000 0.2700000
vt 0.9800000 0.4800000
vn -0.1564345 -0.9876883 0.0000000
vn -0.1564345 -0.9876883 0.0000000
vn -0.1564345 -0.9876883 0.0000000
vn -0.1564345 -0.9876883 0.0000000
f 885/885/885 886/886/886 887/887/887
f 885/885/885 887/887/887 888/888/888
v -0.3000000 -0.6990000 0.7350000
v -0.2724975 -0.6946440 0.7350000
v -0.2724975 -0.6946440 0.7400000
v -0.3000000 -0.6990000 0.7400000
vt 0.7700000 0.4800000
vt 0.7700000 0.2700000
vt 0.9800000 0.2700000
vt 0.9800000 0.4800000
vn 0.1564345 -0.9876883 0.0000000
vn 0.1564345 -0.9876883 0.0000000
vn 0.1564345 -0.9876883 0.0000000
vn 0.1564345 -0.9876883 0.0000000
f 889/889/889 890/890/890 891/891/891
f 889/889/889 891/891/891 892/892/892
v -0.2724975 -0.6946440 0.7350000
v -0.2476871 -0.6820025 0.7350000
v -0.2476871 -0.6820025 0.7400000
v -0.2724975 -0.6946440 0.7400000
vt 0.7700000 0.4800000
vt 0.7700000 0.2700000
vt 0.9800000 0.2700000
vt 0.9800000 0.4800000
vn 0.4539905 -0.8910065 0.0000000
vn 0.4539905 -0.8910065 0.0000000
vn 0.4539905 -0.8910065 0.0000000
vn 0.4539905 -0.8910065 0.0000000
f 893/893/893 894/894/894 895/895/895
f 893/893/893 895/895/895 896/896/896
v -0.2476871 -0.6820025 0.7350000
v -0.2279975 -0.6623129 0.7350000
v -0.2279975 -0.6623129 0.7400000
v -0.2476871 -0.6820025 0.7400000
vt 0.7700000 0.4800000
vt 0.7700000 0.2700000
vt 0.9800000 0.2700000
vt 0.9800000 0.4800000
vn 0.7071068 -0.7071068 0.0000000
vn 0.7071068 -0.7071068 0.0000000
vn 0.7071068 -0.7071068 0.0000000
vn 0.7071068 -0.7071068 0.0000000
f 897/897/897 898/898/898 899/899/899
f 897/897/897 899/899/899 900/900/900
v -0.2279975 -0.6623129 0.7350000
v -0.2153560 -0.6375025 0.7350000
v -0.2153560 -0.6375025 0.7400000
v -0.2279975 -0.6623129 0.7400000
vt 0.7700000 0.4800000
vt 0.7700000 0.2700000
vt 0.9800000 0.2700000
vt 0.9800000 0.4800000
vn 0.8910065 -0.4539905 0.0000000
vn 0.8910065 -0.4539905 0.0000000
vn 0.8910065 -0.4539905 0.0000000
vn 0.8910065 -0.4539905 0.0000000
f 901/901/901 902/902/902 903/903/903
f 901/901/901 903/903/903 904/904/904
v -0.2153560 -0.6375025 0.7350000
v -0.2110000 -0.6100000 0.7350000
v -0.2110000 -0.6100000 0.7400000
v -0.2153560 -0.6375025 0.7400000
vt 0.7700000 0.4800000
vt 0.7700000 0.2700000
vt 0.9800000 0.2700000
vt 0.9800000 0.4800000
vn 0.9876883 -0.1564345 0.0000000
vn 0.9876883 -0.1564345 0.0000000
vn 0.9876883 -0.1564345 0.0000000
vn 0.9876883 -0.1564345 0.0000000
f 905/905/905 906/906/906 907/907/907
f 905/905/905 907/907/907 908/908/908
v -0.2110000 -0.6100000 0.7400000
v -0.2153560 -0.5824975 0.7400000
v -0.2279975 -0.5576871 0.7400000
v -0.2476871 -0.5379975 0.7400000
v -0.2724975 -0.5253560 0.7400000
v -0.3000000 -0.5210000 0.7400000
v -0.3275025 -0.5253560 0.7400000
v -0.3523129 -0.5379975 0.7400000
v -0.3720025 -0.5576871 0.7400000
v -0.3846440 -0.5824975 0.7400000
v -0.3890000 -0.6100000 0.7400000
v -0.3846440 -0.6375025 0.7400000
v -0.3720025 -0.6623129 0.7400000
v -0.3523129 -0.6820025 0.7400000
v -0.3275025 -0.6946440 0.7400000
v -0.3000000 -0.6990000 0.7400000
v -0.2724975 -0.6946440 0.7400000
v -0.2476871 -0.6820025 0.7400000
v -0.2279975 -0.6623129 0.7400000
v -0.2153560 -0.6375025 0.7400000
vt 0.9800000 0.3750000
vt 0.9748609 0.3425532
vt 0.9599468 0.3132825
vt 0.9367175 0.2900532
vt 0.9074468 0.2751391
vt 0.8750000 0.2700000
vt 0.8425532 0.2751391
vt 0.8132825 0.2900532
vt 0.7900532 0.3132825
vt 0.7751391 0.3425532
vt 0.7700000 0.3750000
vt 0.7751391 0.4074468
vt 0.7900532 0.4367175
vt 0.8132825 0.4599468
vt 0.8425532 0.4748609
vt 0.8750000 0.4800000
vt 0.9074468 0.4748609
vt 0.9367175 0.4599468
vt 0.9599468 0.4367175
vt 0.9748609 0.4074468
vn 0.0000000 0.0000000 1.0000000
vn 0.0000000 0.0000000 1.0000000
vn 0.0000000 0.0000000 1.0000000
vn 0.0000000 0.0000000 1.0000000
vn 0.0000000 0.0000000 1.0000000
vn 0.0000000 0.0000000 1.0000000
vn 0.0000000 0.0000000 1.0000000
vn 0.0000000 0.0000000 1.0000000
vn 0.0000000 0.0000000 1.0000000
vn 0.0000000 0.0000000 1.0000000
vn 0.0000000 0.0000000 1.0000000
vn 0.0000000 0.0000000 1.0000000
vn 0.0000000 0.0000000 1.0000000
vn 0.0000000 0.0000000 1.0000000
vn 0.0000000 0.0000000 1.0000000
vn 0.0000000 0.0000000 1.0000000
vn 0.0000000 0.0000000 1.0000000
vn 0.0000000 0.0000000 1.0000000
vn 0.0000000 0.0000000 1.0000000
vn 0.0000000 0.0000000 1.0000000
f 909/909/909 910/910/910 911/911/911
f 909/909/909 911/911/911 912/912/912
f 909/909/909 912/912/912 913/913/913
f 909/909/909 913/913/913 914/914/914
f 909/909/909 914/914/914 915/915/915
f 909/909/909 915/915/915 916/916/916
f 909/909/909 916/916/916 917/917/917
f 909/909/909 917/917/917 918/918/918
f 909/909/909 918/918/918 919/919/919
f 909/909/909 919/919/919 920/920/920
f 909/909/909 920/920/920 921/921/921
f 909/909/909 921/921/921 922/922/922
f 909/909/909 922/922/922 923/923/923
f 909/909/909 923/923/923 924/924/924
f 909/909/909 924/924/924 925/925/925
f 909/909/909 925/925/925 926/926/926
f 909/909/909 926/926/926 927/927/927
f 909/909/909 927/927/927 928/928/928
v -0.1430000 -0.6100000 0.3100000
v -0.1506841 -0.5614843 0.3100000
v -0.1506841 -0.5614843 0.3700000
v -0.1430000 -0.6100000 0.3700000
vt 0.2700000 0.7300000
vt 0.2700000 0.5200000
vt 0.4800000 0.5200000
vt 0.4800000 0.7300000
vn 0.9876883 0.1564345 0.0000000
vn 0.9876883 0.1564345 0.0000000
vn 0.9876883 0.1564345 0.0000000
vn 0.9876883 0.1564345 0.0000000
f 929/929/929 930/930/930 931/931/931
f 929/929/929 931/931/931 932/932/932
v -0.1506841 -0.5614843 0.3100000
v -0.1729843 -0.5177177 0.3100000
v -0.1729843 -0.5177177 0.3700000
v -0.1506841 -0.5614843 0.3700000
vt 0.2700000 0.7300000
vt 0.2700000 0.5200000
vt 0.4800000 0.5200000
vt 0.4800000 0.7300000
vn 0.8910065 0.4539905 0.0000000
vn 0.8910065 0.4539905 0.0000000
vn 0.8910065 0.4539905 0.0000000
vn 0.8910065 0.4539905 0.0000000
f 933/933/933 934/934/934 935/935/935
f 933/933/933 935/935/935 936/936/936
v -0.1729843 -0.5177177 0.3100000
v -0.2077177 -0.4829843 0.3100000
v -0.2077177 -0.4829843 0.3700000
v -0.1729843 -0.5177177 0.3700000
vt 0.2700000 0.5200000
vt 0.2700000 0.7300000
vt 0.4800000 0.7300000
vt 0.4800000 0.5200000
vn 0.7071068 0.7071068 0.0000000
vn 0.7071068 0.7071068 0.0000000
vn 0.7071068 0.7071068 0.0000000
vn 0.7071068 0.7071068 0.0000000
f 937/937/937 938/938/938 939/939/939
f 937/937/937 939/939/939 940/940/940
v -0.2077177 -0.4829843 0.3100000
v -0.2514843 -0.4606841 0.3100000
v -0.2514843 -0.4606841 0.3700000
v -0.2077177 -0.4829843 0.3700000
vt 0.2700000 0.5200000
vt 0.2700000 0.7300000
vt 0.4800000 0.7300000
vt 0.4800000 0.5200000
vn 0.4539905 0.8910065 0.0000000
vn 0.4539905 0.8910065 0.0000000
vn 0.4539905 0.8910065 0.0000000
vn 0.4539905 0.8910065 0.0000000
f 941/941/941 942/942/942 943/943/943
f 941/941/941 943/943/943 944/944/944
v -0.2514843 -0.4606841 0.3100000
v -0.3000000 -0.4530000 0.3100000
v -0.3000000 -0.4530000 0.3700000
v -0.2514843 -0.4606841 0.3700000
vt 0.2700000 0.5200000
vt 0.2700000 0.7300000
vt 0.4800000 0.7300000
vt 0.4800000 0.5200000
vn 0.1564345 0.9876883 0.0000000
vn 0.1564345 0.9876883 0.0000000
vn 0.1564345 0.9876883 0.0000000
vn 0.1564345 0.9876883 0.0000000
f 945/945/945 946/946/946 947/947/947
f 945/945/945 947/947/947 948/948/948
v -0.3000000 -0.4530000 0.3100000
v -0.3485157 -0.4606841 0.3100000
v -0.3485157 -0.4606841 0.3700000
v -0.3000000 -0.4530000 0.3700000
vt 0.2700000 0.5200000
vt 0.2700000 0.7300000
vt 0.4800000 0.7300000
vt 0.4800000 0.5200000
vn -0.1564345 0.9876883 0.0000000
vn -0.1564345 0.9876883 0.0000000
vn -0.1564345 0.9876883 0.0000000
vn -0.1564345 0.9876883 0.0000000
f 949/949/949 950/950/950 951/951/951
f 949/949/949 951/951/951 952/952/952
v -0.3485157 -0.4606841 0.3100000
v -0.3922823 -0.4829843 0.3100000
v -0.3922823 -0.4829843 0.3700000
v -0.3485157 -0.4606841 0.3700000
vt 0.2700000 0.5200000
vt 0.2700000 0.7300000
vt 0.4800000 0.7300000
vt 0.4800000 0.5200000
vn -0.4539905 0.8910065 0.0000000
vn -0.4539905 0.8910065 0.0000000
vn -0.4539905 0.8910065 0.0000000
vn -0.4539905 0.8910065 0.0000000
f 953/953/953 954/954/954 955/955/955
f 953/953/953 955/955/955 956/956/956
v -0.3922823 -0.4829843 0.3100000
v -0.4270157 -0.5177177 0.3100000
v -0.4270157 -0.5177177 0.3700000
v -0.3922823 -0.4829843 0.3700000
vt 0.2700000 0.5200000
vt 0.2700000 0.7300000
vt 0.4800000 0.7300000
vt 0.4800000 0.5200000
vn -0.7071068 0.7071068 0.0000000
vn -0.7071068 0.7071068 0.0000000
vn -0.7071068 0.7071068 0.0000000
vn -0.7071068 0.7071068 0.0000000
f 957/957/957 958/958/958 959/959/959
f 957/957/957 959/959/959 960/960/960
v -0.4270157 -0.5177177 0.3100000
v -0.4493159 -0.5614843 0.3100000
v -0.4493159 -0.5614843 0.3700000
v -0.4270157 -0.5177177 0.3700000
vt 0.2700000 0.5200000
vt 0.2700000 0.7300000
vt 0.4800000 0.7300000
vt 0.4800000 0.5200000
vn -0.8910065 0.4539905 0.0000000
vn -0.8910065 0.4539905 0.0000000
vn -0.8910065 0.4539905 0.0000000
vn -0.8910065 0.4539905 0.0000000
f 961/961/961 962/962/962 963/963/963
f 961/961/961 963/963/963 964/964/964
v -0.4493159 -0.5614843 0.3100000
v -0.4570000 -0.6100000 0.3100000
v -0.4570000 -0.6100000 0.3700000
v -0.4493159 -0.5614843 0.3700000
vt 0.2700000 0.5200000
vt 0.2700000 0.7300000
vt 0.4800000 0.7300000
vt 0.4800000 0.5200000
vn -0.9876883 0.1564345 0.0000000
vn -0.9876883 0.1564345 0.0000000
vn -0.9876883 0.1564345 0.0000000
vn -0.9876883 0.1564345 0.0000000
f 965/965/965 966/966/966 967/967/967
f 965/965/965 967/967/967 968/968/968
v -0.4570000 -0.6100000 0.3100000
v -0.4493159 -0.6585157 0.3100000
v -0.4493159 -0.6585157 0.3700000
v -0.4570000 -0.6100000 0.3700000
vt 0.2700000 0.5200000
vt 0.2700000 0.7300000
vt 0.4800000 0.7300000
vt 0.4800000 0.5200000
vn -0.9876883 -0.1564345 0.0000000
vn -0.9876883 -0.1564345 0.0000000
vn -0.9876883 -0.1564345 0.0000000
vn -0.9876883 -0.1564345 0.0000000
f 969/969/969 970/970/970 971/971/971
f 969/969/969 971/971/971 972/972/972
v -0.4493159 -0.6585157 0.3100000
v -0.4270157 -0.7022823 0.3100000
v -0.4270157 -0.7022823 0.3700000
v -0.4493159 -0.6585157 0.3700000
vt 0.2700000 0.5200000
vt 0.2700000 0.7300000
vt 0.4800000 0.7300000
vt 0.4800000 0.5200000
vn -0.8910065 -0.4539905 0.0000000
vn -0.8910065 -0.4539905 0.0000000
vn -0.8910065 -0.4539905 0.0000000
vn -0.8910065 -0.4539905 0.0000000
f 973/973/973 974/974/974 975/975/975
f 973/973/973 975/975/975 976/976/976
v -0.4270157 -0.7022823 0.3100000
v -0.3922823 -0.7370157 0.3100000
v -0.3922823 -0.7370157 0.3700000
v -0.4270157 -0.7022823 0.3700000
vt 0.2700000 0.7300000
vt 0.2700000 0.5200000
vt 0.4800000 0.5200000
vt 0.4800000 0.7300000
vn -0.7071068 -0.7071068 0.0000000
vn -0.7071068 -0.7071068 0.0000000
vn -0.7071068 -0.7071068 0.0000000
vn -0.7071068 -0.7071068 0.0000000
f 977/977/977 978/978/978 979/979/979
f 977/977/977 979/979/979 980/980/980
v -0.3922823 -0.7370157 0.3100000
v -0.3485157 -0.7593159 0.3100000
v -0.3485157 -0.7593159 0.3700000
v -0.3922823 -0.7370157 0.3700000
vt 0.2700000 0.7300000
vt 0.2700000 0.5200000
vt 0.4800000 0.5200000
vt 0.4800000 0.7300000
vn -0.4539905 -0.8910065 0.0000000
vn -0.4539905 -0.8910065 0.0000000
vn -0.4539905 -0.8910065 0.0000000
vn -0.4539905 -0.8910065 0.0000000
f 981/981/981 982/982/982 983/983/983
f 981/981/981 983/983/983 984/984/984
v -0.3485157 -0.7593159 0.3100000
v -0.3000000 -0.7670000 0.3100000
v -0.3000000 -0.7670000 0.3700000
v -0.3485157 -0.7593159 0.3700000
vt 0.2700000 0.7300000
vt 0.2700000 0.5200000
vt 0.4800000 0.5200000
vt 0.4800000 0.7300000
vn -0.1564345 -0.9876883 0.0000000
vn -0.1564345 -0.9876883 0.0000000
vn -0.1564345 -0.9876883 0.0000000
vn -0.1564345 -0.9876883 0.0000000
f 985/985/985 986/986/986 987/987/987
f 985/985/985 987/987/987 988/988/988
v -0.3000000 -0.7670000 0.3100000
v -0.2514843 -0.7593159 0.3100000
v -0.2514843 -0.7593159 0.3700000
v -0.3000000 -0.7670000 0.3700000
vt 0.2700000 0.7300000
vt 0.2700000 0.5200000
vt 0.4800000 0.5200000
vt 0.4800000 0.7300000
vn 0.1564345 -0.9876883 0.0000000
vn 0.1564345 -0.9876883 0.0000000
vn 0.1564345 -0.9876883 0.0000000
vn 0.1564345 -0.9876883 0.0000000
f 989/989/989 990/990/990 991/991/991
f 989/989/989 991/991/991 992/992/992
v -0.2514843 -0.7593159 0.3100000
v -0.2077177 -0.7370157 0.3100000
v -0.2077177 -0.7370157 0.3700000
v -0.2514843 -0.7593159 0.3700000
vt 0.2700000 0.7300000
vt 0.2700000 0.5200000
vt 0.4800000 0.5200000
vt 0.4800000 0.7300000
vn 0.4539905 -0.8910065 0.0000000
vn 0.4539905 -0.8910065 0.0000000
vn 0.4539905 -0.8910065 0.0000000
vn 0.4539905 -0.8910065 0.0000000
f 993/993/993 994/994/994 995/995/995
f 993/993/993 995/995/995 996/996/996
v -0.2077177 -0.7370157 0.3100000
v -0.1729843 -0.7022823 0.3100000
v -0.1729843 -0.7022823 0.3700000
v -0.2077177 -0.7370157 0.3700000
vt 0.2700000 0.7300000
vt 0.2700000 0.5200000
vt 0.4800000 0.5200000
vt 0.4800000 0.7300000
vn 0.7071068 -0.7071068 0.0000000
vn 0.7071068 -0.7071068 0.0000000
vn 0.7071068 -0.7071068 0.0000000
vn 0.7071068 -0.7071068 0.0000000
f 997/997/997 998/998/998 999/999/999
f 997/997/997 999/999/999 1000/1000/1000
v -0.1729843 -0.7022823 0.3100000
v -0.1506841 -0.6585157 0.3100000
v -0.1506841 -0.6585157 0.3700000
v -0.1729843 -0.7022823 0.3700000
vt 0.2700000 0.7300000
vt 0.2700000 0.5200000
vt 0.4800000 0.5200000
vt 0.4800000 0.7300000
vn 0.8910065 -0.4539905 0.0000000
vn 0.8910065 -0.4539905 0.0000000
vn 0.8910065 -0.4539905 0.0000000
vn 0.8910065 -0.4539905 0.0000000
f 1001/1001/1001 1002/1002/1002 1003/1003/1003
f 1001/1001/1001 1003/1003/1003 1004/1004/1004
v -0.1506841 -0.6585157 0.3100000
v -0.1430000 -0.6100000 0.3100000
v -0.1430000 -0.6100000 0.3700000
v -0.1506841 -0.6585157 0.3700000
vt 0.2700000 0.7300000
vt 0.2700000 0.5200000
vt 0.4800000 0.5200000
vt 0.4800000 0.7300000
vn 0.9876883 -0.1564345 0.0000000
vn 0.9876883 -0.1564345 0.0000000
vn 0.9876883 -0.1564345 0.0000000
vn 0.9876883 -0.1564345 0.0000000
f 1005/1005/1005 1006/1006/1006 1007/1007/1007
f 1005/1005/1005 1007/1007/1007 1008/1008/1008
v -0.3978976 0.3600000 -0.1425862
v -0.4411067 0.3600000 -0.1646024
v -0.4753976 0.3600000 -0.1988933
v -0.4974138 0.3600000 -0.2421024
v -0.5050000 0.3600000 -0.2900000
v -0.4974138 0.3600000 -0.3378976
v -0.4753976 0.3600000 -0.3811067
v -0.4411067 0.3600000 -0.4153976
v -0.3978976 0.3600000 -0.4374138
v -0.3500000 0.3600000 -0.4450000
v -0.3021024 0.3600000 -0.4374138
v -0.2588933 0.3600000 -0.4153976
v -0.2246024 0.3600000 -0.3811067
v -0.2025862 0.3600000 -0.3378976
v -0.1950000 0.3600000 -0.2900000
v -0.2025862 0.3600000 -0.2421024
v -0.2246024 0.3600000 -0.1988933
v -0.2588933 0.3600000 -0.1646024
v -0.3021024 0.3600000 -0.1425862
v -0.3500000 0.3600000 -0.1350000
vt 0.5925532 0.7751391
vt 0.5632825 0.7900532
vt 0.5400532 0.8132825
vt 0.5251391 0.8425532
vt 0.5200000 0.8750000
vt 0.5251391 0.9074468
vt 0.5400532 0.9367175
vt 0.5632825 0.9599468
vt 0.5925532 0.9748609
vt 0.6250000 0.9800000
vt 0.6574468 0.9748609
vt 0.6867175 0.9599468
vt 0.7099468 0.9367175
vt 0.7248609 0.9074468
vt 0.7300000 0.8750000
vt 0.7248609 0.8425532
vt 0.7099468 0.8132825
vt 0.6867175 0.7900532
vt 0.6574468 0.7751391
vt 0.6250000 0.7700000
vn 0.0000000 -1.0000000 0.0000000
vn 0.0000000 -1.0000000 0.0000000
vn 0.0000000 -1.0000000 0.0000000
vn 0.0000000 -1.0000000 0.0000000
vn 0.0000000 -1.0000000 0.0000000
vn 0.0000000 -1.0000000 0.0000000
vn 0.0000000 -1.0000000 0.0000000
vn 0.0000000 -1.0000000 0.0000000
vn 0.0000000 -1.0000000 0.0000000
vn 0.0000000 -1.0000000 0.0000000
vn 0.0000000 -1.0000000 0.0000000
vn 0.0000000 -1.0000000 0.0000000
vn 0.0000000 -1.0000000 0.0000000
vn 0.0000000 -1.0000000 0.0000000
vn 0.0000000 -1.0000000 0.0000000
vn 0.0000000 -1.0000000 0.0000000
vn 0.0000000 -1.0000000 0.0000000
vn 0.0000000 -1.0000000 0.0000000
vn 0.0000000 -1.0000000 0.0000000
vn 0.0000000 -1.0000000 0.0000000
f 1009/1009/1009 1010/1010/1010 1011/1011/1011
f 1009/1009/1009 1011/1011/1011 1012/1012/1012
f 1009/1009/1009 1012/1012/1012 1013/1013/1013
f 1009/1009/1009 1013/1013/1013 1014/1014/1014
f 1009/1009/1009 1014/1014/1014 1015/1015/1015
f 1009/1009/1009 1015/1015/1015 1016/1016/1016
f 1009/1009/1009 1016/1016/1016 1017/1017/1017
f 1009/1009/1009 1017/1017/1017 1018/1018/1018
f 1009/1009/1009 1018/1018/1018 1019/1019/1019
f 1009/1009/1009 1019/1019/1019 1020/1020/1020
f 1009/1009/1009 1020/1020/1020 1021/1021/1021
f 1009/1009/1009 1021/1021/1021 1022/1022/1022
f 1009/1009/1009 1022/1022/1022 1023/1023/1023
f 1009/1009/1009 1023/1023/1023 1024/1024/1024
f 1009/1009/1009 1024/1024/1024 1025/1025/1025
f 1009/1009/1009 1025/1025/1025 1026/1026/1026
f 1009/1009/1009 1026/1026/1026 1027/1027/1027
f 1009/1009/1009 1027/1027/1027 1028/1028/1028
v -0.3500000 0.3600000 -0.1350000
v -0.3021024 0.3600000 -0.1425862
v -0.3021024 0.6900000 -0.1425862
v -0.3500000 0.6900000 -0.1350000
vt 0.5200000 0.9800000
vt 0.5200000 0.7700000
vt 0.7300000 0.7700000
vt 0.7300000 0.9800000
vn 0.1564345 0.0000000 0.9876883
vn 0.1564345 0.0000000 0.9876883
vn 0.1564345 0.0000000 0.9876883
vn 0.1564345 0.0000000 0.9876883
f 1029/1029/1029 1030/1030/1030 1031/1031/1031
f 1029/1029/1029 1031/1031/1031 1032/1032/1032
v -0.3021024 0.3600000 -0.1425862
v -0.2588933 0.3600000 -0.1646024
v -0.2588933 0.6900000 -0.1646024
v -0.3021024 0.6900000 -0.1425862
vt 0.5200000 0.9800000
vt 0.5200000 0.7700000
vt 0.7300000 0.7700000
vt 0.7300000 0.9800000
vn 0.4539905 0.0000000 0.8910065
vn 0.4539905 0.0000000 0.8910065
vn 0.4539905 0.0000000 0.8910065
vn 0.4539905 0.0000000 0.8910065
f 1033/1033/1033 1034/1034/1034 1035/1035/1035
f 1033/1033/1033 1035/1035/1035 1036/1036/1036
v -0.2588933 0.3600000 -0.1646024
v -0.2246024 0.3600000 -0.1988933
v -0.2246024 0.6900000 -0.1988933
v -0.2588933 0.6900000 -0.1646024
vt 0.5200000 0.9800000
vt 0.5200000 0.7700000
vt 0.7300000 0.7700000
vt 0.7300000 0.9800000
vn 0.7071068 0.0000000 0.7071068
vn 0.7071068 0.0000000 0.7071068
vn 0.7071068 0.0000000 0.7071068
vn 0.7071068 0.0000000 0.7071068
f 1037/1037/1037 1038/1038/1038 1039/1039/1039
f 1037/1037/1037 1039/1039/1039 1040/1040/1040
v -0.2246024 0.3600000 -0.1988933
v -0.2025862 0.3600000 -0.2421024
v -0.2025862 0.6900000 -0.2421024
v -0.2246024 0.6900000 -0.1988933
vt 0.5200000 0.7700000
vt 0.5200000 0.9800000
vt 0.7300000 0.9800000
vt 0.7300000 0.7700000
vn 0.8910065 0.0000000 0.4539905
vn 0.8910065 0.0000000 0.4539905
vn 0.8910065 0.0000000 0.4539905
vn 0.8910065 0.0000000 0.4539905
f 1041/1041/1041 1042/1042/1042 1043/1043/1043
f 1041/1041/1041 1043/1043/1043 1044/1044/1044
v -0.2025862 0.3600000 -0.2421024
v -0.1950000 0.3600000 -0.2900000
v -0.1950000 0.6900000 -0.2900000
v -0.2025862 0.6900000 -0.2421024
vt 0.5200000 0.7700000
vt 0.5200000 0.9800000
vt 0.7300000 0.9800000
vt 0.7300000 0.7700000
vn 0.9876883 0.0000000 0.1564345
vn 0.9876883 0.0000000 0.1564345
vn 0.9876883 0.0000000 0.1564345
vn 0.9876883 0.0000000 0.1564345
f 1045/1045/1045 1046/1046/1046 1047/1047/1047
f 1045/1045/1045 1047/1047/1047 1048/1048/1048
v -0.1950000 0.3600000 -0.2900000
v -0.2025862 0.3600000 -0.3378976
v -0.2025862 0.6900000 -0.3378976
v -0.1950000 0.6900000 -0.2900000
vt 0.5200000 0.7700000
vt 0.5200000 0.9800000
vt 0.7300000 0.9800000
vt 0.7300000 0.7700000
vn 0.9876883 0.0000000 -0.1564345
vn 0.9876883 0.0000000 -0.1564345
vn 0.9876883 0.0000000 -0.1564345
vn 0.9876883 0.0000000 -0.1564345
f 1049/1049/1049 1050/1050/1050 1051/1051/1051
f 1049/1049/1049 1051/1051/1051 1052/1052/1052
v -0.2025862 0.3600000 -0.3378976
v -0.2246024 0.3600000 -0.3811067
v -0.2246024 0.6900000 -0.3811067
v -0.2025862 0.6900000 -0.3378976
vt 0.5200000 0.7700000
vt 0.5200000 0.9800000
vt 0.7300000 0.9800000
vt 0.7300000 0.7700000
vn 0.8910065 0.0000000 -0.4539905
vn 0.8910065 0.0000000 -0.4539905
vn 0.8910065 0.0000000 -0.4539905
vn 0.8910065 0.0000000 -0.4539905
f 1053/1053/1053 1054/1054/1054 1055/1055/1055
f 1053/1053/1053 1055/1055/1055 1056/1056/1056
v -0.2246024 0.3600000 -0.3811067
v -0.2588933 0.3600000 -0.4153976
v -0.2588933 0.6900000 -0.4153976
v -0.2246024 0.6900000 -0.3811067
vt 0.5200000 0.7700000
vt 0.5200000 0.9800000
vt 0.7300000 0.9800000
vt 0.7300000 0.7700000
vn 0.7071068 0.0000000 -0.7071068
vn 0.7071068 0.0000000 -0.7071068
vn 0.7071068 0.0000000 -0.7071068
vn 0.7071068 0.0000000 -0.7071068
f 1057/1057/1057 1058/1058/1058 1059/1059/1059
f 1057/1057/1057 1059/1059/1059 1060/1060/1060
v -0.2588933 0.3600000 -0.4153976
v -0.3021024 0.3600000 -0.4374138
v -0.3021024 0.6900000 -0.4374138
v -0.2588933 0.6900000 -0.4153976
vt 0.5200000 0.7700000
vt 0.5200000 0.9800000
vt 0.7300000 0.9800000
vt 0.7300000 0.7700000
vn 0.4539905 0.0000000 -0.8910065
vn 0.4539905 0.0000000 -0.8910065
vn 0.4539905 0.0000000 -0.8910065
vn 0.4539905 0.0000000 -0.8910065
f 1061/1061/1061 1062/1062/1062 1063/1063/1063
f 1061/1061/1061 1063/1063/1063 1064/1064/1064
v -0.3021024 0.3600000 -0.4374138
v -0.3500000 0.3600000 -0.4450000
v -0.3500000 0.6900000 -0.4450000
v -0.3021024 0.6900000 -0.4374138
vt 0.5200000 0.7700000
vt 0.5200000 0.9800000
vt 0.7300000 0.9800000
vt 0.7300000 0.7700000
vn 0.1564345 0.0000000 -0.9876883
vn 0.1564345 0.0000000 -0.9876883
vn 0.1564345 0.0000000 -0.9876883
vn 0.1564345 0.0000000 -0.9876883
f 1065/1065/1065 1066/1066/1066 1067/1067/1067
f 1065/1065/1065 1067/1067/1067 1068/1068/1068
v -0.3500000 0.3600000 -0.4450000
v -0.3978976 0.3600000 -0.4374138
v -0.3978976 0.6900000 -0.4374138
v -0.3500000 0.6900000 -0.4450000
vt 0.5200000 0.7700000
vt 0.5200000 0.9800000
vt 0.7300000 0.9800000
vt 0.7300000 0.7700000
vn -0.1564345 0.0000000 -0.9876883
vn -0.1564345 0.0000000 -0.9876883
vn -0.1564345 0.0000000 -0.9876883
vn -0.1564345 0.0000000 -0.9876883
f 1069/1069/1069 1070/1070/1070 1071/1071/1071
f 1069/1069/1069 1071/1071/1071 1072/1072/1072
v -0.3978976 0.3600000 -0.4374138
v -0.4411067 0.3600000 -0.4153976
v -0.4411067 0.6900000 -0.4153976
v -0.3978976 0.6900000 -0.4374138
vt 0.5200000 0.7700000
vt 0.5200000 0.9800000
vt 0.7300000 0.9800000
vt 0.7300000 0.7700000
vn -0.4539905 0.0000000 -0.8910065
vn -0.4539905 0.0000000 -0.8910065
vn -0.4539905 0.0000000 -0.8910065
vn -0.4539905 0.0000000 -0.8910065
f 1073/1073/1073 1074/1074/1074 1075/1075/1075
f 1073/1073/1073 1075/1075/1075 1076/1076/1076
v -0.4411067 0.3600000 -0.4153976
v -0.4753976 0.3600000 -0.3811067
v -0.4753976 0.6900000 -0.3811067
v -0.4411067 0.6900000 -0.4153976
vt 0.5200000 0.7700000
vt 0.5200000 0.9800000
vt 0.7300000 0.9800000
vt 0.7300000 0.7700000
vn -0.7071068 0.0000000 -0.7071068
vn -0.7071068 0.0000000 -0.7071068
vn -0.7071068 0.0000000 -0.7071068
vn -0.7071068 0.0000000 -0.7071068
f 1077/1077/1077 1078/1078/1078 1079/1079/1079
f 1077/1077/1077 1079/1079/1079 1080/1080/1080
v -0.4753976 0.3600000 -0.3811067
v -0.4974138 0.3600000 -0.3378976
v -0.4974138 0.6900000 -0.3378976
v -0.4753976 0.6900000 -0.3811067
vt 0.5200000 0.9800000
vt 0.5200000 0.7700000
vt 0.7300000 0.7700000
vt 0.7300000 0.9800000
vn -0.8910065 0.0000000 -0.4539905
vn -0.8910065 0.0000000 -0.4539905
vn -0.8910065 0.0000000 -0.4539905
vn -0.8910065 0.0000000 -0.4539905
f 1081/1081/1081 1082/1082/1082 1083/1083/1083
f 1081/1081/1081 1083/1083/1083 1084/1084/1084
v -0.4974138 0.3600000 -0.3378976
v -0.5050000 0.3600000 -0.2900000
v -0.5050000 0.6900000 -0.2900000
v -0.4974138 0.6900000 -0.3378976
vt 0.5200000 0.9800000
vt 0.5200000 0.7700000
vt 0.7300000 0.7700000
vt 0.7300000 0.9800000
vn -0.9876883 0.0000000 -0.1564345
vn -0.9876883 0.0000000 -0.1564345
vn -0.9876883 0.0000000 -0.1564345
vn -0.9876883 0.0000000 -0.1564345
f 1085/1085/1085 1086/1086/1086 1087/1087/1087
f 1085/1085/1085 1087/1087/1087 1088/1088/1088
v -0.5050000 0.3600000 -0.2900000
v -0.4974138 0.3600000 -0.2421024
v -0.4974138 0.6900000 -0.2421024
v -0.5050000 0.6900000 -0.2900000
vt 0.5200000 0.9800000
vt 0.5200000 0.7700000
vt 0.7300000 0.7700000
vt 0.7300000 0.9800000
vn -0.9876883 0.0000000 0.1564345
vn -0.9876883 0.0000000 0.1564345
vn -0.9876883 0.0000000 0.1564345
vn -0.9876883 0.0000000 0.1564345
f 1089/1089/1089 1090/1090/1090 1091/1091/1091
f 1089/1089/1089 1091/1091/1091 1092/1092/1092
v -0.4974138 0.3600000 -0.2421024
v -0.4753976 0.3600000 -0.1988933
v -0.4753976 0.6900000 -0.1988933
v -0.4974138 0.6900000 -0.2421024
vt 0.5200000 0.9800000
vt 0.5200000 0.7700000
vt 0.7300000 0.7700000
vt 0.7300000 0.9800000
vn -0.8910065 0.0000000 0.4539905
vn -0.8910065 0.0000000 0.4539905
vn -0.8910065 0.0000000 0.4539905
vn -0.8910065 0.0000000 0.4539905
f 1093/1093/1093 1094/1094/1094 1095/1095/1095
f 1093/1093/1093 1095/1095/1095 1096/1096/1096
v -0.4753976 0.3600000 -0.1988933
v -0.4411067 0.3600000 -0.1646024
v -0.4411067 0.6900000 -0.1646024
v -0.4753976 0.6900000 -0.1988933
vt 0.5200000 0.9800000
vt 0.5200000 0.7700000
vt 0.7300000 0.7700000
vt 0.7300000 0.9800000
vn -0.7071068 0.0000000 0.7071068
vn -0.7071068 0.0000000 0.7071068
vn -0.7071068 0.0000000 0.7071068
vn -0.7071068 0.0000000 0.7071068
f 1097/1097/1097 1098/1098/1098 1099/1099/1099
f 1097/1097/1097 1099/1099/1099 1100/1100/1100
v -0.4411067 0.3600000 -0.1646024
v -0.3978976 0.3600000 -0.1425862
v -0.3978976 0.6900000 -0.1425862
v -0.4411067 0.6900000 -0.1646024
vt 0.5200000 0.9800000
vt 0.5200000 0.7700000
vt 0.7300000 0.7700000
vt 0.7300000 0.9800000
vn -0.4539905 0.0000000 0.8910065
vn -0.4539905 0.0000000 0.8910065
vn -0.4539905 0.0000000 0.8910065
vn -0.4539905 0.0000000 0.8910065
f 1101/1101/1101 1102/1102/1102 1103/1103/1103
f 1101/1101/1101 1103/1103/1103 1104/1104/1104
v -0.3978976 0.3600000 -0.1425862
v -0.3500000 0.3600000 -0.1350000
v -0.3500000 0.6900000 -0.1350000
v -0.3978976 0.6900000 -0.1425862
vt 0.5200000 0.9800000
vt 0.5200000 0.7700000
vt 0.7300000 0.7700000
vt 0.7300000 0.9800000
vn -0.1564345 0.0000000 0.9876883
vn -0.1564345 0.0000000 0.9876883
vn -0.1564345 0.0000000 0.9876883
vn -0.1564345 0.0000000 0.9876883
f 1105/1105/1105 1106/1106/1106 1107/1107/1107
f 1105/1105/1105 1107/1107/1107 1108/1108/1108
v -0.3500000 0.6900000 -0.1350000
v -0.3021024 0.6900000 -0.1425862
v -0.3098278 0.7600000 -0.1663627
v -0.3500000 0.7600000 -0.1600000
vt 0.5200000 0.9800000
vt 0.7300000 0.9800000
vt 0.6961290 0.7700000
vt 0.5200000 0.7700000
vn 0.1475252 0.3326563 0.9314376
vn 0.1475252 0.3326563 0.9314376
vn 0.1475252 0.3326563 0.9314376
vn 0.1475252 0.3326563 0.9314376
f 1109/1109/1109 1110/1110/1110 1111/1111/1111
f 1109/1109/1109 1111/1111/1111 1112/1112/1112
v -0.3021024 0.6900000 -0.1425862
v -0.2588933 0.6900000 -0.1646024
v -0.2735879 0.7600000 -0.1848278
v -0.3098278 0.7600000 -0.1663627
vt 0.5200000 0.9481485
vt 0.5200000 0.7700000
vt 0.7300000 0.8305851
vt 0.7300000 0.9800000
vn 0.4281349 0.3326563 0.8402620
vn 0.4281349 0.3326563 0.8402620
vn 0.4281349 0.3326563 0.8402620
vn 0.4281349 0.3326563 0.8402620
f 1113/1113/1113 1114/1114/1114 1115/1115/1115
f 1113/1113/1113 1115/1115/1115 1116/1116/1116
v -0.2588933 0.6900000 -0.1646024
v -0.2246024 0.6900000 -0.1988933
v -0.2448278 0.7600000 -0.2135879
v -0.2735879 0.7600000 -0.1848278
vt 0.5200000 0.9170044
vt 0.5200000 0.7700000
vt 0.7300000 0.8567060
vt 0.7300000 0.9800000
vn 0.6668357 0.3326563 0.6668357
vn 0.6668357 0.3326563 0.6668357
vn 0.6668357 0.3326563 0.6668357
vn 0.6668357 0.3326563 0.6668357
f 1117/1117/1117 1118/1118/1118 1119/1119/1119
f 1117/1117/1117 1119/1119/1119 1120/1120/1120
v -0.2246024 0.6900000 -0.1988933
v -0.2025862 0.6900000 -0.2421024
v -0.2263627 0.7600000 -0.2498278
v -0.2448278 0.7600000 -0.2135879
vt 0.5200000 0.7700000
vt 0.5200000 0.9481485
vt 0.7300000 0.9800000
vt 0.7300000 0.8305851
vn 0.8402620 0.3326563 0.4281349
vn 0.8402620 0.3326563 0.4281349
vn 0.8402620 0.3326563 0.4281349
vn 0.8402620 0.3326563 0.4281349
f 1121/1121/1121 1122/1122/1122 1123/1123/1123
f 1121/1121/1121 1123/1123/1123 1124/1124/1124
v -0.2025862 0.6900000 -0.2421024
v -0.1950000 0.6900000 -0.2900000
v -0.2200000 0.7600000 -0.2900000
v -0.2263627 0.7600000 -0.2498278
vt 0.7300000 0.9800000
vt 0.5200000 0.9800000
vt 0.5200000 0.7700000
vt 0.6961290 0.7700000
vn 0.9314376 0.3326563 0.1475252
vn 0.9314376 0.3326563 0.1475252
vn 0.9314376 0.3326563 0.1475252
vn 0.9314376 0.3326563 0.1475252
f 1125/1125/1125 1126/1126/1126 1127/1127/1127
f 1125/1125/1125 1127/1127/1127 1128/1128/1128
v -0.1950000 0.6900000 -0.2900000
v -0.2025862 0.6900000 -0.3378976
v -0.2263627 0.7600000 -0.3301722
v -0.2200000 0.7600000 -0.2900000
vt 0.7300000 0.9800000
vt 0.5200000 0.9800000
vt 0.5538710 0.7700000
vt 0.7300000 0.7700000
vn 0.9314376 0.3326563 -0.1475252
vn 0.9314376 0.3326563 -0.1475252
vn 0.9314376 0.3326563 -0.1475252
vn 0.9314376 0.3326563 -0.1475252
f 1129/1129/1129 1130/1130/1130 1131/1131/1131
f 1129/1129/1129 1131/1131/1131 1132/1132/1132
v -0.2025862 0.6900000 -0.3378976
v -0.2246024 0.6900000 -0.3811067
v -0.2448278 0.7600000 -0.3664121
v -0.2263627 0.7600000 -0.3301722
vt 0.5200000 0.8018515
vt 0.5200000 0.9800000
vt 0.7300000 0.9194149
vt 0.7300000 0.7700000
vn 0.8402620 0.3326563 -0.4281349
vn 0.8402620 0.3326563 -0.4281349
vn 0.8402620 0.3326563 -0.4281349
vn 0.8402620 0.3326563 -0.4281349
f 1133/1133/1133 1134/1134/1134 1135/1135/1135
f 1133/1133/1133 1135/1135/1135 1136/1136/1136
v -0.2246024 0.6900000 -0.3811067
v -0.2588933 0.6900000 -0.4153976
v -0.2735879 0.7600000 -0.3951722
v -0.2448278 0.7600000 -0.3664121
vt 0.5200000 0.7700000
vt 0.5200000 0.9170044
vt 0.7300000 0.9800000
vt 0.7300000 0.8567060
vn 0.6668357 0.3326563 -0.6668357
vn 0.6668357 0.3326563 -0.6668357
vn 0.6668357 0.3326563 -0.6668357
vn 0.6668357 0.3326563 -0.6668357
f 1137/1137/1137 1138/1138/1138 1139/1139/1139
f 1137/1137/1137 1139/1139/1139 1140/1140/1140
v -0.2588933 0.6900000 -0.4153976
v -0.3021024 0.6900000 -0.4374138
v -0.3098278 0.7600000 -0.4136373
v -0.2735879 0.7600000 -0.3951722
vt 0.5200000 0.7700000
vt 0.5200000 0.9481485
vt 0.7300000 0.9800000
vt 0.7300000 0.8305851
vn 0.4281349 0.3326563 -0.8402620
vn 0.4281349 0.3326563 -0.8402620
vn 0.4281349 0.3326563 -0.8402620
vn 0.4281349 0.3326563 -0.8402620
f 1141/1141/1141 1142/1142/1142 1143/1143/1143
f 1141/1141/1141 1143/1143/1143 1144/1144/1144
v -0.3021024 0.6900000 -0.4374138
v -0.3500000 0.6900000 -0.4450000
v -0.3500000 0.7600000 -0.4200000
v -0.3098278 0.7600000 -0.4136373
vt 0.7300000 0.9800000
vt 0.5200000 0.9800000
vt 0.5200000 0.7700000
vt 0.6961290 0.7700000
vn 0.1475252 0.3326563 -0.9314376
vn 0.1475252 0.3326563 -0.9314376
vn 0.1475252 0.3326563 -0.9314376
vn 0.1475252 0.3326563 -0.9314376
f 1145/1145/1145 1146/1146/1146 1147/1147/1147
f 1145/1145/1145 1147/1147/1147 1148/1148/1148
v -0.3500000 0.6900000 -0.4450000
v -0.3978976 0.6900000 -0.4374138
v -0.3901722 0.7600000 -0.4136373
v -0.3500000 0.7600000 -0.4200000
vt 0.7300000 0.9800000
vt 0.5200000 0.9800000
vt 0.5538710 0.7700000
vt 0.7300000 0.7700000
vn -0.1475252 0.3326563 -0.9314376
vn -0.1475252 0.3326563 -0.9314376
vn -0.1475252 0.3326563 -0.9314376
vn -0.1475252 0.3326563 -0.9314376
f 1149/1149/1149 1150/1150/1150 1151/1151/1151
f 1149/1149/1149 1151/1151/1151 1152/1152/1152
v -0.3978976 0.6900000 -0.4374138
v -0.4411067 0.6900000 -0.4153976
v -0.4264121 0.7600000 -0.3951722
v -0.3901722 0.7600000 -0.4136373
vt 0.5200000 0.8018515
vt 0.5200000 0.9800000
vt 0.7300000 0.9194149
vt 0.7300000 0.7700000
vn -0.4281349 0.3326563 -0.8402620
vn -0.4281349 0.3326563 -0.8402620
vn -0.4281349 0.3326563 -0.8402620
vn -0.4281349 0.3326563 -0.8402620
f 1153/1153/1153 1154/1154/1154 1155/1155/1155
f 1153/1153/1153 1155/1155/1155 1156/1156/1156
v -0.4411067 0.6900000 -0.4153976
v -0.4753976 0.6900000 -0.3811067
v -0.4551722 0.7600000 -0.3664121
v -0.4264121 0.7600000 -0.3951722
vt 0.5200000 0.8329956
vt 0.5200000 0.9800000
vt 0.7300000 0.8932940
vt 0.7300000 0.7700000
vn -0.6668357 0.3326563 -0.6668357
vn -0.6668357 0.3326563 -0.6668357
vn -0.6668357 0.3326563 -0.6668357
vn -0.6668357 0.3326563 -0.6668357
f 1157/1157/1157 1158/1158/1158 1159/1159/1159
f 1157/1157/1157 1159/1159/1159 1160/1160/1160
v -0.4753976 0.6900000 -0.3811067
v -0.4974138 0.6900000 -0.3378976
v -0.4736373 0.7600000 -0.3301722
v -0.4551722 0.7600000 -0.3664121
vt 0.5200000 0.9800000
vt 0.5200000 0.8018515
vt 0.7300000 0.7700000
vt 0.7300000 0.9194149
vn -0.8402620 0.3326563 -0.4281349
vn -0.8402620 0.3326563 -0.4281349
vn -0.8402620 0.3326563 -0.4281349
vn -0.8402620 0.3326563 -0.4281349
f 1161/1161/1161 1162/1162/1162 1163/1163/1163
f 1161/1161/1161 1163/1163/1163 1164/1164/1164
v -0.4974138 0.6900000 -0.3378976
v -0.5050000 0.6900000 -0.2900000
v -0.4800000 0.7600000 -0.2900000
v -0.4736373 0.7600000 -0.3301722
vt 0.5200000 0.9800000
vt 0.7300000 0.9800000
vt 0.7300000 0.7700000
vt 0.5538710 0.7700000
vn -0.9314376 0.3326563 -0.1475252
vn -0.9314376 0.3326563 -0.1475252
vn -0.9314376 0.3326563 -0.1475252
vn -0.9314376 0.3326563 -0.1475252
f 1165/1165/1165 1166/1166/1166 1167/1167/1167
f 1165/1165/1165 1167/1167/1167 1168/1168/1168
v -0.5050000 0.6900000 -0.2900000
v -0.4974138 0.6900000 -0.2421024
v -0.4736373 0.7600000 -0.2498278
v -0.4800000 0.7600000 -0.2900000
vt 0.5200000 0.9800000
vt 0.7300000 0.9800000
vt 0.6961290 0.7700000
vt 0.5200000 0.7700000
vn -0.9314376 0.3326563 0.1475252
vn -0.9314376 0.3326563 0.1475252
vn -0.9314376 0.3326563 0.1475252
vn -0.9314376 0.3326563 0.1475252
f 1169/1169/1169 1170/1170/1170 1171/1171/1171
f 1169/1169/1169 1171/1171/1171 1172/1172/1172
v -0.4974138 0.6900000 -0.2421024
v -0.4753976 0.6900000 -0.1988933
v -0.4551722 0.7600000 -0.2135879
v -0.4736373 0.7600000 -0.2498278
vt 0.5200000 0.9481485
vt 0.5200000 0.7700000
vt 0.7300000 0.8305851
vt 0.7300000 0.9800000
vn -0.8402620 0.3326563 0.4281349
vn -0.8402620 0.3326563 0.4281349
vn -0.8402620 0.3326563 0.4281349
vn -0.8402620 0.3326563 0.4281349
f 1173/1173/1173 1174/1174/1174 1175/1175/1175
f 1173/1173/1173 1175/1175/1175 1176/1176/1176
v -0.4753976 0.6900000 -0.1988933
v -0.4411067 0.6900000 -0.1646024
v -0.4264121 0.7600000 -0.1848278
v -0.4551722 0.7600000 -0.2135879
vt 0.5200000 0.9170044
vt 0.5200000 0.7700000
vt 0.7300000 0.8567060
vt 0.7300000 0.9800000
vn -0.6668357 0.3326563 0.6668357
vn -0.6668357 0.3326563 0.6668357
vn -0.6668357 0.3326563 0.6668357
vn -0.6668357 0.3326563 0.6668357
f 1177/1177/1177 1178/1178/1178 1179/1179/1179
f 1177/1177/1177 1179/1179/1179 1180/1180/1180
v -0.4411067 0.6900000 -0.1646024
v -0.3978976 0.6900000 -0.1425862
v -0.3901722 0.7600000 -0.1663627
v -0.4264121 0.7600000 -0.1848278
vt 0.5200000 0.9800000
vt 0.5200000 0.8018515
vt 0.7300000 0.7700000
vt 0.7300000 0.9194149
vn -0.4281349 0.3326563 0.8402620
vn -0.4281349 0.3326563 0.8402620
vn -0.4281349 0.3326563 0.8402620
vn -0.4281349 0.3326563 0.8402620
f 1181/1181/1181 1182/1182/1182 1183/1183/1183
f 1181/1181/1181 1183/1183/1183 1184/1184/1184
v -0.3978976 0.6900000 -0.1425862
v -0.3500000 0.6900000 -0.1350000
v -0.3500000 0.7600000 -0.1600000
v -0.3901722 0.7600000 -0.1663627
vt 0.5200000 0.9800000
vt 0.7300000 0.9800000
vt 0.7300000 0.7700000
vt 0.5538710 0.7700000
vn -0.1475252 0.3326563 0.9314376
vn -0.1475252 0.3326563 0.9314376
vn -0.1475252 0.3326563 0.9314376
vn -0.1475252 0.3326563 0.9314376
f 1185/1185/1185 1186/1186/1186 1187/1187/1187
f 1185/1185/1185 1187/1187/1187 1188/1188/1188
v -0.3500000 0.7600000 -0.1600000
v -0.3098278 0.7600000 -0.1663627
v -0.3268237 0.8100000 -0.2186708
v -0.3500000 0.8100000 -0.2150000
vt 0.5200000 0.7700000
vt 0.7300000 0.7927738
vt 0.6411538 0.9800000
vt 0.5200000 0.9668613
vn 0.1059413 0.7357760 0.6688872
vn 0.1059413 0.7357760 0.6688872
vn 0.1059413 0.7357760 0.6688872
vn 0.1059413 0.7357760 0.6688872
f 1189/1189/1189 1190/1190/1190 1191/1191/1191
f 1189/1189/1189 1191/1191/1191 1192/1192/1192
v -0.3098278 0.7600000 -0.1663627
v -0.2735879 0.7600000 -0.1848278
v -0.3059161 0.8100000 -0.2293237
v -0.3268237 0.8100000 -0.2186708
vt 0.5870441 0.7700000
vt 0.7300000 0.8315885
vt 0.6024746 0.9800000
vt 0.5200000 0.9444682
vn 0.3074537 0.7357760 0.6034119
vn 0.3074537 0.7357760 0.6034119
vn 0.3074537 0.7357760 0.6034119
vn 0.3074537 0.7357760 0.6034119
f 1193/1193/1193 1194/1194/1194 1195/1195/1195
f 1193/1193/1193 1195/1195/1195 1196/1196/1196
v -0.2735879 0.7600000 -0.1848278
v -0.2448278 0.7600000 -0.2135879
v -0.2893237 0.8100000 -0.2459161
v -0.3059161 0.8100000 -0.2293237
vt 0.6311329 0.7700000
vt 0.7300000 0.8688671
vt 0.5770387 0.9800000
vt 0.5200000 0.9229613
vn 0.4788704 0.7357760 0.4788704
vn 0.4788704 0.7357760 0.4788704
vn 0.4788704 0.7357760 0.4788704
vn 0.4788704 0.7357760 0.4788704
f 1197/1197/1197 1198/1198/1198 1199/1199/1199
f 1197/1197/1197 1199/1199/1199 1200/1200/1200
v -0.2448278 0.7600000 -0.2135879
v -0.2263627 0.7600000 -0.2498278
v -0.2786708 0.8100000 -0.2668237
v -0.2893237 0.8100000 -0.2459161
vt 0.7300000 0.8315885
vt 0.5870441 0.7700000
vt 0.5200000 0.9444682
vt 0.6024746 0.9800000
vn 0.6034119 0.7357760 0.3074537
vn 0.6034119 0.7357760 0.3074537
vn 0.6034119 0.7357760 0.3074537
vn 0.6034119 0.7357760 0.3074537
f 1201/1201/1201 1202/1202/1202 1203/1203/1203
f 1201/1201/1201 1203/1203/1203 1204/1204/1204
v -0.2263627 0.7600000 -0.2498278
v -0.2200000 0.7600000 -0.2900000
v -0.2750000 0.8100000 -0.2900000
v -0.2786708 0.8100000 -0.2668237
vt 0.7300000 0.7927738
vt 0.5200000 0.7700000
vt 0.5200000 0.9668613
vt 0.6411538 0.9800000
vn 0.6688872 0.7357760 0.1059413
vn 0.6688872 0.7357760 0.1059413
vn 0.6688872 0.7357760 0.1059413
vn 0.6688872 0.7357760 0.1059413
f 1205/1205/1205 1206/1206/1206 1207/1207/1207
f 1205/1205/1205 1207/1207/1207 1208/1208/1208
v -0.2200000 0.7600000 -0.2900000
v -0.2263627 0.7600000 -0.3301722
v -0.2786708 0.8100000 -0.3131763
v -0.2750000 0.8100000 -0.2900000
vt 0.7300000 0.7700000
vt 0.5200000 0.7927738
vt 0.6088462 0.9800000
vt 0.7300000 0.9668613
vn 0.6688872 0.7357760 -0.1059413
vn 0.6688872 0.7357760 -0.1059413
vn 0.6688872 0.7357760 -0.1059413
vn 0.6688872 0.7357760 -0.1059413
f 1209/1209/1209 1210/1210/1210 1211/1211/1211
f 1209/1209/1209 1211/1211/1211 1212/1212/1212
v -0.2263627 0.7600000 -0.3301722
v -0.2448278 0.7600000 -0.3664121
v -0.2893237 0.8100000 -0.3340839
v -0.2786708 0.8100000 -0.3131763
vt 0.6629559 0.7700000
vt 0.5200000 0.8315885
vt 0.6475254 0.9800000
vt 0.7300000 0.9444682
vn 0.6034119 0.7357760 -0.3074537
vn 0.6034119 0.7357760 -0.3074537
vn 0.6034119 0.7357760 -0.3074537
vn 0.6034119 0.7357760 -0.3074537
f 1213/1213/1213 1214/1214/1214 1215/1215/1215
f 1213/1213/1213 1215/1215/1215 1216/1216/1216
v -0.2448278 0.7600000 -0.3664121
v -0.2735879 0.7600000 -0.3951722
v -0.3059161 0.8100000 -0.3506763
v -0.2893237 0.8100000 -0.3340839
vt 0.7300000 0.8811329
vt 0.6311329 0.9800000
vt 0.5200000 0.8270387
vt 0.5770387 0.7700000
vn 0.4788704 0.7357760 -0.4788704
vn 0.4788704 0.7357760 -0.4788704
vn 0.4788704 0.7357760 -0.4788704
vn 0.4788704 0.7357760 -0.4788704
f 1217/1217/1217 1218/1218/1218 1219/1219/1219
f 1217/1217/1217 1219/1219/1219 1220/1220/1220
v -0.2735879 0.7600000 -0.3951722
v -0.3098278 0.7600000 -0.4136373
v -0.3268237 0.8100000 -0.3613292
v -0.3059161 0.8100000 -0.3506763
vt 0.7300000 0.9184115
vt 0.5870441 0.9800000
vt 0.5200000 0.8055318
vt 0.6024746 0.7700000
vn 0.3074537 0.7357760 -0.6034119
vn 0.3074537 0.7357760 -0.6034119
vn 0.3074537 0.7357760 -0.6034119
vn 0.3074537 0.7357760 -0.6034119
f 1221/1221/1221 1222/1222/1222 1223/1223/1223
f 1221/1221/1221 1223/1223/1223 1224/1224/1224
v -0.3098278 0.7600000 -0.4136373
v -0.3500000 0.7600000 -0.4200000
v -0.3500000 0.8100000 -0.3650000
v -0.3268237 0.8100000 -0.3613292
vt 0.7300000 0.9572262
vt 0.5200000 0.9800000
vt 0.5200000 0.7831387
vt 0.6411538 0.7700000
vn 0.1059413 0.7357760 -0.6688872
vn 0.1059413 0.7357760 -0.6688872
vn 0.1059413 0.7357760 -0.6688872
vn 0.1059413 0.7357760 -0.6688872
f 1225/1225/1225 1226/1226/1226 1227/1227/1227
f 1225/1225/1225 1227/1227/1227 1228/1228/1228
v -0.3500000 0.7600000 -0.4200000
v -0.3901722 0.7600000 -0.4136373
v -0.3731763 0.8100000 -0.3613292
v -0.3500000 0.8100000 -0.3650000
vt 0.7300000 0.9800000
vt 0.5200000 0.9572262
vt 0.6088462 0.7700000
vt 0.7300000 0.7831387
vn -0.1059413 0.7357760 -0.6688872
vn -0.1059413 0.7357760 -0.6688872
vn -0.1059413 0.7357760 -0.6688872
vn -0.1059413 0.7357760 -0.6688872
f 1229/1229/1229 1230/1230/1230 1231/1231/1231
f 1229/1229/1229 1231/1231/1231 1232/1232/1232
v -0.3901722 0.7600000 -0.4136373
v -0.4264121 0.7600000 -0.3951722
v -0.3940839 0.8100000 -0.3506763
v -0.3731763 0.8100000 -0.3613292
vt 0.6629559 0.9800000
vt 0.5200000 0.9184115
vt 0.6475254 0.7700000
vt 0.7300000 0.8055318
vn -0.3074537 0.7357760 -0.6034119
vn -0.3074537 0.7357760 -0.6034119
vn -0.3074537 0.7357760 -0.6034119
vn -0.3074537 0.7357760 -0.6034119
f 1233/1233/1233 1234/1234/1234 1235/1235/1235
f 1233/1233/1233 1235/1235/1235 1236/1236/1236
v -0.4264121 0.7600000 -0.3951722
v -0.4551722 0.7600000 -0.3664121
v -0.4106763 0.8100000 -0.3340839
v -0.3940839 0.8100000 -0.3506763
vt 0.6188671 0.9800000
vt 0.5200000 0.8811329
vt 0.6729613 0.7700000
vt 0.7300000 0.8270387
vn -0.4788704 0.7357760 -0.4788704
vn -0.4788704 0.7357760 -0.4788704
vn -0.4788704 0.7357760 -0.4788704
vn -0.4788704 0.7357760 -0.4788704
f 1237/1237/1237 1238/1238/1238 1239/1239/1239
f 1237/1237/1237 1239/1239/1239 1240/1240/1240
v -0.4551722 0.7600000 -0.3664121
v -0.4736373 0.7600000 -0.3301722
v -0.4213292 0.8100000 -0.3131763
v -0.4106763 0.8100000 -0.3340839
vt 0.5200000 0.9184115
vt 0.6629559 0.9800000
vt 0.7300000 0.8055318
vt 0.6475254 0.7700000
vn -0.6034119 0.7357760 -0.3074537
vn -0.6034119 0.7357760 -0.3074537
vn -0.6034119 0.7357760 -0.3074537
vn -0.6034119 0.7357760 -0.3074537
f 1241/1241/1241 1242/1242/1242 1243/1243/1243
f 1241/1241/1241 1243/1243/1243 1244/1244/1244
v -0.4736373 0.7600000 -0.3301722
v -0.4800000 0.7600000 -0.2900000
v -0.4250000 0.8100000 -0.2900000
v -0.4213292 0.8100000 -0.3131763
vt 0.5200000 0.9572262
vt 0.7300000 0.9800000
vt 0.7300000 0.7831387
vt 0.6088462 0.7700000
vn -0.6688872 0.7357760 -0.1059413
vn -0.6688872 0.7357760 -0.1059413
vn -0.6688872 0.7357760 -0.1059413
vn -0.6688872 0.7357760 -0.1059413
f 1245/1245/1245 1246/1246/1246 1247/1247/1247
f 1245/1245/1245 1247/1247/1247 1248/1248/1248
v -0.4800000 0.7600000 -0.2900000
v -0.4736373 0.7600000 -0.2498278
v -0.4213292 0.8100000 -0.2668237
v -0.4250000 0.8100000 -0.2900000
vt 0.5200000 0.9800000
vt 0.7300000 0.9572262
vt 0.6411538 0.7700000
vt 0.5200000 0.7831387
vn -0.6688872 0.7357760 0.1059413
vn -0.6688872 0.7357760 0.1059413
vn -0.6688872 0.7357760 0.1059413
vn -0.6688872 0.7357760 0.1059413
f 1249/1249/1249 1250/1250/1250 1251/1251/1251
f 1249/1249/1249 1251/1251/1251 1252/1252/1252
v -0.4736373 0.7600000 -0.2498278
v -0.4551722 0.7600000 -0.2135879
v -0.4106763 0.8100000 -0.2459161
v -0.4213292 0.8100000 -0.2668237
vt 0.5870441 0.9800000
vt 0.7300000 0.9184115
vt 0.6024746 0.7700000
vt 0.5200000 0.8055318
vn -0.6034119 0.7357760 0.3074537
vn -0.6034119 0.7357760 0.3074537
vn -0.6034119 0.7357760 0.3074537
vn -0.6034119 0.7357760 0.3074537
f 1253/1253/1253 1254/1254/1254 1255/1255/1255
f 1253/1253/1253 1255/1255/1255 1256/1256/1256
v -0.4551722 0.7600000 -0.2135879
v -0.4264121 0.7600000 -0.1848278
v -0.3940839 0.8100000 -0.2293237
v -0.4106763 0.8100000 -0.2459161
vt 0.6311329 0.9800000
vt 0.7300000 0.8811329
vt 0.5770387 0.7700000
vt 0.5200000 0.8270387
vn -0.4788704 0.7357760 0.4788704
vn -0.4788704 0.7357760 0.4788704
vn -0.4788704 0.7357760 0.4788704
vn -0.4788704 0.7357760 0.4788704
f 1257/1257/1257 1258/1258/1258 1259/1259/1259
f 1257/1257/1257 1259/1259/1259 1260/1260/1260
v -0.4264121 0.7600000 -0.1848278
v -0.3901722 0.7600000 -0.1663627
v -0.3731763 0.8100000 -0.2186708
v -0.3940839 0.8100000 -0.2293237
vt 0.5200000 0.8315885
vt 0.6629559 0.7700000
vt 0.7300000 0.9444682
vt 0.6475254 0.9800000
vn -0.3074537 0.7357760 0.6034119
vn -0.3074537 0.7357760 0.6034119
vn -0.3074537 0.7357760 0.6034119
vn -0.3074537 0.7357760 0.6034119
f 1261/1261/1261 1262/1262/1262 1263/1263/1263
f 1261/1261/1261 1263/1263/1263 1264/1264/1264
v -0.3901722 0.7600000 -0.1663627
v -0.3500000 0.7600000 -0.1600000
v -0.3500000 0.8100000 -0.2150000
v -0.3731763 0.8100000 -0.2186708
vt 0.5200000 0.7927738
vt 0.7300000 0.7700000
vt 0.7300000 0.9668613
vt 0.6088462 0.9800000
vn -0.1059413 0.7357760 0.6688872
vn -0.1059413 0.7357760 0.6688872
vn -0.1059413 0.7357760 0.6688872
vn -0.1059413 0.7357760 0.6688872
f 1265/1265/1265 1266/1266/1266 1267/1267/1267
f 1265/1265/1265 1267/1267/1267 1268/1268/1268
v -0.3500000 0.8100000 -0.2150000
v -0.3268237 0.8100000 -0.2186708
v -0.3059161 0.8100000 -0.2293237
v -0.2893237 0.8100000 -0.2459161
v -0.2786708 0.8100000 -0.2668237
v -0.2750000 0.8100000 -0.2900000
v -0.2786708 0.8100000 -0.3131763
v -0.2893237 0.8100000 -0.3340839
v -0.3059161 0.8100000 -0.3506763
v -0.3268237 0.8100000 -0.3613292
v -0.3500000 0.8100000 -0.3650000
v -0.3731763 0.8100000 -0.3613292
v -0.3940839 0.8100000 -0.3506763
v -0.4106763 0.8100000 -0.3340839
v -0.4213292 0.8100000 -0.3131763
v -0.4250000 0.8100000 -0.2900000
v -0.4213292 0.8100000 -0.2668237
v -0.4106763 0.8100000 -0.2459161
v -0.3940839 0.8100000 -0.2293237
v -0.3731763 0.8100000 -0.2186708
vt 0.6250000 0.7700000
vt 0.6574468 0.7751391
vt 0.6867175 0.7900532
vt 0.7099468 0.8132825
vt 0.7248609 0.8425532
vt 0.7300000 0.8750000
vt 0.7248609 0.9074468
vt 0.7099468 0.9367175
vt 0.6867175 0.9599468
vt 0.6574468 0.9748609
vt 0.6250000 0.9800000
vt 0.5925532 0.9748609
vt 0.5632825 0.9599468
vt 0.5400532 0.9367175
vt 0.5251391 0.9074468
vt 0.5200000 0.8750000
vt 0.5251391 0.8425532
vt 0.5400532 0.8132825
vt 0.5632825 0.7900532
vt 0.5925532 0.7751391
vn 0.0000000 1.0000000 0.0000000
vn 0.0000000 1.0000000 0.0000000
vn 0.0000000 1.0000000 0.0000000
vn 0.0000000 1.0000000 0.0000000
vn 0.0000000 1.0000000 0.0000000
vn 0.0000000 1.0000000 0.0000000
vn 0.0000000 1.0000000 0.0000000
vn 0.0000000 1.0000000 0.0000000
vn 0.0000000 1.0000000 0.0000000
vn 0.0000000 1.0000000 0.0000000
vn 0.0000000 1.0000000 0.0000000
vn 0.0000000 1.0000000 0.0000000
vn 0.0000000 1.0000000 0.0000000
vn 0.0000000 1.0000000 0.0000000
vn 0.0000000 1.0000000 0.0000000
vn 0.0000000 1.0000000 0.0000000
vn 0.0000000 1.0000000 0.0000000
vn 0.0000000 1.0000000 0.0000000
vn 0.0000000 1.0000000 0.0000000
vn 0.0000000 1.0000000 0.0000000
f 1269/1269/1269 1270/1270/1270 1271/1271/1271
f 1269/1269/1269 1271/1271/1271 1272/1272/1272
f 1269/1269/1269 1272/1272/1272 1273/1273/1273
f 1269/1269/1269 1273/1273/1273 1274/1274/1274
f 1269/1269/1269 1274/1274/1274 1275/1275/1275
f 1269/1269/1269 1275/1275/1275 1276/1276/1276
f 1269/1269/1269 1276/1276/1276 1277/1277/1277
f 1269/1269/1269 1277/1277/1277 1278/1278/1278
f 1269/1269/1269 1278/1278/1278 1279/1279/1279
f 1269/1269/1269 1279/1279/1279 1280/1280/1280
f 1269/1269/1269 1280/1280/1280 1281/1281/1281
f 1269/1269/1269 1281/1281/1281 1282/1282/1282
f 1269/1269/1269 1282/1282/1282 1283/1283/1283
f 1269/1269/1269 1283/1283/1283 1284/1284/1284
f 1269/1269/1269 1284/1284/1284 1285/1285/1285
f 1269/1269/1269 1285/1285/1285 1286/1286/1286
f 1269/1269/1269 1286/1286/1286 1287/1287/1287
f 1269/1269/1269 1287/1287/1287 1288/1288/1288
v -0.3500000 0.6700000 -0.1320000
v -0.3011753 0.6700000 -0.1397331
v -0.3011753 0.7000000 -0.1397331
v -0.3500000 0.7000000 -0.1320000
vt 0.2700000 0.7300000
vt 0.2700000 0.5200000
vt 0.4800000 0.5200000
vt 0.4800000 0.7300000
vn 0.1564345 0.0000000 0.9876883
vn 0.1564345 0.0000000 0.9876883
vn 0.1564345 0.0000000 0.9876883
vn 0.1564345 0.0000000 0.9876883
f 1289/1289/1289 1290/1290/1290 1291/1291/1291
f 1289/1289/1289 1291/1291/1291 1292/1292/1292
v -0.3011753 0.6700000 -0.1397331
v -0.2571299 0.6700000 -0.1621753
v -0.2571299 0.7000000 -0.1621753
v -0.3011753 0.7000000 -0.1397331
vt 0.2700000 0.7300000
vt 0.2700000 0.5200000
vt 0.4800000 0.5200000
vt 0.4800000 0.7300000
vn 0.4539905 0.0000000 0.8910065
vn 0.4539905 0.0000000 0.8910065
vn 0.4539905 0.0000000 0.8910065
vn 0.4539905 0.0000000 0.8910065
f 1293/1293/1293 1294/1294/1294 1295/1295/1295
f 1293/1293/1293 1295/1295/1295 1296/1296/1296
v -0.2571299 0.6700000 -0.1621753
v -0.2221753 0.6700000 -0.1971299
v -0.2221753 0.7000000 -0.1971299
v -0.2571299 0.7000000 -0.1621753
vt 0.2700000 0.7300000
vt 0.2700000 0.5200000
vt 0.4800000 0.5200000
vt 0.4800000 0.7300000
vn 0.7071068 0.0000000 0.7071068
vn 0.7071068 0.0000000 0.7071068
vn 0.7071068 0.0000000 0.7071068
vn 0.7071068 0.0000000 0.7071068
f 1297/1297/1297 1298/1298/1298 1299/1299/1299
f 1297/1297/1297 1299/1299/1299 1300/1300/1300
v -0.2221753 0.6700000 -0.1971299
v -0.1997331 0.6700000 -0.2411753
v -0.1997331 0.7000000 -0.2411753
v -0.2221753 0.7000000 -0.1971299
vt 0.2700000 0.5200000
vt 0.2700000 0.7300000
vt 0.4800000 0.7300000
vt 0.4800000 0.5200000
vn 0.8910065 0.0000000 0.4539905
vn 0.8910065 0.0000000 0.4539905
vn 0.8910065 0.0000000 0.4539905
vn 0.8910065 0.0000000 0.4539905
f 1301/1301/1301 1302/1302/1302 1303/1303/1303
f 1301/1301/1301 1303/1303/1303 1304/1304/1304
v -0.1997331 0.6700000 -0.2411753
v -0.1920000 0.6700000 -0.2900000
v -0.1920000 0.7000000 -0.2900000
v -0.1997331 0.7000000 -0.2411753
vt 0.2700000 0.5200000
vt 0.2700000 0.7300000
vt 0.4800000 0.7300000
vt 0.4800000 0.5200000
vn 0.9876883 0.0000000 0.1564345
vn 0.9876883 0.0000000 0.1564345
vn 0.9876883 0.0000000 0.1564345
vn 0.9876883 0.0000000 0.1564345
f 1305/1305/1305 1306/1306/1306 1307/1307/1307
f 1305/1305/1305 1307/1307/1307 1308/1308/1308
v -0.1920000 0.6700000 -0.2900000
v -0.1997331 0.6700000 -0.3388247
v -0.1997331 0.7000000 -0.3388247
v -0.1920000 0.7000000 -0.2900000
vt 0.2700000 0.5200000
vt 0.2700000 0.7300000
vt 0.4800000 0.7300000
vt 0.4800000 0.5200000
vn 0.9876883 0.0000000 -0.1564345
vn 0.9876883 0.0000000 -0.1564345
vn 0.9876883 0.0000000 -0.1564345
vn 0.9876883 0.0000000 -0.1564345
f 1309/1309/1309 1310/1310/1310 1311/1311/1311
f 1309/1309/1309 1311/1311/1311 1312/1312/1312
v -0.1997331 0.6700000 -0.3388247
v -0.2221753 0.6700000 -0.3828701
v -0.2221753 0.7000000 -0.3828701
v -0.1997331 0.7000000 -0.3388247
vt 0.2700000 0.5200000
vt 0.2700000 0.7300000
vt 0.4800000 0.7300000
vt 0.4800000 0.5200000
vn 0.8910065 0.0000000 -0.4539905
vn 0.8910065 0.0000000 -0.4539905
vn 0.8910065 0.0000000 -0.4539905
vn 0.8910065 0.0000000 -0.4539905
f 1313/1313/1313 1314/1314/1314 1315/1315/1315
f 1313/1313/1313 1315/1315/1315 1316/1316/1316
v -0.2221753 0.6700000 -0.3828701
v -0.2571299 0.6700000 -0.4178247
v -0.2571299 0.7000000 -0.4178247
v -0.2221753 0.7000000 -0.3828701
vt 0.2700000 0.5200000
vt 0.2700000 0.7300000
vt 0.4800000 0.7300000
vt 0.4800000 0.5200000
vn 0.7071068 0.0000000 -0.7071068
vn 0.7071068 0.0000000 -0.7071068
vn 0.7071068 0.0000000 -0.7071068
vn 0.7071068 0.0000000 -0.7071068
f 1317/1317/1317 1318/1318/1318 1319/1319/1319
f 1317/1317/1317 1319/1319/1319 1320/1320/1320
v -0.2571299 0.6700000 -0.4178247
v -0.3011753 0.6700000 -0.4402669
v -0.3011753 0.7000000 -0.4402669
v -0.2571299 0.7000000 -0.4178247
vt 0.2700000 0.5200000
vt 0.2700000 0.7300000
vt 0.4800000 0.7300000
vt 0.4800000 0.5200000
vn 0.4539905 0.0000000 -0.8910065
vn 0.4539905 0.0000000 -0.8910065
vn 0.4539905 0.0000000 -0.8910065
vn 0.4539905 0.0000000 -0.8910065
f 1321/1321/1321 1322/1322/1322 1323/1323/1323
f 1321/1321/1321 1323/1323/1323 1324/1324/1324
v -0.3011753 0.6700000 -0.4402669
v -0.3500000 0.6700000 -0.4480000
v -0.3500000 0.7000000 -0.4480000
v -0.3011753 0.7000000 -0.4402669
vt 0.2700000 0.5200000
vt 0.2700000 0.7300000
vt 0.4800000 0.7300000
vt 0.4800000 0.5200000
vn 0.1564345 0.0000000 -0.9876883
vn 0.1564345 0.0000000 -0.9876883
vn 0.1564345 0.0000000 -0.9876883
vn 0.1564345 0.0000000 -0.9876883
f 1325/1325/1325 1326/1326/1326 1327/1327/1327
f 1325/1325/1325 1327/1327/1327 1328/1328/1328
v -0.3500000 0.6700000 -0.4480000
v -0.3988247 0.6700000 -0.4402669
v -0.3988247 0.7000000 -0.4402669
v -0.3500000 0.7000000 -0.4480000
vt 0.2700000 0.5200000
vt 0.2700000 0.7300000
vt 0.4800000 0.7300000
vt 0.4800000 0.5200000
vn -0.1564345 0.0000000 -0.9876883
vn -0.1564345 0.0000000 -0.9876883
vn -0.1564345 0.0000000 -0.9876883
vn -0.1564345 0.0000000 -0.9876883
f 1329/1329/1329 1330/1330/1330 1331/1331/1331
f 1329/1329/1329 1331/1331/1331 1332/1332/1332
v -0.3988247 0.6700000 -0.4402669
v -0.4428701 0.6700000 -0.4178247
v -0.4428701 0.7000000 -0.4178247
v -0.3988247 0.7000000 -0.4402669
vt 0.2700000 0.5200000
vt 0.2700000 0.7300000
vt 0.4800000 0.7300000
vt 0.4800000 0.5200000
vn -0.4539905 0.0000000 -0.8910065
vn -0.4539905 0.0000000 -0.8910065
vn -0.4539905 0.0000000 -0.8910065
vn -0.4539905 0.0000000 -0.8910065
f 1333/1333/1333 1334/1334/1334 1335/1335/1335
f 1333/1333/1333 1335/1335/1335 1336/1336/1336
v -0.4428701 0.6700000 -0.4178247
v -0.4778247 0.6700000 -0.3828701
v -0.4778247 0.7000000 -0.3828701
v -0.4428701 0.7000000 -0.4178247
vt 0.2700000 0.7300000
vt 0.2700000 0.5200000
vt 0.4800000 0.5200000
vt 0.4800000 0.7300000
vn -0.7071068 0.0000000 -0.7071068
vn -0.7071068 0.0000000 -0.7071068
vn -0.7071068 0.0000000 -0.7071068
vn -0.7071068 0.0000000 -0.7071068
f 1337/1337/1337 1338/1338/1338 1339/1339/1339
f 1337/1337/1337 1339/1339/1339 1340/1340/1340
v -0.4778247 0.6700000 -0.3828701
v -0.5002669 0.6700000 -0.3388247
v -0.5002669 0.7000000 -0.3388247
v -0.4778247 0.7000000 -0.3828701
vt 0.2700000 0.7300000
vt 0.2700000 0.5200000
vt 0.4800000 0.5200000
vt 0.4800000 0.7300000
vn -0.8910065 0.0000000 -0.4539905
vn -0.8910065 0.0000000 -0.4539905
vn -0.8910065 0.0000000 -0.4539905
vn -0.8910065 0.0000000 -0.4539905
f 1341/1341/1341 1342/1342/1342 1343/1343/1343
f 1341/1341/1341 1343/1343/1343 1344/1344/1344
v -0.5002669 0.6700000 -0.3388247
v -0.5080000 0.6700000 -0.2900000
v -0.5080000 0.7000000 -0.2900000
v -0.5002669 0.7000000 -0.3388247
vt 0.2700000 0.7300000
vt 0.2700000 0.5200000
vt 0.4800000 0.5200000
vt 0.4800000 0.7300000
vn -0.9876883 0.0000000 -0.1564345
vn -0.9876883 0.0000000 -0.1564345
vn -0.9876883 0.0000000 -0.1564345
vn -0.9876883 0.0000000 -0.1564345
f 1345/1345/1345 1346/1346/1346 1347/1347/1347
f 1345/1345/1345 1347/1347/1347 1348/1348/1348
v -0.5080000 0.6700000 -0.2900000
v -0.5002669 0.6700000 -0.2411753
v -0.5002669 0.7000000 -0.2411753
v -0.5080000 0.7000000 -0.2900000
vt 0.2700000 0.7300000
vt 0.2700000 0.5200000
vt 0.4800000 0.5200000
vt 0.4800000 0.7300000
vn -0.9876883 0.0000000 0.1564345
vn -0.9876883 0.0000000 0.1564345
vn -0.9876883 0.0000000 0.1564345
vn -0.9876883 0.0000000 0.1564345
f 1349/1349/1349 1350/1350/1350 1351/1351/1351
f 1349/1349/1349 1351/1351/1351 1352/1352/1352
v -0.5002669 0.6700000 -0.2411753
v -0.4778247 0.6700000 -0.1971299
v -0.4778247 0.7000000 -0.1971299
v -0.5002669 0.7000000 -0.2411753
vt 0.2700000 0.7300000
vt 0.2700000 0.5200000
vt 0.4800000 0.5200000
vt 0.4800000 0.7300000
vn -0.8910065 0.0000000 0.4539905
vn -0.8910065 0.0000000 0.4539905
vn -0.8910065 0.0000000 0.4539905
vn -0.8910065 0.0000000 0.4539905
f 1353/1353/1353 1354/1354/1354 1355/1355/1355
f 1353/1353/1353 1355/1355/1355 1356/1356/1356
v -0.4778247 0.6700000 -0.1971299
v -0.4428701 0.6700000 -0.1621753
v -0.4428701 0.7000000 -0.1621753
v -0.4778247 0.7000000 -0.1971299
vt 0.2700000 0.7300000
vt 0.2700000 0.5200000
vt 0.4800000 0.5200000
vt 0.4800000 0.7300000
vn -0.7071068 0.0000000 0.7071068
vn -0.7071068 0.0000000 0.7071068
vn -0.7071068 0.0000000 0.7071068
vn -0.7071068 0.0000000 0.7071068
f 1357/1357/1357 1358/1358/1358 1359/1359/1359
f 1357/1357/1357 1359/1359/1359 1360/1360/1360
v -0.4428701 0.6700000 -0.1621753
v -0.3988247 0.6700000 -0.1397331
v -0.3988247 0.7000000 -0.1397331
v -0.4428701 0.7000000 -0.1621753
vt 0.2700000 0.7300000
vt 0.2700000 0.5200000
vt 0.4800000 0.5200000
vt 0.4800000 0.7300000
vn -0.4539905 0.0000000 0.8910065
vn -0.4539905 0.0000000 0.8910065
vn -0.4539905 0.0000000 0.8910065
vn -0.4539905 0.0000000 0.8910065
f 1361/1361/1361 1362/1362/1362 1363/1363/1363
f 1361/1361/1361 1363/1363/1363 1364/1364/1364
v -0.3988247 0.6700000 -0.1397331
v -0.3500000 0.6700000 -0.1320000
v -0.3500000 0.7000000 -0.1320000
v -0.3988247 0.7000000 -0.1397331
vt 0.2700000 0.7300000
vt 0.2700000 0.5200000
vt 0.4800000 0.5200000
vt 0.4800000 0.7300000
vn -0.1564345 0.0000000 0.9876883
vn -0.1564345 0.0000000 0.9876883
vn -0.1564345 0.0000000 0.9876883
vn -0.1564345 0.0000000 0.9876883
f 1365/1365/1365 1366/1366/1366 1367/1367/1367
f 1365/1365/1365 1367/1367/1367 1368/1368/1368
v -0.1868521 0.1567376 -0.7000000
v -0.2067376 0.1177101 -0.7000000
v -0.2377101 0.0867376 -0.7000000
v -0.2767376 0.0668521 -0.7000000
v -0.3200000 0.0600000 -0.7000000
v -0.3632624 0.0668521 -0.7000000
v -0.4022899 0.0867376 -0.7000000
v -0.4332624 0.1177101 -0.7000000
v -0.4531479 0.1567376 -0.7000000
v -0.4600000 0.2000000 -0.7000000
v -0.4531479 0.2432624 -0.7000000
v -0.4332624 0.2822899 -0.7000000
v -0.4022899 0.3132624 -0.7000000
v -0.3632624 0.3331479 -0.7000000
v -0.3200000 0.3400000 -0.7000000
v -0.2767376 0.3331479 -0.7000000
v -0.2377101 0.3132624 -0.7000000
v -0.2067376 0.2822899 -0.7000000
v -0.1868521 0.2432624 -0.7000000
v -0.1800000 0.2000000 -0.7000000
vt 0.7248609 0.9074468
vt 0.7099468 0.9367175
vt 0.6867175 0.9599468
vt 0.6574468 0.9748609
vt 0.6250000 0.9800000
vt 0.5925532 0.9748609
vt 0.5632825 0.9599468
vt 0.5400532 0.9367175
vt 0.5251391 0.9074468
vt 0.5200000 0.8750000
vt 0.5251391 0.8425532
vt 0.5400532 0.8132825
vt 0.5632825 0.7900532
vt 0.5925532 0.7751391
vt 0.6250000 0.7700000
vt 0.6574468 0.7751391
vt 0.6867175 0.7900532
vt 0.7099468 0.8132825
vt 0.7248609 0.8425532
vt 0.7300000 0.8750000
vn 0.0000000 0.0000000 -1.0000000
vn 0.0000000 0.0000000 -1.0000000
vn 0.0000000 0.0000000 -1.0000000
vn 0.0000000 0.0000000 -1.0000000
vn 0.0000000 0.0000000 -1.0000000
vn 0.0000000 0.0000000 -1.0000000
vn 0.0000000 0.0000000 -1.0000000
vn 0.0000000 0.0000000 -1.0000000
vn 0.0000000 0.0000000 -1.0000000
vn 0.0000000 0.0000000 -1.0000000
vn 0.0000000 0.0000000 -1.0000000
vn 0.0000000 0.0000000 -1.0000000
vn 0.0000000 0.0000000 -1.0000000
vn 0.0000000 0.0000000 -1.0000000
vn 0.0000000 0.0000000 -1.0000000
vn 0.0000000 0.0000000 -1.0000000
vn 0.0000000 0.0000000 -1.0000000
vn 0.0000000 0.0000000 -1.0000000
vn 0.0000000 0.0000000 -1.0000000
vn 0.0000000 0.0000000 -1.0000000
f 1369/1369/1369 1370/1370/1370 1371/1371/1371
f 1369/1369/1369 1371/1371/1371 1372/1372/1372
f 1369/1369/1369 1372/1372/1372 1373/1373/1373
f 1369/1369/1369 1373/1373/1373 1374/1374/1374
f 1369/1369/1369 1374/1374/1374 1375/1375/1375
f 1369/1369/1369 1375/1375/1375 1376/1376/1376
f 1369/1369/1369 1376/1376/1376 1377/1377/1377
f 1369/1369/1369 1377/1377/1377 1378/1378/1378
f 1369/1369/1369 1378/1378/1378 1379/1379/1379
f 1369/1369/1369 1379/1379/1379 1380/1380/1380
f 1369/1369/1369 1380/1380/1380 1381/1381/1381
f 1369/1369/1369 1381/1381/1381 1382/1382/1382
f 1369/1369/1369 1382/1382/1382 1383/1383/1383
f 1369/1369/1369 1383/1383/1383 1384/1384/1384
f 1369/1369/1369 1384/1384/1384 1385/1385/1385
f 1369/1369/1369 1385/1385/1385 1386/1386/1386
f 1369/1369/1369 1386/1386/1386 1387/1387/1387
f 1369/1369/1369 1387/1387/1387 1388/1388/1388
v -0.1800000 0.2000000 -0.7000000
v -0.1868521 0.2432624 -0.7000000
v -0.1392993 0.2587132 -0.5600000
v -0.1300000 0.2000000 -0.5600000
vt 0.5200000 0.9800000
vt 0.6747368 0.9800000
vt 0.7300000 0.7700000
vt 0.5200000 0.7700000
vn 0.9314376 0.1475252 -0.3326563
vn 0.9314376 0.1475252 -0.3326563
vn 0.9314376 0.1475252 -0.3326563
vn 0.9314376 0.1475252 -0.3326563
f 1389/1389/1389 1390/1390/1390 1391/1391/1391
f 1389/1389/1389 1391/1391/1391 1392/1392/1392
v -0.1868521 0.2432624 -0.7000000
v -0.2067376 0.2822899 -0.7000000
v -0.1662868 0.3116792 -0.5600000
v -0.1392993 0.2587132 -0.5600000
vt 0.5200000 0.9800000
vt 0.5200000 0.8602080
vt 0.7300000 0.7700000
vt 0.7300000 0.9325748
vn 0.8402620 0.4281349 -0.3326563
vn 0.8402620 0.4281349 -0.3326563
vn 0.8402620 0.4281349 -0.3326563
vn 0.8402620 0.4281349 -0.3326563
f 1393/1393/1393 1394/1394/1394 1395/1395/1395
f 1393/1393/1393 1395/1395/1395 1396/1396/1396
v -0.2067376 0.2822899 -0.7000000
v -0.2377101 0.3132624 -0.7000000
v -0.2083208 0.3537132 -0.5600000
v -0.1662868 0.3116792 -0.5600000
vt 0.5200000 0.8889343
vt 0.5200000 0.9800000
vt 0.7300000 0.8935892
vt 0.7300000 0.7700000
vn 0.6668357 0.6668357 -0.3326563
vn 0.6668357 0.6668357 -0.3326563
vn 0.6668357 0.6668357 -0.3326563
vn 0.6668357 0.6668357 -0.3326563
f 1397/1397/1397 1398/1398/1398 1399/1399/1399
f 1397/1397/1397 1399/1399/1399 1400/1400/1400
v -0.2377101 0.3132624 -0.7000000
v -0.2767376 0.3331479 -0.7000000
v -0.2612868 0.3807007 -0.5600000
v -0.2083208 0.3537132 -0.5600000
vt 0.5200000 0.8602080
vt 0.5200000 0.9800000
vt 0.7300000 0.9325748
vt 0.7300000 0.7700000
vn 0.4281349 0.8402620 -0.3326563
vn 0.4281349 0.8402620 -0.3326563
vn 0.4281349 0.8402620 -0.3326563
vn 0.4281349 0.8402620 -0.3326563
f 1401/1401/1401 1402/1402/1402 1403/1403/1403
f 1401/1401/1401 1403/1403/1403 1404/1404/1404
v -0.2767376 0.3331479 -0.7000000
v -0.3200000 0.3400000 -0.7000000
v -0.3200000 0.3900000 -0.5600000
v -0.2612868 0.3807007 -0.5600000
vt 0.6747368 0.9800000
vt 0.5200000 0.9800000
vt 0.5200000 0.7700000
vt 0.7300000 0.7700000
vn 0.1475252 0.9314376 -0.3326563
vn 0.1475252 0.9314376 -0.3326563
vn 0.1475252 0.9314376 -0.3326563
vn 0.1475252 0.9314376 -0.3326563
f 1405/1405/1405 1406/1406/1406 1407/1407/1407
f 1405/1405/1405 1407/1407/1407 1408/1408/1408
v -0.3200000 0.3400000 -0.7000000
v -0.3632624 0.3331479 -0.7000000
v -0.3787132 0.3807007 -0.5600000
v -0.3200000 0.3900000 -0.5600000
vt 0.7300000 0.9800000
vt 0.5752632 0.9800000
vt 0.5200000 0.7700000
vt 0.7300000 0.7700000
vn -0.1475252 0.9314376 -0.3326563
vn -0.1475252 0.9314376 -0.3326563
vn -0.1475252 0.9314376 -0.3326563
vn -0.1475252 0.9314376 -0.3326563
f 1409/1409/1409 1410/1410/1410 1411/1411/1411
f 1409/1409/1409 1411/1411/1411 1412/1412/1412
v -0.3632624 0.3331479 -0.7000000
v -0.4022899 0.3132624 -0.7000000
v -0.4316792 0.3537132 -0.5600000
v -0.3787132 0.3807007 -0.5600000
vt 0.5200000 0.7700000
vt 0.5200000 0.8897920
vt 0.7300000 0.9800000
vt 0.7300000 0.8174252
vn -0.4281349 0.8402620 -0.3326563
vn -0.4281349 0.8402620 -0.3326563
vn -0.4281349 0.8402620 -0.3326563
vn -0.4281349 0.8402620 -0.3326563
f 1413/1413/1413 1414/1414/1414 1415/1415/1415
f 1413/1413/1413 1415/1415/1415 1416/1416/1416
v -0.4022899 0.3132624 -0.7000000
v -0.4332624 0.2822899 -0.7000000
v -0.4737132 0.3116792 -0.5600000
v -0.4316792 0.3537132 -0.5600000
vt 0.5200000 0.7700000
vt 0.5200000 0.8610657
vt 0.7300000 0.9800000
vt 0.7300000 0.8564108
vn -0.6668357 0.6668357 -0.3326563
vn -0.6668357 0.6668357 -0.3326563
vn -0.6668357 0.6668357 -0.3326563
vn -0.6668357 0.6668357 -0.3326563
f 1417/1417/1417 1418/1418/1418 1419/1419/1419
f 1417/1417/1417 1419/1419/1419 1420/1420/1420
v -0.4332624 0.2822899 -0.7000000
v -0.4531479 0.2432624 -0.7000000
v -0.5007007 0.2587132 -0.5600000
v -0.4737132 0.3116792 -0.5600000
vt 0.5200000 0.8602080
vt 0.5200000 0.9800000
vt 0.7300000 0.9325748
vt 0.7300000 0.7700000
vn -0.8402620 0.4281349 -0.3326563
vn -0.8402620 0.4281349 -0.3326563
vn -0.8402620 0.4281349 -0.3326563
vn -0.8402620 0.4281349 -0.3326563
f 1421/1421/1421 1422/1422/1422 1423/1423/1423
f 1421/1421/1421 1423/1423/1423 1424/1424/1424
v -0.4531479 0.2432624 -0.7000000
v -0.4600000 0.2000000 -0.7000000
v -0.5100000 0.2000000 -0.5600000
v -0.5007007 0.2587132 -0.5600000
vt 0.6747368 0.9800000
vt 0.5200000 0.9800000
vt 0.5200000 0.7700000
vt 0.7300000 0.7700000
vn -0.9314376 0.1475252 -0.3326563
vn -0.9314376 0.1475252 -0.3326563
vn -0.9314376 0.1475252 -0.3326563
vn -0.9314376 0.1475252 -0.3326563
f 1425/1425/1425 1426/1426/1426 1427/1427/1427
f 1425/1425/1425 1427/1427/1427 1428/1428/1428
v -0.4600000 0.2000000 -0.7000000
v -0.4531479 0.1567376 -0.7000000
v -0.5007007 0.1412868 -0.5600000
v -0.5100000 0.2000000 -0.5600000
vt 0.7300000 0.9800000
vt 0.5752632 0.9800000
vt 0.5200000 0.7700000
vt 0.7300000 0.7700000
vn -0.9314376 -0.1475252 -0.3326563
vn -0.9314376 -0.1475252 -0.3326563
vn -0.9314376 -0.1475252 -0.3326563
vn -0.9314376 -0.1475252 -0.3326563
f 1429/1429/1429 1430/1430/1430 1431/1431/1431
f 1429/1429/1429 1431/1431/1431 1432/1432/1432
v -0.4531479 0.1567376 -0.7000000
v -0.4332624 0.1177101 -0.7000000
v -0.4737132 0.0883208 -0.5600000
v -0.5007007 0.1412868 -0.5600000
vt 0.5200000 0.7700000
vt 0.5200000 0.8897920
vt 0.7300000 0.9800000
vt 0.7300000 0.8174252
vn -0.8402620 -0.4281349 -0.3326563
vn -0.8402620 -0.4281349 -0.3326563
vn -0.8402620 -0.4281349 -0.3326563
vn -0.8402620 -0.4281349 -0.3326563
f 1433/1433/1433 1434/1434/1434 1435/1435/1435
f 1433/1433/1433 1435/1435/1435 1436/1436/1436
v -0.4332624 0.1177101 -0.7000000
v -0.4022899 0.0867376 -0.7000000
v -0.4316792 0.0462868 -0.5600000
v -0.4737132 0.0883208 -0.5600000
vt 0.5200000 0.8610657
vt 0.5200000 0.7700000
vt 0.7300000 0.8564108
vt 0.7300000 0.9800000
vn -0.6668357 -0.6668357 -0.3326563
vn -0.6668357 -0.6668357 -0.3326563
vn -0.6668357 -0.6668357 -0.3326563
vn -0.6668357 -0.6668357 -0.3326563
f 1437/1437/1437 1438/1438/1438 1439/1439/1439
f 1437/1437/1437 1439/1439/1439 1440/1440/1440
v -0.4022899 0.0867376 -0.7000000
v -0.3632624 0.0668521 -0.7000000
v -0.3787132 0.0192993 -0.5600000
v -0.4316792 0.0462868 -0.5600000
vt 0.5200000 0.8897920
vt 0.5200000 0.7700000
vt 0.7300000 0.8174252
vt 0.7300000 0.9800000
vn -0.4281349 -0.8402620 -0.3326563
vn -0.4281349 -0.8402620 -0.3326563
vn -0.4281349 -0.8402620 -0.3326563
vn -0.4281349 -0.8402620 -0.3326563
f 1441/1441/1441 1442/1442/1442 1443/1443/1443
f 1441/1441/1441 1443/1443/1443 1444/1444/1444
v -0.3632624 0.0668521 -0.7000000
v -0.3200000 0.0600000 -0.7000000
v -0.3200000 0.0100000 -0.5600000
v -0.3787132 0.0192993 -0.5600000
vt 0.5752632 0.9800000
vt 0.7300000 0.9800000
vt 0.7300000 0.7700000
vt 0.5200000 0.7700000
vn -0.1475252 -0.9314376 -0.3326563
vn -0.1475252 -0.9314376 -0.3326563
vn -0.1475252 -0.9314376 -0.3326563
vn -0.1475252 -0.9314376 -0.3326563
f 1445/1445/1445 1446/1446/1446 1447/1447/1447
f 1445/1445/1445 1447/1447/1447 1448/1448/1448
v -0.3200000 0.0600000 -0.7000000
v -0.2767376 0.0668521 -0.7000000
v -0.2612868 0.0192993 -0.5600000
v -0.3200000 0.0100000 -0.5600000
vt 0.5200000 0.9800000
vt 0.6747368 0.9800000
vt 0.7300000 0.7700000
vt 0.5200000 0.7700000
vn 0.1475252 -0.9314376 -0.3326563
vn 0.1475252 -0.9314376 -0.3326563
vn 0.1475252 -0.9314376 -0.3326563
vn 0.1475252 -0.9314376 -0.3326563
f 1449/1449/1449 1450/1450/1450 1451/1451/1451
f 1449/1449/1449 1451/1451/1451 1452/1452/1452
v -0.2767376 0.0668521 -0.7000000
v -0.2377101 0.0867376 -0.7000000
v -0.2083208 0.0462868 -0.5600000
v -0.2612868 0.0192993 -0.5600000
vt 0.5200000 0.9800000
vt 0.5200000 0.8602080
vt 0.7300000 0.7700000
vt 0.7300000 0.9325748
vn 0.4281349 -0.8402620 -0.3326563
vn 0.4281349 -0.8402620 -0.3326563
vn 0.4281349 -0.8402620 -0.3326563
vn 0.4281349 -0.8402620 -0.3326563
f 1453/1453/1453 1454/1454/1454 1455/1455/1455
f 1453/1453/1453 1455/1455/1455 1456/1456/1456
v -0.2377101 0.0867376 -0.7000000
v -0.2067376 0.1177101 -0.7000000
v -0.1662868 0.0883208 -0.5600000
v -0.2083208 0.0462868 -0.5600000
vt 0.5200000 0.9800000
vt 0.5200000 0.8889343
vt 0.7300000 0.7700000
vt 0.7300000 0.8935892
vn 0.6668357 -0.6668357 -0.3326563
vn 0.6668357 -0.6668357 -0.3326563
vn 0.6668357 -0.6668357 -0.3326563
vn 0.6668357 -0.6668357 -0.3326563
f 1457/1457/1457 1458/1458/1458 1459/1459/1459
f 1457/1457/1457 1459/1459/1459 1460/1460/1460
v -0.2067376 0.1177101 -0.7000000
v -0.1868521 0.1567376 -0.7000000
v -0.1392993 0.1412868 -0.5600000
v -0.1662868 0.0883208 -0.5600000
vt 0.5200000 0.8897920
vt 0.5200000 0.7700000
vt 0.7300000 0.8174252
vt 0.7300000 0.9800000
vn 0.8402620 -0.4281349 -0.3326563
vn 0.8402620 -0.4281349 -0.3326563
vn 0.8402620 -0.4281349 -0.3326563
vn 0.8402620 -0.4281349 -0.3326563
f 1461/1461/1461 1462/1462/1462 1463/1463/1463
f 1461/1461/1461 1463/1463/1463 1464/1464/1464
v -0.1868521 0.1567376 -0.7000000
v -0.1800000 0.2000000 -0.7000000
v -0.1300000 0.2000000 -0.5600000
v -0.1392993 0.1412868 -0.5600000
vt 0.5752632 0.9800000
vt 0.7300000 0.9800000
vt 0.7300000 0.7700000
vt 0.5200000 0.7700000
vn 0.9314376 -0.1475252 -0.3326563
vn 0.9314376 -0.1475252 -0.3326563
vn 0.9314376 -0.1475252 -0.3326563
vn 0.9314376 -0.1475252 -0.3326563
f 1465/1465/1465 1466/1466/1466 1467/1467/1467
f 1465/1465/1465 1467/1467/1467 1468/1468/1468
v -0.1300000 0.2000000 -0.5600000
v -0.1392993 0.2587132 -0.5600000
v -0.1392993 0.2587132 -0.4300000
v -0.1300000 0.2000000 -0.4300000
vt 0.5200000 0.9800000
vt 0.5200000 0.7700000
vt 0.7300000 0.7700000
vt 0.7300000 0.9800000
vn 0.9876883 0.1564345 0.0000000
vn 0.9876883 0.1564345 0.0000000
vn 0.9876883 0.1564345 0.0000000
vn 0.9876883 0.1564345 0.0000000
f 1469/1469/1469 1470/1470/1470 1471/1471/1471
f 1469/1469/1469 1471/1471/1471 1472/1472/1472
v -0.1392993 0.2587132 -0.5600000
v -0.1662868 0.3116792 -0.5600000
v -0.1662868 0.3116792 -0.4300000
v -0.1392993 0.2587132 -0.4300000
vt 0.5200000 0.9800000
vt 0.5200000 0.7700000
vt 0.7300000 0.7700000
vt 0.7300000 0.9800000
vn 0.8910065 0.4539905 0.0000000
vn 0.8910065 0.4539905 0.0000000
vn 0.8910065 0.4539905 0.0000000
vn 0.8910065 0.4539905 0.0000000
f 1473/1473/1473 1474/1474/1474 1475/1475/1475
f 1473/1473/1473 1475/1475/1475 1476/1476/1476
v -0.1662868 0.3116792 -0.5600000
v -0.2083208 0.3537132 -0.5600000
v -0.2083208 0.3537132 -0.4300000
v -0.1662868 0.3116792 -0.4300000
vt 0.5200000 0.7700000
vt 0.5200000 0.9800000
vt 0.7300000 0.9800000
vt 0.7300000 0.7700000
vn 0.7071068 0.7071068 0.0000000
vn 0.7071068 0.7071068 0.0000000
vn 0.7071068 0.7071068 0.0000000
vn 0.7071068 0.7071068 0.0000000
f 1477/1477/1477 1478/1478/1478 1479/1479/1479
f 1477/1477/1477 1479/1479/1479 1480/1480/1480
v -0.2083208 0.3537132 -0.5600000
v -0.2612868 0.3807007 -0.5600000
v -0.2612868 0.3807007 -0.4300000
v -0.2083208 0.3537132 -0.4300000
vt 0.5200000 0.7700000
vt 0.5200000 0.9800000
vt 0.7300000 0.9800000
vt 0.7300000 0.7700000
vn 0.4539905 0.8910065 0.0000000
vn 0.4539905 0.8910065 0.0000000
vn 0.4539905 0.8910065 0.0000000
vn 0.4539905 0.8910065 0.0000000
f 1481/1481/1481 1482/1482/1482 1483/1483/1483
f 1481/1481/1481 1483/1483/1483 1484/1484/1484
v -0.2612868 0.3807007 -0.5600000
v -0.3200000 0.3900000 -0.5600000
v -0.3200000 0.3900000 -0.4300000
v -0.2612868 0.3807007 -0.4300000
vt 0.5200000 0.7700000
vt 0.5200000 0.9800000
vt 0.7300000 0.9800000
vt 0.7300000 0.7700000
vn 0.1564345 0.9876883 0.0000000
vn 0.1564345 0.9876883 0.0000000
vn 0.1564345 0.9876883 0.0000000
vn 0.1564345 0.9876883 0.0000000
f 1485/1485/1485 1486/1486/1486 1487/1487/1487
f 1485/1485/1485 1487/1487/1487 1488/1488/1488
v -0.3200000 0.3900000 -0.5600000
v -0.3787132 0.3807007 -0.5600000
v -0.3787132 0.3807007 -0.4300000
v -0.3200000 0.3900000 -0.4300000
vt 0.5200000 0.7700000
vt 0.5200000 0.9800000
vt 0.7300000 0.9800000
vt 0.7300000 0.7700000
vn -0.1564345 0.9876883 0.0000000
vn -0.1564345 0.9876883 0.0000000
vn -0.1564345 0.9876883 0.0000000
vn -0.1564345 0.9876883 0.0000000
f 1489/1489/1489 1490/1490/1490 1491/1491/1491
f 1489/1489/1489 1491/1491/1491 1492/1492/1492
v -0.3787132 0.3807007 -0.5600000
v -0.4316792 0.3537132 -0.5600000
v -0.4316792 0.3537132 -0.4300000
v -0.3787132 0.3807007 -0.4300000
vt 0.5200000 0.7700000
vt 0.5200000 0.9800000
vt 0.7300000 0.9800000
vt 0.7300000 0.7700000
vn -0.4539905 0.8910065 0.0000000
vn -0.4539905 0.8910065 0.0000000
vn -0.4539905 0.8910065 0.0000000
vn -0.4539905 0.8910065 0.0000000
f 1493/1493/1493 1494/1494/1494 1495/1495/1495
f 1493/1493/1493 1495/1495/1495 1496/1496/1496
v -0.4316792 0.3537132 -0.5600000
v -0.4737132 0.3116792 -0.5600000
v -0.4737132 0.3116792 -0.4300000
v -0.4316792 0.3537132 -0.4300000
vt 0.5200000 0.7700000
vt 0.5200000 0.9800000
vt 0.7300000 0.9800000
vt 0.7300000 0.7700000
vn -0.7071068 0.7071068 0.0000000
vn -0.7071068 0.7071068 0.0000000
vn -0.7071068 0.7071068 0.0000000
vn -0.7071068 0.7071068 0.0000000
f 1497/1497/1497 1498/1498/1498 1499/1499/1499
f 1497/1497/1497 1499/1499/1499 1500/1500/1500
v -0.4737132 0.3116792 -0.5600000
v -0.5007007 0.2587132 -0.5600000
v -0.5007007 0.2587132 -0.4300000
v -0.4737132 0.3116792 -0.4300000
vt 0.5200000 0.7700000
vt 0.5200000 0.9800000
vt 0.7300000 0.9800000
vt 0.7300000 0.7700000
vn -0.8910065 0.4539905 0.0000000
vn -0.8910065 0.4539905 0.0000000
vn -0.8910065 0.4539905 0.0000000
vn -0.8910065 0.4539905 0.0000000
f 1501/1501/1501 1502/1502/1502 1503/1503/1503
f 1501/1501/1501 1503/1503/1503 1504/1504/1504
v -0.5007007 0.2587132 -0.5600000
v -0.5100000 0.2000000 -0.5600000
v -0.5100000 0.2000000 -0.4300000
v -0.5007007 0.2587132 -0.4300000
vt 0.5200000 0.7700000
vt 0.5200000 0.9800000
vt 0.7300000 0.9800000
vt 0.7300000 0.7700000
vn -0.9876883 0.1564345 0.0000000
vn -0.9876883 0.1564345 0.0000000
vn -0.9876883 0.1564345 0.0000000
vn -0.9876883 0.1564345 0.0000000
f 1505/1505/1505 1506/1506/1506 1507/1507/1507
f 1505/1505/1505 1507/1507/1507 1508/1508/1508
v -0.5100000 0.2000000 -0.5600000
v -0.5007007 0.1412868 -0.5600000
v -0.5007007 0.1412868 -0.4300000
v -0.5100000 0.2000000 -0.4300000
vt 0.5200000 0.7700000
vt 0.5200000 0.9800000
vt 0.7300000 0.9800000
vt 0.7300000 0.7700000
vn -0.9876883 -0.1564345 0.0000000
vn -0.9876883 -0.1564345 0.0000000
vn -0.9876883 -0.1564345 0.0000000
vn -0.9876883 -0.1564345 0.0000000
f 1509/1509/1509 1510/1510/1510 1511/1511/1511
f 1509/1509/1509 1511/1511/1511 1512/1512/1512
v -0.5007007 0.1412868 -0.5600000
v -0.4737132 0.0883208 -0.5600000
v -0.4737132 0.0883208 -0.4300000
v -0.5007007 0.1412868 -0.4300000
vt 0.5200000 0.7700000
vt 0.5200000 0.9800000
vt 0.7300000 0.9800000
vt 0.7300000 0.7700000
vn -0.8910065 -0.4539905 0.0000000
vn -0.8910065 -0.4539905 0.0000000
vn -0.8910065 -0.4539905 0.0000000
vn -0.8910065 -0.4539905 0.0000000
f 1513/1513/1513 1514/1514/1514 1515/1515/1515
f 1513/1513/1513 1515/1515/1515 1516/1516/1516
v -0.4737132 0.0883208 -0.5600000
v -0.4316792 0.0462868 -0.5600000
v -0.4316792 0.0462868 -0.4300000
v -0.4737132 0.0883208 -0.4300000
vt 0.5200000 0.7700000
vt 0.5200000 0.9800000
vt 0.7300000 0.9800000
vt 0.7300000 0.7700000
vn -0.7071068 -0.7071068 0.0000000
vn -0.7071068 -0.7071068 0.0000000
vn -0.7071068 -0.7071068 0.0000000
vn -0.7071068 -0.7071068 0.0000000
f 1517/1517/1517 1518/1518/1518 1519/1519/1519
f 1517/1517/1517 1519/1519/1519 1520/1520/1520
v -0.4316792 0.0462868 -0.5600000
v -0.3787132 0.0192993 -0.5600000
v -0.3787132 0.0192993 -0.4300000
v -0.4316792 0.0462868 -0.4300000
vt 0.5200000 0.9800000
vt 0.5200000 0.7700000
vt 0.7300000 0.7700000
vt 0.7300000 0.9800000
vn -0.4539905 -0.8910065 0.0000000
vn -0.4539905 -0.8910065 0.0000000
vn -0.4539905 -0.8910065 0.0000000
vn -0.4539905 -0.8910065 0.0000000
f 1521/1521/1521 1522/1522/1522 1523/1523/1523
f 1521/1521/1521 1523/1523/1523 1524/1524/1524
v -0.3787132 0.0192993 -0.5600000
v -0.3200000 0.0100000 -0.5600000
v -0.3200000 0.0100000 -0.4300000
v -0.3787132 0.0192993 -0.4300000
vt 0.5200000 0.9800000
vt 0.5200000 0.7700000
vt 0.7300000 0.7700000
vt 0.7300000 0.9800000
vn -0.1564345 -0.9876883 0.0000000
vn -0.1564345 -0.9876883 0.0000000
vn -0.1564345 -0.9876883 0.0000000
vn -0.1564345 -0.9876883 0.0000000
f 1525/1525/1525 1526/1526/1526 1527/1527/1527
f 1525/1525/1525 1527/1527/1527 1528/1528/1528
v -0.3200000 0.0100000 -0.5600000
v -0.2612868 0.0192993 -0.5600000
v -0.2612868 0.0192993 -0.4300000
v -0.3200000 0.0100000 -0.4300000
vt 0.5200000 0.9800000
vt 0.5200000 0.7700000
vt 0.7300000 0.7700000
vt 0.7300000 0.9800000
vn 0.1564345 -0.9876883 0.0000000
vn 0.1564345 -0.9876883 0.0000000
vn 0.1564345 -0.9876883 0.0000000
vn 0.1564345 -0.9876883 0.0000000
f 1529/1529/1529 1530/1530/1530 1531/1531/1531
f 1529/1529/1529 1531/1531/1531 1532/1532/1532
v -0.2612868 0.0192993 -0.5600000
v -0.2083208 0.0462868 -0.5600000
v -0.2083208 0.0462868 -0.4300000
v -0.2612868 0.0192993 -0.4300000
vt 0.5200000 0.9800000
vt 0.5200000 0.7700000
vt 0.7300000 0.7700000
vt 0.7300000 0.9800000
vn 0.4539905 -0.8910065 0.0000000
vn 0.4539905 -0.8910065 0.0000000
vn 0.4539905 -0.8910065 0.0000000
vn 0.4539905 -0.8910065 0.0000000
f 1533/1533/1533 1534/1534/1534 1535/1535/1535
f 1533/1533/1533 1535/1535/1535 1536/1536/1536
v -0.2083208 0.0462868 -0.5600000
v -0.1662868 0.0883208 -0.5600000
v -0.1662868 0.0883208 -0.4300000
v -0.2083208 0.0462868 -0.4300000
vt 0.5200000 0.9800000
vt 0.5200000 0.7700000
vt 0.7300000 0.7700000
vt 0.7300000 0.9800000
vn 0.7071068 -0.7071068 0.0000000
vn 0.7071068 -0.7071068 0.0000000
vn 0.7071068 -0.7071068 0.0000000
vn 0.7071068 -0.7071068 0.0000000
f 1537/1537/1537 1538/1538/1538 1539/1539/1539
f 1537/1537/1537 1539/1539/1539 1540/1540/1540
v -0.1662868 0.0883208 -0.5600000
v -0.1392993 0.1412868 -0.5600000
v -0.1392993 0.1412868 -0.4300000
v -0.1662868 0.0883208 -0.4300000
vt 0.5200000 0.9800000
vt 0.5200000 0.7700000
vt 0.7300000 0.7700000
vt 0.7300000 0.9800000
vn 0.8910065 -0.4539905 0.0000000
vn 0.8910065 -0.4539905 0.0000000
vn 0.8910065 -0.4539905 0.0000000
vn 0.8910065 -0.4539905 0.0000000
f 1541/1541/1541 1542/1542/1542 1543/1543/1543
f 1541/1541/1541 1543/1543/1543 1544/1544/1544
v -0.1392993 0.1412868 -0.5600000
v -0.1300000 0.2000000 -0.5600000
v -0.1300000 0.2000000 -0.4300000
v -0.1392993 0.1412868 -0.4300000
vt 0.5200000 0.9800000
vt 0.5200000 0.7700000
vt 0.7300000 0.7700000
vt 0.7300000 0.9800000
vn 0.9876883 -0.1564345 0.0000000
vn 0.9876883 -0.1564345 0.0000000
vn 0.9876883 -0.1564345 0.0000000
vn 0.9876883 -0.1564345 0.0000000
f 1545/1545/1545 1546/1546/1546 1547/1547/1547
f 1545/1545/1545 1547/1547/1547 1548/1548/1548
v -0.1300000 0.2000000 -0.4300000
v -0.1392993 0.2587132 -0.4300000
v -0.1662868 0.3116792 -0.4300000
v -0.2083208 0.3537132 -0.4300000
v -0.2612868 0.3807007 -0.4300000
v -0.3200000 0.3900000 -0.4300000
v -0.3787132 0.3807007 -0.4300000
v -0.4316792 0.3537132 -0.4300000
v -0.4737132 0.3116792 -0.4300000
v -0.5007007 0.2587132 -0.4300000
v -0.5100000 0.2000000 -0.4300000
v -0.5007007 0.1412868 -0.4300000
v -0.4737132 0.0883208 -0.4300000
v -0.4316792 0.0462868 -0.4300000
v -0.3787132 0.0192993 -0.4300000
v -0.3200000 0.0100000 -0.4300000
v -0.2612868 0.0192993 -0.4300000
v -0.2083208 0.0462868 -0.4300000
v -0.1662868 0.0883208 -0.4300000
v -0.1392993 0.1412868 -0.4300000
vt 0.7300000 0.8750000
vt 0.7248609 0.8425532
vt 0.7099468 0.8132825
vt 0.6867175 0.7900532
vt 0.6574468 0.7751391
vt 0.6250000 0.7700000
vt 0.5925532 0.7751391
vt 0.5632825 0.7900532
vt 0.5400532 0.8132825
vt 0.5251391 0.8425532
vt 0.5200000 0.8750000
vt 0.5251391 0.9074468
vt 0.5400532 0.9367175
vt 0.5632825 0.9599468
vt 0.5925532 0.9748609
vt 0.6250000 0.9800000
vt 0.6574468 0.9748609
vt 0.6867175 0.9599468
vt 0.7099468 0.9367175
vt 0.7248609 0.9074468
vn 0.0000000 0.0000000 1.0000000
vn 0.0000000 0.0000000 1.0000000
vn 0.0000000 0.0000000 1.0000000
vn 0.0000000 0.0000000 1.0000000
vn 0.0000000 0.0000000 1.0000000
vn 0.0000000 0.0000000 1.0000000
vn 0.0000000 0.0000000 1.0000000
vn 0.0000000 0.0000000 1.0000000
vn 0.0000000 0.0000000 1.0000000
vn 0.0000000 0.0000000 1.0000000
vn 0.0000000 0.0000000 1.0000000
vn 0.0000000 0.0000000 1.0000000
vn 0.0000000 0.0000000 1.0000000
vn 0.0000000 0.0000000 1.0000000
vn 0.0000000 0.0000000 1.0000000
vn 0.0000000 0.0000000 1.0000000
vn 0.0000000 0.0000000 1.0000000
vn 0.0000000 0.0000000 1.0000000
vn 0.0000000 0.0000000 1.0000000
vn 0.0000000 0.0000000 1.0000000
f 1549/1549/1549 1550/1550/1550 1551/1551/1551
f 1549/1549/1549 1551/1551/1551 1552/1552/1552
f 1549/1549/1549 1552/1552/1552 1553/1553/1553
f 1549/1549/1549 1553/1553/1553 1554/1554/1554
f 1549/1549/1549 1554/1554/1554 1555/1555/1555
f 1549/1549/1549 1555/1555/1555 1556/1556/1556
f 1549/1549/1549 1556/1556/1556 1557/1557/1557
f 1549/1549/1549 1557/1557/1557 1558/1558/1558
f 1549/1549/1549 1558/1558/1558 1559/1559/1559
f 1549/1549/1549 1559/1559/1559 1560/1560/1560
f 1549/1549/1549 1560/1560/1560 1561/1561/1561
f 1549/1549/1549 1561/1561/1561 1562/1562/1562
f 1549/1549/1549 1562/1562/1562 1563/1563/1563
f 1549/1549/1549 1563/1563/1563 1564/1564/1564
f 1549/1549/1549 1564/1564/1564 1565/1565/1565
f 1549/1549/1549 1565/1565/1565 1566/1566/1566
f 1549/1549/1549 1566/1566/1566 1567/1567/1567
f 1549/1549/1549 1567/1567/1567 1568/1568/1568
v -0.2248943 0.1690983 -0.7050000
v -0.2390983 0.1412215 -0.7050000
v -0.2612215 0.1190983 -0.7050000
v -0.2890983 0.1048943 -0.7050000
v -0.3200000 0.1000000 -0.7050000
v -0.3509017 0.1048943 -0.7050000
v -0.3787785 0.1190983 -0.7050000
v -0.4009017 0.1412215 -0.7050000
v -0.4151057 0.1690983 -0.7050000
v -0.4200000 0.2000000 -0.7050000
v -0.4151057 0.2309017 -0.7050000
v -0.4009017 0.2587785 -0.7050000
v -0.3787785 0.2809017 -0.7050000
v -0.3509017 0.2951057 -0.7050000
v -0.3200000 0.3000000 -0.7050000
v -0.2890983 0.2951057 -0.7050000
v -0.2612215 0.2809017 -0.7050000
v -0.2390983 0.2587785 -0.7050000
v -0.2248943 0.2309017 -0.7050000
v -0.2200000 0.2000000 -0.7050000
vt 0.9748609 0.4074468
vt 0.9599468 0.4367175
vt 0.9367175 0.4599468
vt 0.9074468 0.4748609
vt 0.8750000 0.4800000
vt 0.8425532 0.4748609
vt 0.8132825 0.4599468
vt 0.7900532 0.4367175
vt 0.7751391 0.4074468
vt 0.7700000 0.3750000
vt 0.7751391 0.3425532
vt 0.7900532 0.3132825
vt 0.8132825 0.2900532
vt 0.8425532 0.2751391
vt 0.8750000 0.2700000
vt 0.9074468 0.2751391
vt 0.9367175 0.2900532
vt 0.9599468 0.3132825
vt 0.9748609 0.3425532
vt 0.9800000 0.3750000
vn 0.0000000 0.0000000 -1.0000000
vn 0.0000000 0.0000000 -1.0000000
vn 0.0000000 0.0000000 -1.0000000
vn 0.0000000 0.0000000 -1.0000000
vn 0.0000000 0.0000000 -1.0000000
vn 0.0000000 0.0000000 -1.0000000
vn 0.0000000 0.0000000 -1.0000000
vn 0.0000000 0.0000000 -1.0000000
vn 0.0000000 0.0000000 -1.0000000
vn 0.0000000 0.0000000 -1.0000000
vn 0.0000000 0.0000000 -1.0000000
vn 0.0000000 0.0000000 -1.0000000
vn 0.0000000 0.0000000 -1.0000000
vn 0.0000000 0.0000000 -1.0000000
vn 0.0000000 0.0000000 -1.0000000
vn 0.0000000 0.0000000 -1.0000000
vn 0.0000000 0.0000000 -1.0000000
vn 0.0000000 0.0000000 -1.0000000
vn 0.0000000 0.0000000 -1.0000000
vn 0.0000000 0.0000000 -1.0000000
f 1569/1569/1569 1570/1570/1570 1571/1571/1571
f 1569/1569/1569 1571/1571/1571 1572/1572/1572
f 1569/1569/1569 1572/1572/1572 1573/1573/1573
f 1569/1569/1569 1573/1573/1573 1574/1574/1574
f 1569/1569/1569 1574/1574/1574 1575/1575/1575
f 1569/1569/1569 1575/1575/1575 1576/1576/1576
f 1569/1569/1569 1576/1576/1576 1577/1577/1577
f 1569/1569/1569 1577/1577/1577 1578/1578/1578
f 1569/1569/1569 1578/1578/1578 1579/1579/1579
f 1569/1569/1569 1579/1579/1579 1580/1580/1580
f 1569/1569/1569 1580/1580/1580 1581/1581/1581
f 1569/1569/1569 1581/1581/1581 1582/1582/1582
f 1569/1569/1569 1582/1582/1582 1583/1583/1583
f 1569/1569/1569 1583/1583/1583 1584/1584/1584
f 1569/1569/1569 1584/1584/1584 1585/1585/1585
f 1569/1569/1569 1585/1585/1585 1586/1586/1586
f 1569/1569/1569 1586/1586/1586 1587/1587/1587
f 1569/1569/1569 1587/1587/1587 1588/1588/1588
v -0.2200000 0.2000000 -0.7050000
v -0.2248943 0.2309017 -0.7050000
v -0.2248943 0.2309017 -0.7000000
v -0.2200000 0.2000000 -0.7000000
vt 0.7700000 0.4800000
vt 0.7700000 0.2700000
vt 0.9800000 0.2700000
vt 0.9800000 0.4800000
vn 0.9876883 0.1564345 0.0000000
vn 0.9876883 0.1564345 0.0000000
vn 0.9876883 0.1564345 0.0000000
vn 0.9876883 0.1564345 0.0000000
f 1589/1589/1589 1590/1590/1590 1591/1591/1591
f 1589/1589/1589 1591/1591/1591 1592/1592/1592
v -0.2248943 0.2309017 -0.7050000
v -0.2390983 0.2587785 -0.7050000
v -0.2390983 0.2587785 -0.7000000
v -0.2248943 0.2309017 -0.7000000
vt 0.7700000 0.4800000
vt 0.7700000 0.2700000
vt 0.9800000 0.2700000
vt 0.9800000 0.4800000
vn 0.8910065 0.4539905 0.0000000
vn 0.8910065 0.4539905 0.0000000
vn 0.8910065 0.4539905 0.0000000
vn 0.8910065 0.4539905 0.0000000
f 1593/1593/1593 1594/1594/1594 1595/1595/1595
f 1593/1593/1593 1595/1595/1595 1596/1596/1596
v -0.2390983 0.2587785 -0.7050000
v -0.2612215 0.2809017 -0.7050000
v -0.2612215 0.2809017 -0.7000000
v -0.2390983 0.2587785 -0.7000000
vt 0.7700000 0.2700000
vt 0.7700000 0.4800000
vt 0.9800000 0.4800000
vt 0.9800000 0.2700000
vn 0.7071068 0.7071068 0.0000000
vn 0.7071068 0.7071068 0.0000000
vn 0.7071068 0.7071068 0.0000000
vn 0.7071068 0.7071068 0.0000000
f 1597/1597/1597 1598/1598/1598 1599/1599/1599
f 1597/1597/1597 1599/1599/1599 1600/1600/1600
v -0.2612215 0.2809017 -0.7050000
v -0.2890983 0.2951057 -0.7050000
v -0.2890983 0.2951057 -0.7000000
v -0.2612215 0.2809017 -0.7000000
vt 0.7700000 0.2700000
vt 0.7700000 0.4800000
vt 0.9800000 0.4800000
vt 0.9800000 0.2700000
vn 0.4539905 0.8910065 0.0000000
vn 0.4539905 0.8910065 0.0000000
vn 0.4539905 0.8910065 0.0000000
vn 0.4539905 0.8910065 0.0000000
f 1601/1601/1601 1602/1602/1602 1603/1603/1603
f 1601/1601/1601 1603/1603/1603 1604/1604/1604
v -0.2890983 0.2951057 -0.7050000
v -0.3200000 0.3000000 -0.7050000
v -0.3200000 0.3000000 -0.7000000
v -0.2890983 0.2951057 -0.7000000
vt 0.7700000 0.2700000
vt 0.7700000 0.4800000
vt 0.9800000 0.4800000
vt 0.9800000 0.2700000
vn 0.1564345 0.9876883 0.0000000
vn 0.1564345 0.9876883 0.0000000
vn 0.1564345 0.9876883 0.0000000
vn 0.1564345 0.9876883 0.0000000
f 1605/1605/1605 1606/1606/1606 1607/1607/1607
f 1605/1605/1605 1607/1607/1607 1608/1608/1608
v -0.3200000 0.3000000 -0.7050000
v -0.3509017 0.2951057 -0.7050000
v -0.3509017 0.2951057 -0.7000000
v -0.3200000 0.3000000 -0.7000000
vt 0.7700000 0.2700000
vt 0.7700000 0.4800000
vt 0.9800000 0.4800000
vt 0.9800000 0.2700000
vn -0.1564345 0.9876883 0.0000000
vn -0.1564345 0.9876883 0.0000000
vn -0.1564345 0.9876883 0.0000000
vn -0.1564345 0.9876883 0.0000000
f 1609/1609/1609 1610/1610/1610 1611/1611/1611
f 1609/1609/1609 1611/1611/1611 1612/1612/1612
v -0.3509017 0.2951057 -0.7050000
v -0.3787785 0.2809017 -0.7050000
v -0.3787785 0.2809017 -0.7000000
v -0.3509017 0.2951057 -0.7000000
vt 0.7700000 0.2700000
vt 0.7700000 0.4800000
vt 0.9800000 0.4800000
vt 0.9800000 0.2700000
vn -0.4539905 0.8910065 0.0000000
vn -0.4539905 0.8910065 0.0000000
vn -0.4539905 0.8910065 0.0000000
vn -0.4539905 0.8910065 0.0000000
f 1613/1613/1613 1614/1614/1614 1615/1615/1615
f 1613/1613/1613 1615/1615/1615 1616/1616/1616
v -0.3787785 0.2809017 -0.7050000
v -0.4009017 0.2587785 -0.7050000
v -0.4009017 0.2587785 -0.7000000
v -0.3787785 0.2809017 -0.7000000
vt 0.7700000 0.2700000
vt 0.7700000 0.4800000
vt 0.9800000 0.4800000
vt 0.9800000 0.2700000
vn -0.7071068 0.7071068 0.0000000
vn -0.7071068 0.7071068 0.0000000
vn -0.7071068 0.7071068 0.0000000
vn -0.7071068 0.7071068 0.0000000
f 1617/1617/1617 1618/1618/1618 1619/1619/1619
f 1617/1617/1617 1619/1619/1619 1620/1620/1620
v -0.4009017 0.2587785 -0.7050000
v -0.4151057 0.2309017 -0.7050000
v -0.4151057 0.2309017 -0.7000000
v -0.4009017 0.2587785 -0.7000000
vt 0.7700000 0.2700000
vt 0.7700000 0.4800000
vt 0.9800000 0.4800000
vt 0.9800000 0.2700000
vn -0.8910065 0.4539905 0.0000000
vn -0.8910065 0.4539905 0.0000000
vn -0.8910065 0.4539905 0.0000000
vn -0.8910065 0.4539905 0.0000000
f 1621/1621/1621 1622/1622/1622 1623/1623/1623
f 1621/1621/1621 1623/1623/1623 1624/1624/1624
v -0.4151057 0.2309017 -0.7050000
v -0.4200000 0.2000000 -0.7050000
v -0.4200000 0.2000000 -0.7000000
v -0.4151057 0.2309017 -0.7000000
vt 0.7700000 0.2700000
vt 0.7700000 0.4800000
vt 0.9800000 0.4800000
vt 0.9800000 0.2700000
vn -0.9876883 0.1564345 0.0000000
vn -0.9876883 0.1564345 0.0000000
vn -0.9876883 0.1564345 0.0000000
vn -0.9876883 0.1564345 0.0000000
f 1625/1625/1625 1626/1626/1626 1627/1627/1627
f 1625/1625/1625 1627/1627/1627 1628/1628/1628
v -0.4200000 0.2000000 -0.7050000
v -0.4151057 0.1690983 -0.7050000
v -0.4151057 0.1690983 -0.7000000
v -0.4200000 0.2000000 -0.7000000
vt 0.7700000 0.2700000
vt 0.7700000 0.4800000
vt 0.9800000 0.4800000
vt 0.9800000 0.2700000
vn -0.9876883 -0.1564345 0.0000000
vn -0.9876883 -0.1564345 0.0000000
vn -0.9876883 -0.1564345 0.0000000
vn -0.9876883 -0.1564345 0.0000000
f 1629/1629/1629 1630/1630/1630 1631/1631/1631
f 1629/1629/1629 1631/1631/1631 1632/1632/1632
v -0.4151057 0.1690983 -0.7050000
v -0.4009017 0.1412215 -0.7050000
v -0.4009017 0.1412215 -0.7000000
v -0.4151057 0.1690983 -0.7000000
vt 0.7700000 0.2700000
vt 0.7700000 0.4800000
vt 0.9800000 0.4800000
vt 0.9800000 0.2700000
vn -0.8910065 -0.4539905 0.0000000
vn -0.8910065 -0.4539905 0.0000000
vn -0.8910065 -0.4539905 0.0000000
vn -0.8910065 -0.4539905 0.0000000
f 1633/1633/1633 1634/1634/1634 1635/1635/1635
f 1633/1633/1633 1635/1635/1635 1636/1636/1636
v -0.4009017 0.1412215 -0.7050000
v -0.3787785 0.1190983 -0.7050000
v -0.3787785 0.1190983 -0.7000000
v -0.4009017 0.1412215 -0.7000000
vt 0.7700000 0.4800000
vt 0.7700000 0.2700000
vt 0.9800000 0.2700000
vt 0.9800000 0.4800000
vn -0.7071068 -0.7071068 0.0000000
vn -0.7071068 -0.7071068 0.0000000
vn -0.7071068 -0.7071068 0.0000000
vn -0.7071068 -0.7071068 0.0000000
f 1637/1637/1637 1638/1638/1638 1639/1639/1639
f 1637/1637/1637 1639/1639/1639 1640/1640/1640
v -0.3787785 0.1190983 -0.7050000
v -0.3509017 0.1048943 -0.7050000
v -0.3509017 0.1048943 -0.7000000
v -0.3787785 0.1190983 -0.7000000
vt 0.7700000 0.4800000
vt 0.7700000 0.2700000
vt 0.9800000 0.2700000
vt 0.9800000 0.4800000
vn -0.4539905 -0.8910065 0.0000000
vn -0.4539905 -0.8910065 0.0000000
vn -0.4539905 -0.8910065 0.0000000
vn -0.4539905 -0.8910065 0.0000000
f 1641/1641/1641 1642/1642/1642 1643/1643/1643
f 1641/1641/1641 1643/1643/1643 1644/1644/1644
v -0.3509017 0.1048943 -0.7050000
v -0.3200000 0.1000000 -0.7050000
v -0.3200000 0.1000000 -0.7000000
v -0.3509017 0.1048943 -0.7000000
vt 0.7700000 0.4800000
vt 0.7700000 0.2700000
vt 0.9800000 0.2700000
vt 0.9800000 0.4800000
vn -0.1564345 -0.9876883 0.0000000
vn -0.1564345 -0.9876883 0.0000000
vn -0.1564345 -0.9876883 0.0000000
vn -0.1564345 -0.9876883 0.0000000
f 1645/1645/1645 1646/1646/1646 1647/1647/1647
f 1645/1645/1645 1647/1647/1647 1648/1648/1648
v -0.3200000 0.1000000 -0.7050000
v -0.2890983 0.1048943 -0.7050000
v -0.2890983 0.1048943 -0.7000000
v -0.3200000 0.1000000 -0.7000000
vt 0.7700000 0.4800000
vt 0.7700000 0.2700000
vt 0.9800000 0.2700000
vt 0.9800000 0.4800000
vn 0.1564345 -0.9876883 0.0000000
vn 0.1564345 -0.9876883 0.0000000
vn 0.1564345 -0.9876883 0.0000000
vn 0.1564345 -0.9876883 0.0000000
f 1649/1649/1649 1650/1650/1650 1651/1651/1651
f 1649/1649/1649 1651/1651/1651 1652/1652/1652
v -0.2890983 0.1048943 -0.7050000
v -0.2612215 0.1190983 -0.7050000
v -0.2612215 0.1190983 -0.7000000
v -0.2890983 0.1048943 -0.7000000
vt 0.7700000 0.4800000
vt 0.7700000 0.2700000
vt 0.9800000 0.2700000
vt 0.9800000 0.4800000
vn 0.4539905 -0.8910065 0.0000000
vn 0.4539905 -0.8910065 0.0000000
vn 0.4539905 -0.8910065 0.0000000
vn 0.4539905 -0.8910065 0.0000000
f 1653/1653/1653 1654/1654/1654 1655/1655/1655
f 1653/1653/1653 1655/1655/1655 1656/1656/1656
v -0.2612215 0.1190983 -0.7050000
v -0.2390983 0.1412215 -0.7050000
v -0.2390983 0.1412215 -0.7000000
v -0.2612215 0.1190983 -0.7000000
vt 0.7700000 0.4800000
vt 0.7700000 0.2700000
vt 0.9800000 0.2700000
vt 0.9800000 0.4800000
vn 0.7071068 -0.7071068 0.0000000
vn 0.7071068 -0.7071068 0.0000000
vn 0.7071068 -0.7071068 0.0000000
vn 0.7071068 -0.7071068 0.0000000
f 1657/1657/1657 1658/1658/1658 1659/1659/1659
f 1657/1657/1657 1659/1659/1659 1660/1660/1660
v -0.2390983 0.1412215 -0.7050000
v -0.2248943 0.1690983 -0.7050000
v -0.2248943 0.1690983 -0.7000000
v -0.2390983 0.1412215 -0.7000000
vt 0.7700000 0.4800000
vt 0.7700000 0.2700000
vt 0.9800000 0.2700000
vt 0.9800000 0.4800000
vn 0.8910065 -0.4539905 0.0000000
vn 0.8910065 -0.4539905 0.0000000
vn 0.8910065 -0.4539905 0.0000000
vn 0.8910065 -0.4539905 0.0000000
f 1661/1661/1661 1662/1662/1662 1663/1663/1663
f 1661/1661/1661 1663/1663/1663 1664/1664/1664
v -0.2248943 0.1690983 -0.7050000
v -0.2200000 0.2000000 -0.7050000
v -0.2200000 0.2000000 -0.7000000
v -0.2248943 0.1690983 -0.7000000
vt 0.7700000 0.4800000
vt 0.7700000 0.2700000
vt 0.9800000 0.2700000
vt 0.9800000 0.4800000
vn 0.9876883 -0.1564345 0.0000000
vn 0.9876883 -0.1564345 0.0000000
vn 0.9876883 -0.1564345 0.0000000
vn 0.9876883 -0.1564345 0.0000000
f 1665/1665/1665 1666/1666/1666 1667/1667/1667
f 1665/1665/1665 1667/1667/1667 1668/1668/1668
v -0.2200000 0.2000000 -0.7000000
v -0.2248943 0.2309017 -0.7000000
v -0.2390983 0.2587785 -0.7000000
v -0.2612215 0.2809017 -0.7000000
v -0.2890983 0.2951057 -0.7000000
v -0.3200000 0.3000000 -0.7000000
v -0.3509017 0.2951057 -0.7000000
v -0.3787785 0.2809017 -0.7000000
v -0.4009017 0.2587785 -0.7000000
v -0.4151057 0.2309017 -0.7000000
v -0.4200000 0.2000000 -0.7000000
v -0.4151057 0.1690983 -0.7000000
v -0.4009017 0.1412215 -0.7000000
v -0.3787785 0.1190983 -0.7000000
v -0.3509017 0.1048943 -0.7000000
v -0.3200000 0.1000000 -0.7000000
v -0.2890983 0.1048943 -0.7000000
v -0.2612215 0.1190983 -0.7000000
v -0.2390983 0.1412215 -0.7000000
v -0.2248943 0.1690983 -0.7000000
vt 0.9800000 0.3750000
vt 0.9748609 0.3425532
vt 0.9599468 0.3132825
vt 0.9367175 0.2900532
vt 0.9074468 0.2751391
vt 0.8750000 0.2700000
vt 0.8425532 0.2751391
vt 0.8132825 0.2900532
vt 0.7900532 0.3132825
vt 0.7751391 0.3425532
vt 0.7700000 0.3750000
vt 0.7751391 0.4074468
vt 0.7900532 0.4367175
vt 0.8132825 0.4599468
vt 0.8425532 0.4748609
vt 0.8750000 0.4800000
vt 0.9074468 0.4748609
vt 0.9367175 0.4599468
vt 0.9599468 0.4367175
vt 0.9748609 0.4074468
vn 0.0000000 0.0000000 1.0000000
vn 0.0000000 0.0000000 1.0000000
vn 0.0000000 0.0000000 1.0000000
vn 0.0000000 0.0000000 1.0000000
vn 0.0000000 0.0000000 1.0000000
vn 0.0000000 0.0000000 1.0000000
vn 0.0000000 0.0000000 1.0000000
vn 0.0000000 0.0000000 1.0000000
vn 0.0000000 0.0000000 1.0000000
vn 0.0000000 0.0000000 1.0000000
vn 0.0000000 0.0000000 1.0000000
vn 0.0000000 0.0000000 1.0000000
vn 0.0000000 0.0000000 1.0000000
vn 0.0000000 0.0000000 1.0000000
vn 0.0000000 0.0000000 1.0000000
vn 0.0000000 0.0000000 1.0000000
vn 0.0000000 0.0000000 1.0000000
vn 0.0000000 0.0000000 1.0000000
vn 0.0000000 0.0000000 1.0000000
vn 0.0000000 0.0000000 1.0000000
f 1669/1669/1669 1670/1670/1670 1671/1671/1671
f 1669/1669/1669 1671/1671/1671 1672/1672/1672
f 1669/1669/1669 1672/1672/1672 1673/1673/1673
f 1669/1669/1669 1673/1673/1673 1674/1674/1674
f 1669/1669/1669 1674/1674/1674 1675/1675/1675
f 1669/1669/1669 1675/1675/1675 1676/1676/1676
f 1669/1669/1669 1676/1676/1676 1677/1677/1677
f 1669/1669/1669 1677/1677/1677 1678/1678/1678
f 1669/1669/1669 1678/1678/1678 1679/1679/1679
f 1669/1669/1669 1679/1679/1679 1680/1680/1680
f 1669/1669/1669 1680/1680/1680 1681/1681/1681
f 1669/1669/1669 1681/1681/1681 1682/1682/1682
f 1669/1669/1669 1682/1682/1682 1683/1683/1683
f 1669/1669/1669 1683/1683/1683 1684/1684/1684
f 1669/1669/1669 1684/1684/1684 1685/1685/1685
f 1669/1669/1669 1685/1685/1685 1686/1686/1686
f 1669/1669/1669 1686/1686/1686 1687/1687/1687
f 1669/1669/1669 1687/1687/1687 1688/1688/1688
v -1.0400000 0.1846716 -0.0767878
v -1.0400000 0.1694975 -0.0994975
v -1.0400000 0.1467878 -0.1146716
v -1.0400000 0.1200000 -0.1200000
v -1.0400000 0.0932122 -0.1146716
v -1.0400000 0.0705025 -0.0994975
v -1.0400000 0.0553284 -0.0767878
v -1.0400000 0.0500000 -0.0500000
v -1.0400000 0.0553284 -0.0232122
v -1.0400000 0.0705025 -0.0005025
v -1.0400000 0.0932122 0.0146716
v -1.0400000 0.1200000 0.0200000
v -1.0400000 0.1467878 0.0146716
v -1.0400000 0.1694975 -0.0005025
v -1.0400000 0.1846716 -0.0232122
v -1.0400000 0.1900000 -0.0500000
vt 0.2220074 0.6651818
vt 0.1992462 0.6992462
vt 0.1651818 0.7220074
vt 0.1250000 0.7300000
vt 0.0848182 0.7220074
vt 0.0507538 0.6992462
vt 0.0279926 0.6651818
vt 0.0200000 0.6250000
vt 0.0279926 0.5848182
vt 0.0507538 0.5507538
vt 0.0848182 0.5279926
vt 0.1250000 0.5200000
vt 0.1651818 0.5279926
vt 0.1992462 0.5507538
vt 0.2220074 0.5848182
vt 0.2300000 0.6250000
vn -1.0000000 0.0000000 0.0000000
vn -1.0000000 0.0000000 0.0000000
vn -1.0000000 0.0000000 0.0000000
vn -1.0000000 0.0000000 0.0000000
vn -1.0000000 0.0000000 0.0000000
vn -1.0000000 0.0000000 0.0000000
vn -1.0000000 0.0000000 0.0000000
vn -1.0000000 0.0000000 0.0000000
vn -1.0000000 0.0000000 0.0000000
vn -1.0000000 0.0000000 0.0000000
vn -1.0000000 0.0000000 0.0000000
vn -1.0000000 0.0000000 0.0000000
vn -1.0000000 0.0000000 0.0000000
vn -1.0000000 0.0000000 0.0000000
vn -1.0000000 0.0000000 0.0000000
vn -1.0000000 0.0000000 0.0000000
f 1689/1689/1689 1690/1690/1690 1691/1691/1691
f 1689/1689/1689 1691/1691/1691 1692/1692/1692
f 1689/1689/1689 1692/1692/1692 1693/1693/1693
f 1689/1689/1689 1693/1693/1693 1694/1694/1694
f 1689/1689/1689 1694/1694/1694 1695/1695/1695
f 1689/1689/1689 1695/1695/1695 1696/1696/1696
f 1689/1689/1689 1696/1696/1696 1697/1697/1697
f 1689/1689/1689 1697/1697/1697 1698/1698/1698
f 1689/1689/1689 1698/1698/1698 1699/1699/1699
f 1689/1689/1689 1699/1699/1699 1700/1700/1700
f 1689/1689/1689 1700/1700/1700 1701/1701/1701
f 1689/1689/1689 1701/1701/1701 1702/1702/1702
f 1689/1689/1689 1702/1702/1702 1703/1703/1703
f 1689/1689/1689 1703/1703/1703 1704/1704/1704
v -1.0400000 0.1900000 -0.0500000
v -1.0400000 0.1846716 -0.0232122
v -0.7700000 0.1846716 -0.0232122
v -0.7700000 0.1900000 -0.0500000
vt 0.0200000 0.7300000
vt 0.0200000 0.5200000
vt 0.2300000 0.5200000
vt 0.2300000 0.7300000
vn 0.0000000 0.9807853 0.1950903
vn 0.0000000 0.9807853 0.1950903
vn 0.0000000 0.9807853 0.1950903
vn 0.0000000 0.9807853 0.1950903
f 1705/1705/1705 1706/1706/1706 1707/1707/1707
f 1705/1705/1705 1707/1707/1707 1708/1708/1708
v -1.0400000 0.1846716 -0.0232122
v -1.0400000 0.1694975 -0.0005025
v -0.7700000 0.1694975 -0.0005025
v -0.7700000 0.1846716 -0.0232122
vt 0.0200000 0.7300000
vt 0.0200000 0.5200000
vt 0.2300000 0.5200000
vt 0.2300000 0.7300000
vn 0.0000000 0.8314696 0.5555702
vn 0.0000000 0.8314696 0.5555702
vn 0.0000000 0.8314696 0.5555702
vn 0.0000000 0.8314696 0.5555702
f 1709/1709/1709 1710/1710/1710 1711/1711/1711
f 1709/1709/1709 1711/1711/1711 1712/1712/1712
v -1.0400000 0.1694975 -0.0005025
v -1.0400000 0.1467878 0.0146716
v -0.7700000 0.1467878 0.0146716
v -0.7700000 0.1694975 -0.0005025
vt 0.0200000 0.5200000
vt 0.0200000 0.7300000
vt 0.2300000 0.7300000
vt 0.2300000 0.5200000
vn 0.0000000 0.5555702 0.8314696
vn 0.0000000 0.5555702 0.8314696
vn 0.0000000 0.5555702 0.8314696
vn 0.0000000 0.5555702 0.8314696
f 1713/1713/1713 1714/1714/1714 1715/1715/1715
f 1713/1713/1713 1715/1715/1715 1716/1716/1716
v -1.0400000 0.1467878 0.0146716
v -1.0400000 0.1200000 0.0200000
v -0.7700000 0.1200000 0.0200000
v -0.7700000 0.1467878 0.0146716
vt 0.0200000 0.5200000
vt 0.0200000 0.7300000
vt 0.2300000 0.7300000
vt 0.2300000 0.5200000
vn 0.0000000 0.1950903 0.9807853
vn 0.0000000 0.1950903 0.9807853
vn 0.0000000 0.1950903 0.9807853
vn 0.0000000 0.1950903 0.9807853
f 1717/1717/1717 1718/1718/1718 1719/1719/1719
f 1717/1717/1717 1719/1719/1719 1720/1720/1720
v -1.0400000 0.1200000 0.0200000
v -1.0400000 0.0932122 0.0146716
v -0.7700000 0.0932122 0.0146716
v -0.7700000 0.1200000 0.0200000
vt 0.0200000 0.5200000
vt 0.0200000 0.7300000
vt 0.2300000 0.7300000
vt 0.2300000 0.5200000
vn 0.0000000 -0.1950903 0.9807853
vn 0.0000000 -0.1950903 0.9807853
vn 0.0000000 -0.1950903 0.9807853
vn 0.0000000 -0.1950903 0.9807853
f 1721/1721/1721 1722/1722/1722 1723/1723/1723
f 1721/1721/1721 1723/1723/1723 1724/1724/1724
v -1.0400000 0.0932122 0.0146716
v -1.0400000 0.0705025 -0.0005025
v -0.7700000 0.0705025 -0.0005025
v -0.7700000 0.0932122 0.0146716
vt 0.0200000 0.5200000
vt 0.0200000 0.7300000
vt 0.2300000 0.7300000
vt 0.2300000 0.5200000
vn 0.0000000 -0.5555702 0.8314696
vn 0.0000000 -0.5555702 0.8314696
vn 0.0000000 -0.5555702 0.8314696
vn 0.0000000 -0.5555702 0.8314696
f 1725/1725/1725 1726/1726/1726 1727/1727/1727
f 1725/1725/1725 1727/1727/1727 1728/1728/1728
v -1.0400000 0.0705025 -0.0005025
v -1.0400000 0.0553284 -0.0232122
v -0.7700000 0.0553284 -0.0232122
v -0.7700000 0.0705025 -0.0005025
vt 0.0200000 0.5200000
vt 0.0200000 0.7300000
vt 0.2300000 0.7300000
vt 0.2300000 0.5200000
vn 0.0000000 -0.8314696 0.5555702
vn 0.0000000 -0.8314696 0.5555702
vn 0.0000000 -0.8314696 0.5555702
vn 0.0000000 -0.8314696 0.5555702
f 1729/1729/1729 1730/1730/1730 1731/1731/1731
f 1729/1729/1729 1731/1731/1731 1732/1732/1732
v -1.0400000 0.0553284 -0.0232122
v -1.0400000 0.0500000 -0.0500000
v -0.7700000 0.0500000 -0.0500000
v -0.7700000 0.0553284 -0.0232122
vt 0.0200000 0.5200000
vt 0.0200000 0.7300000
vt 0.2300000 0.7300000
vt 0.2300000 0.5200000
vn 0.0000000 -0.9807853 0.1950903
vn 0.0000000 -0.9807853 0.1950903
vn 0.0000000 -0.9807853 0.1950903
vn 0.0000000 -0.9807853 0.1950903
f 1733/1733/1733 1734/1734/1734 1735/1735/1735
f 1733/1733/1733 1735/1735/1735 1736/1736/1736
v -1.0400000 0.0500000 -0.0500000
v -1.0400000 0.0553284 -0.0767878
v -0.7700000 0.0553284 -0.0767878
v -0.7700000 0.0500000 -0.0500000
vt 0.0200000 0.5200000
vt 0.0200000 0.7300000
vt 0.2300000 0.7300000
vt 0.2300000 0.5200000
vn 0.0000000 -0.9807853 -0.1950903
vn 0.0000000 -0.9807853 -0.1950903
vn 0.0000000 -0.9807853 -0.1950903
vn 0.0000000 -0.9807853 -0.1950903
f 1737/1737/1737 1738/1738/1738 1739/1739/1739
f 1737/1737/1737 1739/1739/1739 1740/1740/1740
v -1.0400000 0.0553284 -0.0767878
v -1.0400000 0.0705025 -0.0994975
v -0.7700000 0.0705025 -0.0994975
v -0.7700000 0.0553284 -0.0767878
vt 0.0200000 0.5200000
vt 0.0200000 0.7300000
vt 0.2300000 0.7300000
vt 0.2300000 0.5200000
vn 0.0000000 -0.8314696 -0.5555702
vn 0.0000000 -0.8314696 -0.5555702
vn 0.0000000 -0.8314696 -0.5555702
vn 0.0000000 -0.8314696 -0.5555702
f 1741/1741/1741 1742/1742/1742 1743/1743/1743
f 1741/1741/1741 1743/1743/1743 1744/1744/1744
v -1.0400000 0.0705025 -0.0994975
v -1.0400000 0.0932122 -0.1146716
v -0.7700000 0.0932122 -0.1146716
v -0.7700000 0.0705025 -0.0994975
vt 0.0200000 0.7300000
vt 0.0200000 0.5200000
vt 0.2300000 0.5200000
vt 0.2300000 0.7300000
vn 0.0000000 -0.5555702 -0.8314696
vn 0.0000000 -0.5555702 -0.8314696
vn 0.0000000 -0.5555702 -0.8314696
vn 0.0000000 -0.5555702 -0.8314696
f 1745/1745/1745 1746/1746/1746 1747/1747/1747
f 1745/1745/1745 1747/1747/1747 1748/1748/1748
v -1.0400000 0.0932122 -0.1146716
v -1.0400000 0.1200000 -0.1200000
v -0.7700000 0.1200000 -0.1200000
v -0.7700000 0.0932122 -0.1146716
vt 0.0200000 0.7300000
vt 0.0200000 0.5200000
vt 0.2300000 0.5200000
vt 0.2300000 0.7300000
vn 0.0000000 -0.1950903 -0.9807853
vn 0.0000000 -0.1950903 -0.9807853
vn 0.0000000 -0.1950903 -0.9807853
vn 0.0000000 -0.1950903 -0.9807853
f 1749/1749/1749 1750/1750/1750 1751/1751/1751
f 1749/1749/1749 1751/1751/1751 1752/1752/1752
v -1.0400000 0.1200000 -0.1200000
v -1.0400000 0.1467878 -0.1146716
v -0.7700000 0.1467878 -0.1146716
v -0.7700000 0.1200000 -0.1200000
vt 0.0200000 0.7300000
vt 0.0200000 0.5200000
vt 0.2300000 0.5200000
vt 0.2300000 0.7300000
vn 0.0000000 0.1950903 -0.9807853
vn 0.0000000 0.1950903 -0.9807853
vn 0.0000000 0.1950903 -0.9807853
vn 0.0000000 0.1950903 -0.9807853
f 1753/1753/1753 1754/1754/1754 1755/1755/1755
f 1753/1753/1753 1755/1755/1755 1756/1756/1756
v -1.0400000 0.1467878 -0.1146716
v -1.0400000 0.1694975 -0.0994975
v -0.7700000 0.1694975 -0.0994975
v -0.7700000 0.1467878 -0.1146716
vt 0.0200000 0.7300000
vt 0.0200000 0.5200000
vt 0.2300000 0.5200000
vt 0.2300000 0.7300000
vn 0.0000000 0.5555702 -0.8314696
vn 0.0000000 0.5555702 -0.8314696
vn 0.0000000 0.5555702 -0.8314696
vn 0.0000000 0.5555702 -0.8314696
f 1757/1757/1757 1758/1758/1758 1759/1759/1759
f 1757/1757/1757 1759/1759/1759 1760/1760/1760
v -1.0400000 0.1694975 -0.0994975
v -1.0400000 0.1846716 -0.0767878
v -0.7700000 0.1846716 -0.0767878
v -0.7700000 0.1694975 -0.0994975
vt 0.0200000 0.7300000
vt 0.0200000 0.5200000
vt 0.2300000 0.5200000
vt 0.2300000 0.7300000
vn 0.0000000 0.8314696 -0.5555702
vn 0.0000000 0.8314696 -0.5555702
vn 0.0000000 0.8314696 -0.5555702
vn 0.0000000 0.8314696 -0.5555702
f 1761/1761/1761 1762/1762/1762 1763/1763/1763
f 1761/1761/1761 1763/1763/1763 1764/1764/1764
v -1.0400000 0.1846716 -0.0767878
v -1.0400000 0.1900000 -0.0500000
v -0.7700000 0.1900000 -0.0500000
v -0.7700000 0.1846716 -0.0767878
vt 0.0200000 0.7300000
vt 0.0200000 0.5200000
vt 0.2300000 0.5200000
vt 0.2300000 0.7300000
vn 0.0000000 0.9807853 -0.1950903
vn 0.0000000 0.9807853 -0.1950903
vn 0.0000000 0.9807853 -0.1950903
vn 0.0000000 0.9807853 -0.1950903
f 1765/1765/1765 1766/1766/1766 1767/1767/1767
f 1765/1765/1765 1767/1767/1767 1768/1768/1768
v -0.7700000 0.1900000 -0.0500000
v -0.7700000 0.1846716 -0.0232122
v -0.7700000 0.2077686 -0.0136451
v -0.7700000 0.2150000 -0.0500000
vt 0.0568951 0.7300000
vt 0.0200000 0.5752632
vt 0.1799281 0.5200000
vt 0.2300000 0.7300000
vn -1.0000000 0.0000000 0.0000000
vn -1.0000000 0.0000000 0.0000000
vn -1.0000000 0.0000000 0.0000000
vn -1.0000000 0.0000000 0.0000000
f 1769/1769/1769 1770/1770/1770 1771/1771/1771
f 1769/1769/1769 1771/1771/1771 1772/1772/1772
v -0.7700000 0.1846716 -0.0232122
v -0.7700000 0.1694975 -0.0005025
v -0.7700000 0.1871751 0.0171751
v -0.7700000 0.2077686 -0.0136451
vt 0.1032629 0.7300000
vt 0.0200000 0.6119178
vt 0.1170004 0.5200000
vt 0.2300000 0.6802545
vn -1.0000000 0.0000000 0.0000000
vn -1.0000000 0.0000000 0.0000000
vn -1.0000000 0.0000000 0.0000000
vn -1.0000000 0.0000000 0.0000000
f 1773/1773/1773 1774/1774/1774 1775/1775/1775
f 1773/1773/1773 1775/1775/1775 1776/1776/1776
v -0.7700000 0.1694975 -0.0005025
v -0.7700000 0.1467878 0.0146716
v -0.7700000 0.1563549 0.0377686
v -0.7700000 0.1871751 0.0171751
vt 0.1380822 0.7300000
vt 0.0200000 0.6467371
vt 0.0697455 0.5200000
vt 0.2300000 0.6329996
vn -1.0000000 0.0000000 0.0000000
vn -1.0000000 0.0000000 0.0000000
vn -1.0000000 0.0000000 0.0000000
vn -1.0000000 0.0000000 0.0000000
f 1777/1777/1777 1778/1778/1778 1779/1779/1779
f 1777/1777/1777 1779/1779/1779 1780/1780/1780
v -0.7700000 0.1467878 0.0146716
v -0.7700000 0.1200000 0.0200000
v -0.7700000 0.1200000 0.0450000
v -0.7700000 0.1563549 0.0377686
vt 0.1747368 0.7300000
vt 0.0200000 0.6931049
vt 0.0200000 0.5200000
vt 0.2300000 0.5700719
vn -1.0000000 0.0000000 0.0000000
vn -1.0000000 0.0000000 0.0000000
vn -1.0000000 0.0000000 0.0000000
vn -1.0000000 0.0000000 0.0000000
f 1781/1781/1781 1782/1782/1782 1783/1783/1783
f 1781/1781/1781 1783/1783/1783 1784/1784/1784
v -0.7700000 0.1200000 0.0200000
v -0.7700000 0.0932122 0.0146716
v -0.7700000 0.0836451 0.0377686
v -0.7700000 0.1200000 0.0450000
vt 0.2300000 0.6931049
vt 0.0752632 0.7300000
vt 0.0200000 0.5700719
vt 0.2300000 0.5200000
vn -1.0000000 -0.0000000 0.0000000
vn -1.0000000 -0.0000000 0.0000000
vn -1.0000000 -0.0000000 0.0000000
vn -1.0000000 -0.0000000 0.0000000
f 1785/1785/1785 1786/1786/1786 1787/1787/1787
f 1785/1785/1785 1787/1787/1787 1788/1788/1788
v -0.7700000 0.0932122 0.0146716
v -0.7700000 0.0705025 -0.0005025
v -0.7700000 0.0528249 0.0171751
v -0.7700000 0.0836451 0.0377686
vt 0.2300000 0.6467371
vt 0.1119178 0.7300000
vt 0.0200000 0.6329996
vt 0.1802545 0.5200000
vn -1.0000000 -0.0000000 0.0000000
vn -1.0000000 -0.0000000 0.0000000
vn -1.0000000 -0.0000000 0.0000000
vn -1.0000000 -0.0000000 0.0000000
f 1789/1789/1789 1790/1790/1790 1791/1791/1791
f 1789/1789/1789 1791/1791/1791 1792/1792/1792
v -0.7700000 0.0705025 -0.0005025
v -0.7700000 0.0553284 -0.0232122
v -0.7700000 0.0322314 -0.0136451
v -0.7700000 0.0528249 0.0171751
vt 0.2300000 0.6119178
vt 0.1467371 0.7300000
vt 0.0200000 0.6802545
vt 0.1329996 0.5200000
vn -1.0000000 0.0000000 0.0000000
vn -1.0000000 0.0000000 0.0000000
vn -1.0000000 0.0000000 0.0000000
vn -1.0000000 0.0000000 0.0000000
f 1793/1793/1793 1794/1794/1794 1795/1795/1795
f 1793/1793/1793 1795/1795/1795 1796/1796/1796
v -0.7700000 0.0553284 -0.0232122
v -0.7700000 0.0500000 -0.0500000
v -0.7700000 0.0250000 -0.0500000
v -0.7700000 0.0322314 -0.0136451
vt 0.2300000 0.5752632
vt 0.1931049 0.7300000
vt 0.0200000 0.7300000
vt 0.0700719 0.5200000
vn -1.0000000 0.0000000 0.0000000
vn -1.0000000 0.0000000 0.0000000
vn -1.0000000 0.0000000 0.0000000
vn -1.0000000 0.0000000 0.0000000
f 1797/1797/1797 1798/1798/1798 1799/1799/1799
f 1797/1797/1797 1799/1799/1799 1800/1800/1800
v -0.7700000 0.0500000 -0.0500000
v -0.7700000 0.0553284 -0.0767878
v -0.7700000 0.0322314 -0.0863549
v -0.7700000 0.0250000 -0.0500000
vt 0.1931049 0.5200000
vt 0.2300000 0.6747368
vt 0.0700719 0.7300000
vt 0.0200000 0.5200000
vn -1.0000000 0.0000000 -0.0000000
vn -1.0000000 0.0000000 -0.0000000
vn -1.0000000 0.0000000 -0.0000000
vn -1.0000000 0.0000000 -0.0000000
f 1801/1801/1801 1802/1802/1802 1803/1803/1803
f 1801/1801/1801 1803/1803/1803 1804/1804/1804
v -0.7700000 0.0553284 -0.0767878
v -0.7700000 0.0705025 -0.0994975
v -0.7700000 0.0528249 -0.1171751
v -0.7700000 0.0322314 -0.0863549
vt 0.1467371 0.5200000
vt 0.2300000 0.6380822
vt 0.1329996 0.7300000
vt 0.0200000 0.5697455
vn -1.0000000 0.0000000 -0.0000000
vn -1.0000000 0.0000000 -0.0000000
vn -1.0000000 0.0000000 -0.0000000
vn -1.0000000 0.0000000 -0.0000000
f 1805/1805/1805 1806/1806/1806 1807/1807/1807
f 1805/1805/1805 1807/1807/1807 1808/1808/1808
v -0.7700000 0.0705025 -0.0994975
v -0.7700000 0.0932122 -0.1146716
v -0.7700000 0.0836451 -0.1377686
v -0.7700000 0.0528249 -0.1171751
vt 0.1119178 0.5200000
vt 0.2300000 0.6032629
vt 0.1802545 0.7300000
vt 0.0200000 0.6170004
vn -1.0000000 0.0000000 0.0000000
vn -1.0000000 0.0000000 0.0000000
vn -1.0000000 0.0000000 0.0000000
vn -1.0000000 0.0000000 0.0000000
f 1809/1809/1809 1810/1810/1810 1811/1811/1811
f 1809/1809/1809 1811/1811/1811 1812/1812/1812
v -0.7700000 0.0932122 -0.1146716
v -0.7700000 0.1200000 -0.1200000
v -0.7700000 0.1200000 -0.1450000
v -0.7700000 0.0836451 -0.1377686
vt 0.0752632 0.5200000
vt 0.2300000 0.5568951
vt 0.2300000 0.7300000
vt 0.0200000 0.6799281
vn -1.0000000 0.0000000 0.0000000
vn -1.0000000 0.0000000 0.0000000
vn -1.0000000 0.0000000 0.0000000
vn -1.0000000 0.0000000 0.0000000
f 1813/1813/1813 1814/1814/1814 1815/1815/1815
f 1813/1813/1813 1815/1815/1815 1816/1816/1816
v -0.7700000 0.1200000 -0.1200000
v -0.7700000 0.1467878 -0.1146716
v -0.7700000 0.1563549 -0.1377686
v -0.7700000 0.1200000 -0.1450000
vt 0.0200000 0.5568951
vt 0.1747368 0.5200000
vt 0.2300000 0.6799281
vt 0.0200000 0.7300000
vn -1.0000000 0.0000000 0.0000000
vn -1.0000000 0.0000000 0.0000000
vn -1.0000000 0.0000000 0.0000000
vn -1.0000000 0.0000000 0.0000000
f 1817/1817/1817 1818/1818/1818 1819/1819/1819
f 1817/1817/1817 1819/1819/1819 1820/1820/1820
v -0.7700000 0.1467878 -0.1146716
v -0.7700000 0.1694975 -0.0994975
v -0.7700000 0.1871751 -0.1171751
v -0.7700000 0.1563549 -0.1377686
vt 0.0200000 0.6032629
vt 0.1380822 0.5200000
vt 0.2300000 0.6170004
vt 0.0697455 0.7300000
vn -1.0000000 0.0000000 0.0000000
vn -1.0000000 0.0000000 0.0000000
vn -1.0000000 0.0000000 0.0000000
vn -1.0000000 0.0000000 0.0000000
f 1821/1821/1821 1822/1822/1822 1823/1823/1823
f 1821/1821/1821 1823/1823/1823 1824/1824/1824
v -0.7700000 0.1694975 -0.0994975
v -0.7700000 0.1846716 -0.0767878
v -0.7700000 0.2077686 -0.0863549
v -0.7700000 0.1871751 -0.1171751
vt 0.0200000 0.6380822
vt 0.1032629 0.5200000
vt 0.2300000 0.5697455
vt 0.1170004 0.7300000
vn -1.0000000 0.0000000 0.0000000
vn -1.0000000 0.0000000 0.0000000
vn -1.0000000 0.0000000 0.0000000
vn -1.0000000 0.0000000 0.0000000
f 1825/1825/1825 1826/1826/1826 1827/1827/1827
f 1825/1825/1825 1827/1827/1827 1828/1828/1828
v -0.7700000 0.1846716 -0.0767878
v -0.7700000 0.1900000 -0.0500000
v -0.7700000 0.2150000 -0.0500000
v -0.7700000 0.2077686 -0.0863549
vt 0.0200000 0.6747368
vt 0.0568951 0.5200000
vt 0.2300000 0.5200000
vt 0.1799281 0.7300000
vn -1.0000000 0.0000000 0.0000000
vn -1.0000000 0.0000000 0.0000000
vn -1.0000000 0.0000000 0.0000000
vn -1.0000000 0.0000000 0.0000000
f 1829/1829/1829 1830/1830/1830 1831/1831/1831
f 1829/1829/1829 1831/1831/1831 1832/1832/1832
v -0.7700000 0.2150000 -0.0500000
v -0.7700000 0.2077686 -0.0136451
v -0.5700000 0.2077686 -0.0136451
v -0.5700000 0.2150000 -0.0500000
vt 0.0200000 0.7300000
vt 0.0200000 0.5200000
vt 0.2300000 0.5200000
vt 0.2300000 0.7300000
vn 0.0000000 0.9807853 0.1950903
vn 0.0000000 0.9807853 0.1950903
vn 0.0000000 0.9807853 0.1950903
vn 0.0000000 0.9807853 0.1950903
f 1833/1833/1833 1834/1834/1834 1835/1835/1835
f 1833/1833/1833 1835/1835/1835 1836/1836/1836
v -0.7700000 0.2077686 -0.0136451
v -0.7700000 0.1871751 0.0171751
v -0.5700000 0.1871751 0.0171751
v -0.5700000 0.2077686 -0.0136451
vt 0.0200000 0.7300000
vt 0.0200000 0.5200000
vt 0.2300000 0.5200000
vt 0.2300000 0.7300000
vn 0.0000000 0.8314696 0.5555702
vn 0.0000000 0.8314696 0.5555702
vn 0.0000000 0.8314696 0.5555702
vn 0.0000000 0.8314696 0.5555702
f 1837/1837/1837 1838/1838/1838 1839/1839/1839
f 1837/1837/1837 1839/1839/1839 1840/1840/1840
v -0.7700000 0.1871751 0.0171751
v -0.7700000 0.1563549 0.0377686
v -0.5700000 0.1563549 0.0377686
v -0.5700000 0.1871751 0.0171751
vt 0.0200000 0.5200000
vt 0.0200000 0.7300000
vt 0.2300000 0.7300000
vt 0.2300000 0.5200000
vn 0.0000000 0.5555702 0.8314696
vn 0.0000000 0.5555702 0.8314696
vn 0.0000000 0.5555702 0.8314696
vn 0.0000000 0.5555702 0.8314696
f 1841/1841/1841 1842/1842/1842 1843/1843/1843
f 1841/1841/1841 1843/1843/1843 1844/1844/1844
v -0.7700000 0.1563549 0.0377686
v -0.7700000 0.1200000 0.0450000
v -0.5700000 0.1200000 0.0450000
v -0.5700000 0.1563549 0.0377686
vt 0.0200000 0.5200000
vt 0.0200000 0.7300000
vt 0.2300000 0.7300000
vt 0.2300000 0.5200000
vn 0.0000000 0.1950903 0.9807853
vn 0.0000000 0.1950903 0.9807853
vn 0.0000000 0.1950903 0.9807853
vn 0.0000000 0.1950903 0.9807853
f 1845/1845/1845 1846/1846/1846 1847/1847/1847
f 1845/1845/1845 1847/1847/1847 1848/1848/1848
v -0.7700000 0.1200000 0.0450000
v -0.7700000 0.0836451 0.0377686
v -0.5700000 0.0836451 0.0377686
v -0.5700000 0.1200000 0.0450000
vt 0.0200000 0.5200000
vt 0.0200000 0.7300000
vt 0.2300000 0.7300000
vt 0.2300000 0.5200000
vn 0.0000000 -0.1950903 0.9807853
vn 0.0000000 -0.1950903 0.9807853
vn 0.0000000 -0.1950903 0.9807853
vn 0.0000000 -0.1950903 0.9807853
f 1849/1849/1849 1850/1850/1850 1851/1851/1851
f 1849/1849/1849 1851/1851/1851 1852/1852/1852
v -0.7700000 0.0836451 0.0377686
v -0.7700000 0.0528249 0.0171751
v -0.5700000 0.0528249 0.0171751
v -0.5700000 0.0836451 0.0377686
vt 0.0200000 0.5200000
vt 0.0200000 0.7300000
vt 0.2300000 0.7300000
vt 0.2300000 0.5200000
vn 0.0000000 -0.5555702 0.8314696
vn 0.0000000 -0.5555702 0.8314696
vn 0.0000000 -0.5555702 0.8314696
vn 0.0000000 -0.5555702 0.8314696
f 1853/1853/1853 1854/1854/1854 1855/1855/1855
f 1853/1853/1853 1855/1855/1855 1856/1856/1856
v -0.7700000 0.0528249 0.0171751
v -0.7700000 0.0322314 -0.0136451
v -0.5700000 0.0322314 -0.0136451
v -0.5700000 0.0528249 0.0171751
vt 0.0200000 0.5200000
vt 0.0200000 0.7300000
vt 0.2300000 0.7300000
vt 0.2300000 0.5200000
vn 0.0000000 -0.8314696 0.5555702
vn 0.0000000 -0.8314696 0.5555702
vn 0.0000000 -0.8314696 0.5555702
vn 0.0000000 -0.8314696 0.5555702
f 1857/1857/1857 1858/1858/1858 1859/1859/1859
f 1857/1857/1857 1859/1859/1859 1860/1860/1860
v -0.7700000 0.0322314 -0.0136451
v -0.7700000 0.0250000 -0.0500000
v -0.5700000 0.0250000 -0.0500000
v -0.5700000 0.0322314 -0.0136451
vt 0.0200000 0.5200000
vt 0.0200000 0.7300000
vt 0.2300000 0.7300000
vt 0.2300000 0.5200000
vn 0.0000000 -0.9807853 0.1950903
vn 0.0000000 -0.9807853 0.1950903
vn 0.0000000 -0.9807853 0.1950903
vn 0.0000000 -0.9807853 0.1950903
f 1861/1861/1861 1862/1862/1862 1863/1863/1863
f 1861/1861/1861 1863/1863/1863 1864/1864/1864
v -0.7700000 0.0250000 -0.0500000
v -0.7700000 0.0322314 -0.0863549
v -0.5700000 0.0322314 -0.0863549
v -0.5700000 0.0250000 -0.0500000
vt 0.0200000 0.5200000
vt 0.0200000 0.7300000
vt 0.2300000 0.7300000
vt 0.2300000 0.5200000
vn 0.0000000 -0.9807853 -0.1950903
vn 0.0000000 -0.9807853 -0.1950903
vn 0.0000000 -0.9807853 -0.1950903
vn 0.0000000 -0.9807853 -0.1950903
f 1865/1865/1865 1866/1866/1866 1867/1867/1867
f 1865/1865/1865 1867/1867/1867 1868/1868/1868
v -0.7700000 0.0322314 -0.0863549
v -0.7700000 0.0528249 -0.1171751
v -0.5700000 0.0528249 -0.1171751
v -0.5700000 0.0322314 -0.0863549
vt 0.0200000 0.5200000
vt 0.0200000 0.7300000
vt 0.2300000 0.7300000
vt 0.2300000 0.5200000
vn 0.0000000 -0.8314696 -0.5555702
vn 0.0000000 -0.8314696 -0.5555702
vn 0.0000000 -0.8314696 -0.5555702
vn 0.0000000 -0.8314696 -0.5555702
f 1869/1869/1869 1870/1870/1870 1871/1871/1871
f 1869/1869/1869 1871/1871/1871 1872/1872/1872
v -0.7700000 0.0528249 -0.1171751
v -0.7700000 0.0836451 -0.1377686
v -0.5700000 0.0836451 -0.1377686
v -0.5700000 0.0528249 -0.1171751
vt 0.0200000 0.7300000
vt 0.0200000 0.5200000
vt 0.2300000 0.5200000
vt 0.2300000 0.7300000
vn 0.0000000 -0.5555702 -0.8314696
vn 0.0000000 -0.5555702 -0.8314696
vn 0.0000000 -0.5555702 -0.8314696
vn 0.0000000 -0.5555702 -0.8314696
f 1873/1873/1873 1874/1874/1874 1875/1875/1875
f 1873/1873/1873 1875/1875/1875 1876/1876/1876
v -0.7700000 0.0836451 -0.1377686
v -0.7700000 0.1200000 -0.1450000
v -0.5700000 0.1200000 -0.1450000
v -0.5700000 0.0836451 -0.1377686
vt 0.0200000 0.7300000
vt 0.0200000 0.5200000
vt 0.2300000 0.5200000
vt 0.2300000 0.7300000
vn 0.0000000 -0.1950903 -0.9807853
vn 0.0000000 -0.1950903 -0.9807853
vn 0.0000000 -0.1950903 -0.9807853
vn 0.0000000 -0.1950903 -0.9807853
f 1877/1877/1877 1878/1878/1878 1879/1879/1879
f 1877/1877/1877 1879/1879/1879 1880/1880/1880
v -0.7700000 0.1200000 -0.1450000
v -0.7700000 0.1563549 -0.1377686
v -0.5700000 0.1563549 -0.1377686
v -0.5700000 0.1200000 -0.1450000
vt 0.0200000 0.7300000
vt 0.0200000 0.5200000
vt 0.2300000 0.5200000
vt 0.2300000 0.7300000
vn 0.0000000 0.1950903 -0.9807853
vn 0.0000000 0.1950903 -0.9807853
vn 0.0000000 0.1950903 -0.9807853
vn 0.0000000 0.1950903 -0.9807853
f 1881/1881/1881 1882/1882/1882 1883/1883/1883
f 1881/1881/1881 1883/1883/1883 1884/1884/1884
v -0.7700000 0.1563549 -0.1377686
v -0.7700000 0.1871751 -0.1171751
v -0.5700000 0.1871751 -0.1171751
v -0.5700000 0.1563549 -0.1377686
vt 0.0200000 0.7300000
vt 0.0200000 0.5200000
vt 0.2300000 0.5200000
vt 0.2300000 0.7300000
vn 0.0000000 0.5555702 -0.8314696
vn 0.0000000 0.5555702 -0.8314696
vn 0.0000000 0.5555702 -0.8314696
vn 0.0000000 0.5555702 -0.8314696
f 1885/1885/1885 1886/1886/1886 1887/1887/1887
f 1885/1885/1885 1887/1887/1887 1888/1888/1888
v -0.7700000 0.1871751 -0.1171751
v -0.7700000 0.2077686 -0.0863549
v -0.5700000 0.2077686 -0.0863549
v -0.5700000 0.1871751 -0.1171751
vt 0.0200000 0.7300000
vt 0.0200000 0.5200000
vt 0.2300000 0.5200000
vt 0.2300000 0.7300000
vn 0.0000000 0.8314696 -0.5555702
vn 0.0000000 0.8314696 -0.5555702
vn 0.0000000 0.8314696 -0.5555702
vn 0.0000000 0.8314696 -0.5555702
f 1889/1889/1889 1890/1890/1890 1891/1891/1891
f 1889/1889/1889 1891/1891/1891 1892/1892/1892
v -0.7700000 0.2077686 -0.0863549
v -0.7700000 0.2150000 -0.0500000
v -0.5700000 0.2150000 -0.0500000
v -0.5700000 0.2077686 -0.0863549
vt 0.0200000 0.7300000
vt 0.0200000 0.5200000
vt 0.2300000 0.5200000
vt 0.2300000 0.7300000
vn 0.0000000 0.9807853 -0.1950903
vn 0.0000000 0.9807853 -0.1950903
vn 0.0000000 0.9807853 -0.1950903
vn 0.0000000 0.9807853 -0.1950903
f 1893/1893/1893 1894/1894/1894 1895/1895/1895
f 1893/1893/1893 1895/1895/1895 1896/1896/1896
v -0.5700000 0.2150000 -0.0500000
v -0.5700000 0.2077686 -0.0136451
v -0.5700000 0.1871751 0.0171751
v -0.5700000 0.1563549 0.0377686
v -0.5700000 0.1200000 0.0450000
v -0.5700000 0.0836451 0.0377686
v -0.5700000 0.0528249 0.0171751
v -0.5700000 0.0322314 -0.0136451
v -0.5700000 0.0250000 -0.0500000
v -0.5700000 0.0322314 -0.0863549
v -0.5700000 0.0528249 -0.1171751
v -0.5700000 0.0836451 -0.1377686
v -0.5700000 0.1200000 -0.1450000
v -0.5700000 0.1563549 -0.1377686
v -0.5700000 0.1871751 -0.1171751
v -0.5700000 0.2077686 -0.0863549
vt 0.2300000 0.6250000
vt 0.2220074 0.5848182
vt 0.1992462 0.5507538
vt 0.1651818 0.5279926
vt 0.1250000 0.5200000
vt 0.0848182 0.5279926
vt 0.0507538 0.5507538
vt 0.0279926 0.5848182
vt 0.0200000 0.6250000
vt 0.0279926 0.6651818
vt 0.0507538 0.6992462
vt 0.0848182 0.7220074
vt 0.1250000 0.7300000
vt 0.1651818 0.7220074
vt 0.1992462 0.6992462
vt 0.2220074 0.6651818
vn 1.0000000 0.0000000 0.0000000
vn 1.0000000 0.0000000 0.0000000
vn 1.0000000 0.0000000 0.0000000
vn 1.0000000 0.0000000 0.0000000
vn 1.0000000 0.0000000 0.0000000
vn 1.0000000 0.0000000 0.0000000
vn 1.0000000 0.0000000 0.0000000
vn 1.0000000 0.0000000 0.0000000
vn 1.0000000 0.0000000 0.0000000
vn 1.0000000 0.0000000 0.0000000
vn 1.0000000 0.0000000 0.0000000
vn 1.0000000 0.0000000 0.0000000
vn 1.0000000 0.0000000 0.0000000
vn 1.0000000 0.0000000 0.0000000
vn 1.0000000 0.0000000 0.0000000
vn 1.0000000 0.0000000 0.0000000
f 1897/1897/1897 1898/1898/1898 1899/1899/1899
f 1897/1897/1897 1899/1899/1899 1900/1900/1900
f 1897/1897/1897 1900/1900/1900 1901/1901/1901
f 1897/1897/1897 1901/1901/1901 1902/1902/1902
f 1897/1897/1897 1902/1902/1902 1903/1903/1903
f 1897/1897/1897 1903/1903/1903 1904/1904/1904
f 1897/1897/1897 1904/1904/1904 1905/1905/1905
f 1897/1897/1897 1905/1905/1905 1906/1906/1906
f 1897/1897/1897 1906/1906/1906 1907/1907/1907
f 1897/1897/1897 1907/1907/1907 1908/1908/1908
f 1897/1897/1897 1908/1908/1908 1909/1909/1909
f 1897/1897/1897 1909/1909/1909 1910/1910/1910
f 1897/1897/1897 1910/1910/1910 1911/1911/1911
f 1897/1897/1897 1911/1911/1911 1912/1912/1912
v -0.9100000 0.0500000 -0.1000000
v -0.7100000 0.0500000 -0.1000000
v -0.7100000 -0.3500000 -0.1000000
v -0.9100000 -0.3500000 -0.1000000
vt 0.5200000 0.7700000
vt 0.7300000 0.7700000
vt 0.7300000 0.9800000
vt 0.5200000 0.9800000
vn 0.0000000 0.0000000 -1.0000000
vn 0.0000000 0.0000000 -1.0000000
vn 0.0000000 0.0000000 -1.0000000
vn 0.0000000 0.0000000 -1.0000000
f 1913/1913/1913 1914/1914/1914 1915/1915/1915
f 1913/1913/1913 1915/1915/1915 1916/1916/1916
v -0.9100000 -0.3500000 0.1600000
v -0.7100000 -0.3500000 0.1600000
v -0.7100000 0.0500000 0.1600000
v -0.9100000 0.0500000 0.1600000
vt 0.2700000 0.7300000
vt 0.4800000 0.7300000
vt 0.4800000 0.5200000
vt 0.2700000 0.5200000
vn 0.0000000 0.0000000 1.0000000
vn 0.0000000 0.0000000 1.0000000
vn 0.0000000 0.0000000 1.0000000
vn 0.0000000 0.0000000 1.0000000
f 1917/1917/1917 1918/1918/1918 1919/1919/1919
f 1917/1917/1917 1919/1919/1919 1920/1920/1920
v -0.9100000 -0.3500000 -0.1000000
v -0.7100000 -0.3500000 -0.1000000
v -0.7100000 -0.3500000 0.1600000
v -0.9100000 -0.3500000 0.1600000
vt 0.2700000 0.7300000
vt 0.4800000 0.7300000
vt 0.4800000 0.5200000
vt 0.2700000 0.5200000
vn 0.0000000 -1.0000000 0.0000000
vn 0.0000000 -1.0000000 0.0000000
vn 0.0000000 -1.0000000 0.0000000
vn 0.0000000 -1.0000000 0.0000000
f 1921/1921/1921 1922/1922/1922 1923/1923/1923
f 1921/1921/1921 1923/1923/1923 1924/1924/1924
v -0.7100000 -0.3500000 -0.1000000
v -0.7100000 0.0500000 -0.1000000
v -0.7100000 0.0500000 0.1600000
v -0.7100000 -0.3500000 0.1600000
vt 0.2700000 0.7300000
vt 0.4800000 0.7300000
vt 0.4800000 0.5200000
vt 0.2700000 0.5200000
vn 1.0000000 0.0000000 0.0000000
vn 1.0000000 0.0000000 0.0000000
vn 1.0000000 0.0000000 0.0000000
vn 1.0000000 0.0000000 0.0000000
f 1925/1925/1925 1926/1926/1926 1927/1927/1927
f 1925/1925/1925 1927/1927/1927 1928/1928/1928
v -0.7100000 0.0500000 -0.1000000
v -0.9100000 0.0500000 -0.1000000
v -0.9100000 0.0500000 0.1600000
v -0.7100000 0.0500000 0.1600000
vt 0.4800000 0.7300000
vt 0.2700000 0.7300000
vt 0.2700000 0.5200000
vt 0.4800000 0.5200000
vn 0.0000000 1.0000000 0.0000000
vn 0.0000000 1.0000000 0.0000000
vn 0.0000000 1.0000000 0.0000000
vn 0.0000000 1.0000000 0.0000000
f 1929/1929/1929 1930/1930/1930 1931/1931/1931
f 1929/1929/1929 1931/1931/1931 1932/1932/1932
v -0.9100000 0.0500000 -0.1000000
v -0.9100000 -0.3500000 -0.1000000
v -0.9100000 -0.3500000 0.1600000
v -0.9100000 0.0500000 0.1600000
vt 0.4800000 0.7300000
vt 0.2700000 0.7300000
vt 0.2700000 0.5200000
vt 0.4800000 0.5200000
vn -1.0000000 0.0000000 0.0000000
vn -1.0000000 0.0000000 0.0000000
vn -1.0000000 0.0000000 0.0000000
vn -1.0000000 0.0000000 0.0000000
f 1933/1933/1933 1934/1934/1934 1935/1935/1935
f 1933/1933/1933 1935/1935/1935 1936/1936/1936
v -0.6302815 -0.2701170 0.1000000
v -0.6457661 -0.3075000 0.1000000
v -0.6703984 -0.3396016 0.1000000
v -0.7025000 -0.3642339 0.1000000
v -0.7398830 -0.3797185 0.1000000
v -0.7800000 -0.3850000 0.1000000
v -0.8201170 -0.3797185 0.1000000
v -0.8575000 -0.3642339 0.1000000
v -0.8896016 -0.3396016 0.1000000
v -0.9142339 -0.3075000 0.1000000
v -0.9297185 -0.2701170 0.1000000
v -0.9350000 -0.2300000 0.1000000
v -0.9297185 -0.1898830 0.1000000
v -0.9142339 -0.1525000 0.1000000
v -0.8896016 -0.1203984 0.1000000
v -0.8575000 -0.0957661 0.1000000
v -0.8201170 -0.0802815 0.1000000
v -0.7800000 -0.0750000 0.1000000
v -0.7398830 -0.0802815 0.1000000
v -0.7025000 -0.0957661 0.1000000
v -0.6703984 -0.1203984 0.1000000
v -0.6457661 -0.1525000 0.1000000
v -0.6302815 -0.1898830 0.1000000
v -0.6250000 -0.2300000 0.1000000
vt 0.7264222 0.9021760
vt 0.7159327 0.9275000
vt 0.6992462 0.9492462
vt 0.6775000 0.9659327
vt 0.6521760 0.9764222
vt 0.6250000 0.9800000
vt 0.5978240 0.9764222
vt 0.5725000 0.9659327
vt 0.5507538 0.9492462
vt 0.5340673 0.9275000
vt 0.5235778 0.9021760
vt 0.5200000 0.8750000
vt 0.5235778 0.8478240
vt 0.5340673 0.8225000
vt 0.5507538 0.8007538
vt 0.5725000 0.7840673
vt 0.5978240 0.7735778
vt 0.6250000 0.7700000
vt 0.6521760 0.7735778
vt 0.6775000 0.7840673
vt 0.6992462 0.8007538
vt 0.7159327 0.8225000
vt 0.7264222 0.8478240
vt 0.7300000 0.8750000
vn 0.0000000 0.0000000 -1.0000000
vn 0.0000000 0.0000000 -1.0000000
vn 0.0000000 0.0000000 -1.0000000
vn 0.0000000 0.0000000 -1.0000000
vn 0.0000000 0.0000000 -1.0000000
vn 0.0000000 0.0000000 -1.0000000
vn 0.0000000 0.0000000 -1.0000000
vn 0.0000000 0.0000000 -1.0000000
vn 0.0000000 0.0000000 -1.0000000
vn 0.0000000 0.0000000 -1.0000000
vn 0.0000000 0.0000000 -1.0000000
vn 0.0000000 0.0000000 -1.0000000
vn 0.0000000 0.0000000 -1.0000000
vn 0.0000000 0.0000000 -1.0000000
vn 0.0000000 0.0000000 -1.0000000
vn 0.0000000 0.0000000 -1.0000000
vn 0.0000000 0.0000000 -1.0000000
vn 0.0000000 0.0000000 -1.0000000
vn 0.0000000 0.0000000 -1.0000000
vn 0.0000000 0.0000000 -1.0000000
vn 0.0000000 0.0000000 -1.0000000
vn 0.0000000 0.0000000 -1.0000000
vn 0.0000000 0.0000000 -1.0000000
vn 0.0000000 0.0000000 -1.0000000
f 1937/1937/1937 1938/1938/1938 1939/1939/1939
f 1937/1937/1937 1939/1939/1939 1940/1940/1940
f 1937/1937/1937 1940/1940/1940 1941/1941/1941
f 1937/1937/1937 1941/1941/1941 1942/1942/1942
f 1937/1937/1937 1942/1942/1942 1943/1943/1943
f 1937/1937/1937 1943/1943/1943 1944/1944/1944
f 1937/1937/1937 1944/1944/1944 1945/1945/1945
f 1937/1937/1937 1945/1945/1945 1946/1946/1946
f 1937/1937/1937 1946/1946/1946 1947/1947/1947
f 1937/1937/1937 1947/1947/1947 1948/1948/1948
f 1937/1937/1937 1948/1948/1948 1949/1949/1949
f 1937/1937/1937 1949/1949/1949 1950/1950/1950
f 1937/1937/1937 1950/1950/1950 1951/1951/1951
f 1937/1937/1937 1951/1951/1951 1952/1952/1952
f 1937/1937/1937 1952/1952/1952 1953/1953/1953
f 1937/1937/1937 1953/1953/1953 1954/1954/1954
f 1937/1937/1937 1954/1954/1954 1955/1955/1955
f 1937/1937/1937 1955/1955/1955 1956/1956/1956
f 1937/1937/1937 1956/1956/1956 1957/1957/1957
f 1937/1937/1937 1957/1957/1957 1958/1958/1958
f 1937/1937/1937 1958/1958/1958 1959/1959/1959
f 1937/1937/1937 1959/1959/1959 1960/1960/1960
v -0.6250000 -0.2300000 0.1000000
v -0.6302815 -0.1898830 0.1000000
v -0.6302815 -0.1898830 0.1700000
v -0.6250000 -0.2300000 0.1700000
vt 0.5200000 0.9800000
vt 0.5200000 0.7700000
vt 0.7300000 0.7700000
vt 0.7300000 0.9800000
vn 0.9914449 0.1305262 0.0000000
vn 0.9914449 0.1305262 0.0000000
vn 0.9914449 0.1305262 0.0000000
vn 0.9914449 0.1305262 0.0000000
f 1961/1961/1961 1962/1962/1962 1963/1963/1963
f 1961/1961/1961 1963/1963/1963 1964/1964/1964
v -0.6302815 -0.1898830 0.1000000
v -0.6457661 -0.1525000 0.1000000
v -0.6457661 -0.1525000 0.1700000
v -0.6302815 -0.1898830 0.1700000
vt 0.5200000 0.9800000
vt 0.5200000 0.7700000
vt 0.7300000 0.7700000
vt 0.7300000 0.9800000
vn 0.9238795 0.3826834 0.0000000
vn 0.9238795 0.3826834 0.0000000
vn 0.9238795 0.3826834 0.0000000
vn 0.9238795 0.3826834 0.0000000
f 1965/1965/1965 1966/1966/1966 1967/1967/1967
f 1965/1965/1965 1967/1967/1967 1968/1968/1968
v -0.6457661 -0.1525000 0.1000000
v -0.6703984 -0.1203984 0.1000000
v -0.6703984 -0.1203984 0.1700000
v -0.6457661 -0.1525000 0.1700000
vt 0.5200000 0.9800000
vt 0.5200000 0.7700000
vt 0.7300000 0.7700000
vt 0.7300000 0.9800000
vn 0.7933533 0.6087614 0.0000000
vn 0.7933533 0.6087614 0.0000000
vn 0.7933533 0.6087614 0.0000000
vn 0.7933533 0.6087614 0.0000000
f 1969/1969/1969 1970/1970/1970 1971/1971/1971
f 1969/1969/1969 1971/1971/1971 1972/1972/1972
v -0.6703984 -0.1203984 0.1000000
v -0.7025000 -0.0957661 0.1000000
v -0.7025000 -0.0957661 0.1700000
v -0.6703984 -0.1203984 0.1700000
vt 0.5200000 0.7700000
vt 0.5200000 0.9800000
vt 0.7300000 0.9800000
vt 0.7300000 0.7700000
vn 0.6087614 0.7933533 0.0000000
vn 0.6087614 0.7933533 0.0000000
vn 0.6087614 0.7933533 0.0000000
vn 0.6087614 0.7933533 0.0000000
f 1973/1973/1973 1974/1974/1974 1975/1975/1975
f 1973/1973/1973 1975/1975/1975 1976/1976/1976
v -0.7025000 -0.0957661 0.1000000
v -0.7398830 -0.0802815 0.1000000
v -0.7398830 -0.0802815 0.1700000
v -0.7025000 -0.0957661 0.1700000
vt 0.5200000 0.7700000
vt 0.5200000 0.9800000
vt 0.7300000 0.9800000
vt 0.7300000 0.7700000
vn 0.3826834 0.9238795 0.0000000
vn 0.3826834 0.9238795 0.0000000
vn 0.3826834 0.9238795 0.0000000
vn 0.3826834 0.9238795 0.0000000
f 1977/1977/1977 1978/1978/1978 1979/1979/1979
f 1977/1977/1977 1979/1979/1979 1980/1980/1980
v -0.7398830 -0.0802815 0.1000000
v -0.7800000 -0.0750000 0.1000000
v -0.7800000 -0.0750000 0.1700000
v -0.7398830 -0.0802815 0.1700000
vt 0.5200000 0.7700000
vt 0.5200000 0.9800000
vt 0.7300000 0.9800000
vt 0.7300000 0.7700000
vn 0.1305262 0.9914449 0.0000000
vn 0.1305262 0.9914449 0.0000000
vn 0.1305262 0.9914449 0.0000000
vn 0.1305262 0.9914449 0.0000000
f 1981/1981/1981 1982/1982/1982 1983/1983/1983
f 1981/1981/1981 1983/1983/1983 1984/1984/1984
v -0.7800000 -0.0750000 0.1000000
v -0.8201170 -0.0802815 0.1000000
v -0.8201170 -0.0802815 0.1700000
v -0.7800000 -0.0750000 0.1700000
vt 0.5200000 0.7700000
vt 0.5200000 0.9800000
vt 0.7300000 0.9800000
vt 0.7300000 0.7700000
vn -0.1305262 0.9914449 0.0000000
vn -0.1305262 0.9914449 0.0000000
vn -0.1305262 0.9914449 0.0000000
vn -0.1305262 0.9914449 0.0000000
f 1985/1985/1985 1986/1986/1986 1987/1987/1987
f 1985/1985/1985 1987/1987/1987 1988/1988/1988
v -0.8201170 -0.0802815 0.1000000
v -0.8575000 -0.0957661 0.1000000
v -0.8575000 -0.0957661 0.1700000
v -0.8201170 -0.0802815 0.1700000
vt 0.5200000 0.7700000
vt 0.5200000 0.9800000
vt 0.7300000 0.9800000
vt 0.7300000 0.7700000
vn -0.3826834 0.9238795 0.0000000
vn -0.3826834 0.9238795 0.0000000
vn -0.3826834 0.9238795 0.0000000
vn -0.3826834 0.9238795 0.0000000
f 1989/1989/1989 1990/1990/1990 1991/1991/1991
f 1989/1989/1989 1991/1991/1991 1992/1992/1992
v -0.8575000 -0.0957661 0.1000000
v -0.8896016 -0.1203984 0.1000000
v -0.8896016 -0.1203984 0.1700000
v -0.8575000 -0.0957661 0.1700000
vt 0.5200000 0.7700000
vt 0.5200000 0.9800000
vt 0.7300000 0.9800000
vt 0.7300000 0.7700000
vn -0.6087614 0.7933533 0.0000000
vn -0.6087614 0.7933533 0.0000000
vn -0.6087614 0.7933533 0.0000000
vn -0.6087614 0.7933533 0.0000000
f 1993/1993/1993 1994/1994/1994 1995/1995/1995
f 1993/1993/1993 1995/1995/1995 1996/1996/1996
v -0.8896016 -0.1203984 0.1000000
v -0.9142339 -0.1525000 0.1000000
v -0.9142339 -0.1525000 0.1700000
v -0.8896016 -0.1203984 0.1700000
vt 0.5200000 0.7700000
vt 0.5200000 0.9800000
vt 0.7300000 0.9800000
vt 0.7300000 0.7700000
vn -0.7933533 0.6087614 0.0000000
vn -0.7933533 0.6087614 0.0000000
vn -0.7933533 0.6087614 0.0000000
vn -0.7933533 0.6087614 0.0000000
f 1997/1997/1997 1998/1998/1998 1999/1999/1999
f 1997/1997/1997 1999/1999/1999 2000/2000/2000
v -0.9142339 -0.1525000 0.1000000
v -0.9297185 -0.1898830 0.1000000
v -0.9297185 -0.1898830 0.1700000
v -0.9142339 -0.1525000 0.1700000
vt 0.5200000 0.7700000
vt 0.5200000 0.9800000
vt 0.7300000 0.9800000
vt 0.7300000 0.7700000
vn -0.9238795 0.3826834 0.0000000
vn -0.9238795 0.3826834 0.0000000
vn -0.9238795 0.3826834 0.0000000
vn -0.9238795 0.3826834 0.0000000
f 2001/2001/2001 2002/2002/2002 2003/2003/2003
f 2001/2001/2001 2003/2003/2003 2004/2004/2004
v -0.9297185 -0.1898830 0.1000000
v -0.9350000 -0.2300000 0.1000000
v -0.9350000 -0.2300000 0.1700000
v -0.9297185 -0.1898830 0.1700000
vt 0.5200000 0.7700000
vt 0.5200000 0.9800000
vt 0.7300000 0.9800000
vt 0.7300000 0.7700000
vn -0.9914449 0.1305262 0.0000000
vn -0.9914449 0.1305262 0.0000000
vn -0.9914449 0.1305262 0.0000000
vn -0.9914449 0.1305262 0.0000000
f 2005/2005/2005 2006/2006/2006 2007/2007/2007
f 2005/2005/2005 2007/2007/2007 2008/2008/2008
v -0.9350000 -0.2300000 0.1000000
v -0.9297185 -0.2701170 0.1000000
v -0.9297185 -0.2701170 0.1700000
v -0.9350000 -0.2300000 0.1700000
vt 0.5200000 0.7700000
vt 0.5200000 0.9800000
vt 0.7300000 0.9800000
vt 0.7300000 0.7700000
vn -0.9914449 -0.1305262 0.0000000
vn -0.9914449 -0.1305262 0.0000000
vn -0.9914449 -0.1305262 0.0000000
vn -0.9914449 -0.1305262 0.0000000
f 2009/2009/2009 2010/2010/2010 2011/2011/2011
f 2009/2009/2009 2011/2011/2011 2012/2012/2012
v -0.9297185 -0.2701170 0.1000000
v -0.9142339 -0.3075000 0.1000000
v -0.9142339 -0.3075000 0.1700000
v -0.9297185 -0.2701170 0.1700000
vt 0.5200000 0.7700000
vt 0.5200000 0.9800000
vt 0.7300000 0.9800000
vt 0.7300000 0.7700000
vn -0.9238795 -0.3826834 0.0000000
vn -0.9238795 -0.3826834 0.0000000
vn -0.9238795 -0.3826834 0.0000000
vn -0.9238795 -0.3826834 0.0000000
f 2013/2013/2013 2014/2014/2014 2015/2015/2015
f 2013/2013/2013 2015/2015/2015 2016/2016/2016
v -0.9142339 -0.3075000 0.1000000
v -0.8896016 -0.3396016 0.1000000
v -0.8896016 -0.3396016 0.1700000
v -0.9142339 -0.3075000 0.1700000
vt 0.5200000 0.7700000
vt 0.5200000 0.9800000
vt 0.7300000 0.9800000
vt 0.7300000 0.7700000
vn -0.7933533 -0.6087614 0.0000000
vn -0.7933533 -0.6087614 0.0000000
vn -0.7933533 -0.6087614 0.0000000
vn -0.7933533 -0.6087614 0.0000000
f 2017/2017/2017 2018/2018/2018 2019/2019/2019
f 2017/2017/2017 2019/2019/2019 2020/2020/2020
v -0.8896016 -0.3396016 0.1000000
v -0.8575000 -0.3642339 0.1000000
v -0.8575000 -0.3642339 0.1700000
v -0.8896016 -0.3396016 0.1700000
vt 0.5200000 0.9800000
vt 0.5200000 0.7700000
vt 0.7300000 0.7700000
vt 0.7300000 0.9800000
vn -0.6087614 -0.7933533 0.0000000
vn -0.6087614 -0.7933533 0.0000000
vn -0.6087614 -0.7933533 0.0000000
vn -0.6087614 -0.7933533 0.0000000
f 2021/2021/2021 2022/2022/2022 2023/2023/2023
f 2021/2021/2021 2023/2023/2023 2024/2024/2024
v -0.8575000 -0.3642339 0.1000000
v -0.8201170 -0.3797185 0.1000000
v -0.8201170 -0.3797185 0.1700000
v -0.8575000 -0.3642339 0.1700000
vt 0.5200000 0.9800000
vt 0.5200000 0.7700000
vt 0.7300000 0.7700000
vt 0.7300000 0.9800000
vn -0.3826834 -0.9238795 0.0000000
vn -0.3826834 -0.9238795 0.0000000
vn -0.3826834 -0.9238795 0.0000000
vn -0.3826834 -0.9238795 0.0000000
f 2025/2025/2025 2026/2026/2026 2027/2027/2027
f 2025/2025/2025 2027/2027/2027 2028/2028/2028
v -0.8201170 -0.3797185 0.1000000
v -0.7800000 -0.3850000 0.1000000
v -0.7800000 -0.3850000 0.1700000
v -0.8201170 -0.3797185 0.1700000
vt 0.5200000 0.9800000
vt 0.5200000 0.7700000
vt 0.7300000 0.7700000
vt 0.7300000 0.9800000
vn -0.1305262 -0.9914449 0.0000000
vn -0.1305262 -0.9914449 0.0000000
vn -0.1305262 -0.9914449 0.0000000
vn -0.1305262 -0.9914449 0.0000000
f 2029/2029/2029 2030/2030/2030 2031/2031/2031
f 2029/2029/2029 2031/2031/2031 2032/2032/2032
v -0.7800000 -0.3850000 0.1000000
v -0.7398830 -0.3797185 0.1000000
v -0.7398830 -0.3797185 0.1700000
v -0.7800000 -0.3850000 0.1700000
vt 0.5200000 0.9800000
vt 0.5200000 0.7700000
vt 0.7300000 0.7700000
vt 0.7300000 0.9800000
vn 0.1305262 -0.9914449 0.0000000
vn 0.1305262 -0.9914449 0.0000000
vn 0.1305262 -0.9914449 0.0000000
vn 0.1305262 -0.9914449 0.0000000
f 2033/2033/2033 2034/2034/2034 2035/2035/2035
f 2033/2033/2033 2035/2035/2035 2036/2036/2036
v -0.7398830 -0.3797185 0.1000000
v -0.7025000 -0.3642339 0.1000000
v -0.7025000 -0.3642339 0.1700000
v -0.7398830 -0.3797185 0.1700000
vt 0.5200000 0.9800000
vt 0.5200000 0.7700000
vt 0.7300000 0.7700000
vt 0.7300000 0.9800000
vn 0.3826834 -0.9238795 0.0000000
vn 0.3826834 -0.9238795 0.0000000
vn 0.3826834 -0.9238795 0.0000000
vn 0.3826834 -0.9238795 0.0000000
f 2037/2037/2037 2038/2038/2038 2039/2039/2039
f 2037/2037/2037 2039/2039/2039 2040/2040/2040
v -0.7025000 -0.3642339 0.1000000
v -0.6703984 -0.3396016 0.1000000
v -0.6703984 -0.3396016 0.1700000
v -0.7025000 -0.3642339 0.1700000
vt 0.5200000 0.9800000
vt 0.5200000 0.7700000
vt 0.7300000 0.7700000
vt 0.7300000 0.9800000
vn 0.6087614 -0.7933533 0.0000000
vn 0.6087614 -0.7933533 0.0000000
vn 0.6087614 -0.7933533 0.0000000
vn 0.6087614 -0.7933533 0.0000000
f 2041/2041/2041 2042/2042/2042 2043/2043/2043
f 2041/2041/2041 2043/2043/2043 2044/2044/2044
v -0.6703984 -0.3396016 0.1000000
v -0.6457661 -0.3075000 0.1000000
v -0.6457661 -0.3075000 0.1700000
v -0.6703984 -0.3396016 0.1700000
vt 0.5200000 0.9800000
vt 0.5200000 0.7700000
vt 0.7300000 0.7700000
vt 0.7300000 0.9800000
vn 0.7933533 -0.6087614 0.0000000
vn 0.7933533 -0.6087614 0.0000000
vn 0.7933533 -0.6087614 0.0000000
vn 0.7933533 -0.6087614 0.0000000
f 2045/2045/2045 2046/2046/2046 2047/2047/2047
f 2045/2045/2045 2047/2047/2047 2048/2048/2048
v -0.6457661 -0.3075000 0.1000000
v -0.6302815 -0.2701170 0.1000000
v -0.6302815 -0.2701170 0.1700000
v -0.6457661 -0.3075000 0.1700000
vt 0.5200000 0.9800000
vt 0.5200000 0.7700000
vt 0.7300000 0.7700000
vt 0.7300000 0.9800000
vn 0.9238795 -0.3826834 0.0000000
vn 0.9238795 -0.3826834 0.0000000
vn 0.9238795 -0.3826834 0.0000000
vn 0.9238795 -0.3826834 0.0000000
f 2049/2049/2049 2050/2050/2050 2051/2051/2051
f 2049/2049/2049 2051/2051/2051 2052/2052/2052
v -0.6302815 -0.2701170 0.1000000
v -0.6250000 -0.2300000 0.1000000
v -0.6250000 -0.2300000 0.1700000
v -0.6302815 -0.2701170 0.1700000
vt 0.5200000 0.9800000
vt 0.5200000 0.7700000
vt 0.7300000 0.7700000
vt 0.7300000 0.9800000
vn 0.9914449 -0.1305262 0.0000000
vn 0.9914449 -0.1305262 0.0000000
vn 0.9914449 -0.1305262 0.0000000
vn 0.9914449 -0.1305262 0.0000000
f 2053/2053/2053 2054/2054/2054 2055/2055/2055
f 2053/2053/2053 2055/2055/2055 2056/2056/2056
v -0.6250000 -0.2300000 0.1700000
v -0.6302815 -0.1898830 0.1700000
v -0.6834074 -0.2041181 0.1900000
v -0.6800000 -0.2300000 0.1900000
vt 0.5200000 0.7700000
vt 0.7300000 0.7889893
vt 0.6554839 0.9800000
vt 0.5200000 0.9677489
vn 0.3413977 0.0449459 0.9388437
vn 0.3413977 0.0449459 0.9388437
vn 0.3413977 0.0449459 0.9388437
vn 0.3413977 0.0449459 0.9388437
f 2057/2057/2057 2058/2058/2058 2059/2059/2059
f 2057/2057/2057 2059/2059/2059 2060/2060/2060
v -0.6302815 -0.1898830 0.1700000
v -0.6457661 -0.1525000 0.1700000
v -0.6933975 -0.1800000 0.1900000
v -0.6834074 -0.2041181 0.1900000
vt 0.5779130 0.7700000
vt 0.7300000 0.8215204
vt 0.6181206 0.9800000
vt 0.5200000 0.9467610
vn 0.3181320 0.1317746 0.9388437
vn 0.3181320 0.1317746 0.9388437
vn 0.3181320 0.1317746 0.9388437
vn 0.3181320 0.1317746 0.9388437
f 2061/2061/2061 2062/2062/2062 2063/2063/2063
f 2061/2061/2061 2063/2063/2063 2064/2064/2064
v -0.6457661 -0.1525000 0.1700000
v -0.6703984 -0.1203984 0.1700000
v -0.7092893 -0.1592893 0.1900000
v -0.6933975 -0.1800000 0.1900000
vt 0.6168935 0.7700000
vt 0.7300000 0.8514316
vt 0.5929720 0.9800000
vt 0.5200000 0.9274635
vn 0.2731862 0.2096231 0.9388437
vn 0.2731862 0.2096231 0.9388437
vn 0.2731862 0.2096231 0.9388437
vn 0.2731862 0.2096231 0.9388437
f 2065/2065/2065 2066/2066/2066 2067/2067/2067
f 2065/2065/2065 2067/2067/2067 2068/2068/2068
v -0.6703984 -0.1203984 0.1700000
v -0.7025000 -0.0957661 0.1700000
v -0.7300000 -0.1433975 0.1900000
v -0.7092893 -0.1592893 0.1900000
vt 0.7300000 0.8514316
vt 0.6168935 0.7700000
vt 0.5200000 0.9274635
vt 0.5929720 0.9800000
vn 0.2096231 0.2731862 0.9388437
vn 0.2096231 0.2731862 0.9388437
vn 0.2096231 0.2731862 0.9388437
vn 0.2096231 0.2731862 0.9388437
f 2069/2069/2069 2070/2070/2070 2071/2071/2071
f 2069/2069/2069 2071/2071/2071 2072/2072/2072
v -0.7025000 -0.0957661 0.1700000
v -0.7398830 -0.0802815 0.1700000
v -0.7541181 -0.1334074 0.1900000
v -0.7300000 -0.1433975 0.1900000
vt 0.7300000 0.8215204
vt 0.5779130 0.7700000
vt 0.5200000 0.9467610
vt 0.6181206 0.9800000
vn 0.1317746 0.3181320 0.9388437
vn 0.1317746 0.3181320 0.9388437
vn 0.1317746 0.3181320 0.9388437
vn 0.1317746 0.3181320 0.9388437
f 2073/2073/2073 2074/2074/2074 2075/2075/2075
f 2073/2073/2073 2075/2075/2075 2076/2076/2076
v -0.7398830 -0.0802815 0.1700000
v -0.7800000 -0.0750000 0.1700000
v -0.7800000 -0.1300000 0.1900000
v -0.7541181 -0.1334074 0.1900000
vt 0.7300000 0.7889893
vt 0.5200000 0.7700000
vt 0.5200000 0.9677489
vt 0.6554839 0.9800000
vn 0.0449459 0.3413977 0.9388437
vn 0.0449459 0.3413977 0.9388437
vn 0.0449459 0.3413977 0.9388437
vn 0.0449459 0.3413977 0.9388437
f 2077/2077/2077 2078/2078/2078 2079/2079/2079
f 2077/2077/2077 2079/2079/2079 2080/2080/2080
v -0.7800000 -0.0750000 0.1700000
v -0.8201170 -0.0802815 0.1700000
v -0.8058819 -0.1334074 0.1900000
v -0.7800000 -0.1300000 0.1900000
vt 0.7300000 0.7700000
vt 0.5200000 0.7889893
vt 0.5945161 0.9800000
vt 0.7300000 0.9677489
vn -0.0449459 0.3413977 0.9388437
vn -0.0449459 0.3413977 0.9388437
vn -0.0449459 0.3413977 0.9388437
vn -0.0449459 0.3413977 0.9388437
f 2081/2081/2081 2082/2082/2082 2083/2083/2083
f 2081/2081/2081 2083/2083/2083 2084/2084/2084
v -0.8201170 -0.0802815 0.1700000
v -0.8575000 -0.0957661 0.1700000
v -0.8300000 -0.1433975 0.1900000
v -0.8058819 -0.1334074 0.1900000
vt 0.6720870 0.7700000
vt 0.5200000 0.8215204
vt 0.6318794 0.9800000
vt 0.7300000 0.9467610
vn -0.1317746 0.3181320 0.9388437
vn -0.1317746 0.3181320 0.9388437
vn -0.1317746 0.3181320 0.9388437
vn -0.1317746 0.3181320 0.9388437
f 2085/2085/2085 2086/2086/2086 2087/2087/2087
f 2085/2085/2085 2087/2087/2087 2088/2088/2088
v -0.8575000 -0.0957661 0.1700000
v -0.8896016 -0.1203984 0.1700000
v -0.8507107 -0.1592893 0.1900000
v -0.8300000 -0.1433975 0.1900000
vt 0.6331065 0.7700000
vt 0.5200000 0.8514316
vt 0.6570280 0.9800000
vt 0.7300000 0.9274635
vn -0.2096231 0.2731862 0.9388437
vn -0.2096231 0.2731862 0.9388437
vn -0.2096231 0.2731862 0.9388437
vn -0.2096231 0.2731862 0.9388437
f 2089/2089/2089 2090/2090/2090 2091/2091/2091
f 2089/2089/2089 2091/2091/2091 2092/2092/2092
v -0.8896016 -0.1203984 0.1700000
v -0.9142339 -0.1525000 0.1700000
v -0.8666025 -0.1800000 0.1900000
v -0.8507107 -0.1592893 0.1900000
vt 0.7300000 0.8985684
vt 0.6168935 0.9800000
vt 0.5200000 0.8225365
vt 0.5929720 0.7700000
vn -0.2731862 0.2096231 0.9388437
vn -0.2731862 0.2096231 0.9388437
vn -0.2731862 0.2096231 0.9388437
vn -0.2731862 0.2096231 0.9388437
f 2093/2093/2093 2094/2094/2094 2095/2095/2095
f 2093/2093/2093 2095/2095/2095 2096/2096/2096
v -0.9142339 -0.1525000 0.1700000
v -0.9297185 -0.1898830 0.1700000
v -0.8765926 -0.2041181 0.1900000
v -0.8666025 -0.1800000 0.1900000
vt 0.7300000 0.9284796
vt 0.5779130 0.9800000
vt 0.5200000 0.8032390
vt 0.6181206 0.7700000
vn -0.3181320 0.1317746 0.9388437
vn -0.3181320 0.1317746 0.9388437
vn -0.3181320 0.1317746 0.9388437
vn -0.3181320 0.1317746 0.9388437
f 2097/2097/2097 2098/2098/2098 2099/2099/2099
f 2097/2097/2097 2099/2099/2099 2100/2100/2100
v -0.9297185 -0.1898830 0.1700000
v -0.9350000 -0.2300000 0.1700000
v -0.8800000 -0.2300000 0.1900000
v -0.8765926 -0.2041181 0.1900000
vt 0.7300000 0.9610107
vt 0.5200000 0.9800000
vt 0.5200000 0.7822511
vt 0.6554839 0.7700000
vn -0.3413977 0.0449459 0.9388437
vn -0.3413977 0.0449459 0.9388437
vn -0.3413977 0.0449459 0.9388437
vn -0.3413977 0.0449459 0.9388437
f 2101/2101/2101 2102/2102/2102 2103/2103/2103
f 2101/2101/2101 2103/2103/2103 2104/2104/2104
v -0.9350000 -0.2300000 0.1700000
v -0.9297185 -0.2701170 0.1700000
v -0.8765926 -0.2558819 0.1900000
v -0.8800000 -0.2300000 0.1900000
vt 0.7300000 0.9800000
vt 0.5200000 0.9610107
vt 0.5945161 0.7700000
vt 0.7300000 0.7822511
vn -0.3413977 -0.0449459 0.9388437
vn -0.3413977 -0.0449459 0.9388437
vn -0.3413977 -0.0449459 0.9388437
vn -0.3413977 -0.0449459 0.9388437
f 2105/2105/2105 2106/2106/2106 2107/2107/2107
f 2105/2105/2105 2107/2107/2107 2108/2108/2108
v -0.9297185 -0.2701170 0.1700000
v -0.9142339 -0.3075000 0.1700000
v -0.8666025 -0.2800000 0.1900000
v -0.8765926 -0.2558819 0.1900000
vt 0.6720870 0.9800000
vt 0.5200000 0.9284796
vt 0.6318794 0.7700000
vt 0.7300000 0.8032390
vn -0.3181320 -0.1317746 0.9388437
vn -0.3181320 -0.1317746 0.9388437
vn -0.3181320 -0.1317746 0.9388437
vn -0.3181320 -0.1317746 0.9388437
f 2109/2109/2109 2110/2110/2110 2111/2111/2111
f 2109/2109/2109 2111/2111/2111 2112/2112/2112
v -0.9142339 -0.3075000 0.1700000
v -0.8896016 -0.3396016 0.1700000
v -0.8507107 -0.3007107 0.1900000
v -0.8666025 -0.2800000 0.1900000
vt 0.6331065 0.9800000
vt 0.5200000 0.8985684
vt 0.6570280 0.7700000
vt 0.7300000 0.8225365
vn -0.2731862 -0.2096231 0.9388437
vn -0.2731862 -0.2096231 0.9388437
vn -0.2731862 -0.2096231 0.9388437
vn -0.2731862 -0.2096231 0.9388437
f 2113/2113/2113 2114/2114/2114 2115/2115/2115
f 2113/2113/2113 2115/2115/2115 2116/2116/2116
v -0.8896016 -0.3396016 0.1700000
v -0.8575000 -0.3642339 0.1700000
v -0.8300000 -0.3166025 0.1900000
v -0.8507107 -0.3007107 0.1900000
vt 0.5200000 0.8985684
vt 0.6331065 0.9800000
vt 0.7300000 0.8225365
vt 0.6570280 0.7700000
vn -0.2096231 -0.2731862 0.9388437
vn -0.2096231 -0.2731862 0.9388437
vn -0.2096231 -0.2731862 0.9388437
vn -0.2096231 -0.2731862 0.9388437
f 2117/2117/2117 2118/2118/2118 2119/2119/2119
f 2117/2117/2117 2119/2119/2119 2120/2120/2120
v -0.8575000 -0.3642339 0.1700000
v -0.8201170 -0.3797185 0.1700000
v -0.8058819 -0.3265926 0.1900000
v -0.8300000 -0.3166025 0.1900000
vt 0.5200000 0.9284796
vt 0.6720870 0.9800000
vt 0.7300000 0.8032390
vt 0.6318794 0.7700000
vn -0.1317746 -0.3181320 0.9388437
vn -0.1317746 -0.3181320 0.9388437
vn -0.1317746 -0.3181320 0.9388437
vn -0.1317746 -0.3181320 0.9388437
f 2121/2121/2121 2122/2122/2122 2123/2123/2123
f 2121/2121/2121 2123/2123/2123 2124/2124/2124
v -0.8201170 -0.3797185 0.1700000
v -0.7800000 -0.3850000 0.1700000
v -0.7800000 -0.3300000 0.1900000
v -0.8058819 -0.3265926 0.1900000
vt 0.5200000 0.9610107
vt 0.7300000 0.9800000
vt 0.7300000 0.7822511
vt 0.5945161 0.7700000
vn -0.0449459 -0.3413977 0.9388437
vn -0.0449459 -0.3413977 0.9388437
vn -0.0449459 -0.3413977 0.9388437
vn -0.0449459 -0.3413977 0.9388437
f 2125/2125/2125 2126/2126/2126 2127/2127/2127
f 2125/2125/2125 2127/2127/2127 2128/2128/2128
v -0.7800000 -0.3850000 0.1700000
v -0.7398830 -0.3797185 0.1700000
v -0.7541181 -0.3265926 0.1900000
v -0.7800000 -0.3300000 0.1900000
vt 0.5200000 0.9800000
vt 0.7300000 0.9610107
vt 0.6554839 0.7700000
vt 0.5200000 0.7822511
vn 0.0449459 -0.3413977 0.9388437
vn 0.0449459 -0.3413977 0.9388437
vn 0.0449459 -0.3413977 0.9388437
vn 0.0449459 -0.3413977 0.9388437
f 2129/2129/2129 2130/2130/2130 2131/2131/2131
f 2129/2129/2129 2131/2131/2131 2132/2132/2132
v -0.7398830 -0.3797185 0.1700000
v -0.7025000 -0.3642339 0.1700000
v -0.7300000 -0.3166025 0.1900000
v -0.7541181 -0.3265926 0.1900000
vt 0.5779130 0.9800000
vt 0.7300000 0.9284796
vt 0.6181206 0.7700000
vt 0.5200000 0.8032390
vn 0.1317746 -0.3181320 0.9388437
vn 0.1317746 -0.3181320 0.9388437
vn 0.1317746 -0.3181320 0.9388437
vn 0.1317746 -0.3181320 0.9388437
f 2133/2133/2133 2134/2134/2134 2135/2135/2135
f 2133/2133/2133 2135/2135/2135 2136/2136/2136
v -0.7025000 -0.3642339 0.1700000
v -0.6703984 -0.3396016 0.1700000
v -0.7092893 -0.3007107 0.1900000
v -0.7300000 -0.3166025 0.1900000
vt 0.6168935 0.9800000
vt 0.7300000 0.8985684
vt 0.5929720 0.7700000
vt 0.5200000 0.8225365
vn 0.2096231 -0.2731862 0.9388437
vn 0.2096231 -0.2731862 0.9388437
vn 0.2096231 -0.2731862 0.9388437
vn 0.2096231 -0.2731862 0.9388437
f 2137/2137/2137 2138/2138/2138 2139/2139/2139
f 2137/2137/2137 2139/2139/2139 2140/2140/2140
v -0.6703984 -0.3396016 0.1700000
v -0.6457661 -0.3075000 0.1700000
v -0.6933975 -0.2800000 0.1900000
v -0.7092893 -0.3007107 0.1900000
vt 0.5200000 0.8514316
vt 0.6331065 0.7700000
vt 0.7300000 0.9274635
vt 0.6570280 0.9800000
vn 0.2731862 -0.2096231 0.9388437
vn 0.2731862 -0.2096231 0.9388437
vn 0.2731862 -0.2096231 0.9388437
vn 0.2731862 -0.2096231 0.9388437
f 2141/2141/2141 2142/2142/2142 2143/2143/2143
f 2141/2141/2141 2143/2143/2143 2144/2144/2144
v -0.6457661 -0.3075000 0.1700000
v -0.6302815 -0.2701170 0.1700000
v -0.6834074 -0.2558819 0.1900000
v -0.6933975 -0.2800000 0.1900000
vt 0.5200000 0.8215204
vt 0.6720870 0.7700000
vt 0.7300000 0.9467610
vt 0.6318794 0.9800000
vn 0.3181320 -0.1317746 0.9388437
vn 0.3181320 -0.1317746 0.9388437
vn 0.3181320 -0.1317746 0.9388437
vn 0.3181320 -0.1317746 0.9388437
f 2145/2145/2145 2146/2146/2146 2147/2147/2147
f 2145/2145/2145 2147/2147/2147 2148/2148/2148
v -0.6302815 -0.2701170 0.1700000
v -0.6250000 -0.2300000 0.1700000
v -0.6800000 -0.2300000 0.1900000
v -0.6834074 -0.2558819 0.1900000
vt 0.5200000 0.7889893
vt 0.7300000 0.7700000
vt 0.7300000 0.9677489
vt 0.5945161 0.9800000
vn 0.3413977 -0.0449459 0.9388437
vn 0.3413977 -0.0449459 0.9388437
vn 0.3413977 -0.0449459 0.9388437
vn 0.3413977 -0.0449459 0.9388437
f 2149/2149/2149 2150/2150/2150 2151/2151/2151
f 2149/2149/2149 2151/2151/2151 2152/2152/2152
v -0.6800000 -0.2300000 0.1900000
v -0.6834074 -0.2041181 0.1900000
v -0.6933975 -0.1800000 0.1900000
v -0.7092893 -0.1592893 0.1900000
v -0.7300000 -0.1433975 0.1900000
v -0.7541181 -0.1334074 0.1900000
v -0.7800000 -0.1300000 0.1900000
v -0.8058819 -0.1334074 0.1900000
v -0.8300000 -0.1433975 0.1900000
v -0.8507107 -0.1592893 0.1900000
v -0.8666025 -0.1800000 0.1900000
v -0.8765926 -0.2041181 0.1900000
v -0.8800000 -0.2300000 0.1900000
v -0.8765926 -0.2558819 0.1900000
v -0.8666025 -0.2800000 0.1900000
v -0.8507107 -0.3007107 0.1900000
v -0.8300000 -0.3166025 0.1900000
v -0.8058819 -0.3265926 0.1900000
v -0.7800000 -0.3300000 0.1900000
v -0.7541181 -0.3265926 0.1900000
v -0.7300000 -0.3166025 0.1900000
v -0.7092893 -0.3007107 0.1900000
v -0.6933975 -0.2800000 0.1900000
v -0.6834074 -0.2558819 0.1900000
vt 0.7300000 0.8750000
vt 0.7264222 0.8478240
vt 0.7159327 0.8225000
vt 0.6992462 0.8007538
vt 0.6775000 0.7840673
vt 0.6521760 0.7735778
vt 0.6250000 0.7700000
vt 0.5978240 0.7735778
vt 0.5725000 0.7840673
vt 0.5507538 0.8007538
vt 0.5340673 0.8225000
vt 0.5235778 0.8478240
vt 0.5200000 0.8750000
vt 0.5235778 0.9021760
vt 0.5340673 0.9275000
vt 0.5507538 0.9492462
vt 0.5725000 0.9659327
vt 0.5978240 0.9764222
vt 0.6250000 0.9800000
vt 0.6521760 0.9764222
vt 0.6775000 0.9659327
vt 0.6992462 0.9492462
vt 0.7159327 0.9275000
vt 0.7264222 0.9021760
vn 0.0000000 0.0000000 1.0000000
vn 0.0000000 0.0000000 1.0000000
vn 0.0000000 0.0000000 1.0000000
vn 0.0000000 0.0000000 1.0000000
vn 0.0000000 0.0000000 1.0000000
vn 0.0000000 0.0000000 1.0000000
vn 0.0000000 0.0000000 1.0000000
vn 0.0000000 0.0000000 1.0000000
vn 0.0000000 0.0000000 1.0000000
vn 0.0000000 0.0000000 1.0000000
vn 0.0000000 0.0000000 1.0000000
vn 0.0000000 0.0000000 1.0000000
vn 0.0000000 0.0000000 1.0000000
vn 0.0000000 0.0000000 1.0000000
vn 0.0000000 0.0000000 1.0000000
vn 0.0000000 0.0000000 1.0000000
vn 0.0000000 0.0000000 1.0000000
vn 0.0000000 0.0000000 1.0000000
vn 0.0000000 0.0000000 1.0000000
vn 0.0000000 0.0000000 1.0000000
vn 0.0000000 0.0000000 1.0000000
vn 0.0000000 0.0000000 1.0000000
vn 0.0000000 0.0000000 1.0000000
vn 0.0000000 0.0000000 1.0000000
f 2153/2153/2153 2154/2154/2154 2155/2155/2155
f 2153/2153/2153 2155/2155/2155 2156/2156/2156
f 2153/2153/2153 2156/2156/2156 2157/2157/2157
f 2153/2153/2153 2157/2157/2157 2158/2158/2158
f 2153/2153/2153 2158/2158/2158 2159/2159/2159
f 2153/2153/2153 2159/2159/2159 2160/2160/2160
f 2153/2153/2153 2160/2160/2160 2161/2161/2161
f 2153/2153/2153 2161/2161/2161 2162/2162/2162
f 2153/2153/2153 2162/2162/2162 2163/2163/2163
f 2153/2153/2153 2163/2163/2163 2164/2164/2164
f 2153/2153/2153 2164/2164/2164 2165/2165/2165
f 2153/2153/2153 2165/2165/2165 2166/2166/2166
f 2153/2153/2153 2166/2166/2166 2167/2167/2167
f 2153/2153/2153 2167/2167/2167 2168/2168/2168
f 2153/2153/2153 2168/2168/2168 2169/2169/2169
f 2153/2153/2153 2169/2169/2169 2170/2170/2170
f 2153/2153/2153 2170/2170/2170 2171/2171/2171
f 2153/2153/2153 2171/2171/2171 2172/2172/2172
f 2153/2153/2153 2172/2172/2172 2173/2173/2173
f 2153/2153/2153 2173/2173/2173 2174/2174/2174
f 2153/2153/2153 2174/2174/2174 2175/2175/2175
f 2153/2153/2153 2175/2175/2175 2176/2176/2176
v -0.7086708 -0.2531763 0.1930000
v -0.7193237 -0.2740839 0.1930000
v -0.7359161 -0.2906763 0.1930000
v -0.7568237 -0.3013292 0.1930000
v -0.7800000 -0.3050000 0.1930000
v -0.8031763 -0.3013292 0.1930000
v -0.8240839 -0.2906763 0.1930000
v -0.8406763 -0.2740839 0.1930000
v -0.8513292 -0.2531763 0.1930000
v -0.8550000 -0.2300000 0.1930000
v -0.8513292 -0.2068237 0.1930000
v -0.8406763 -0.1859161 0.1930000
v -0.8240839 -0.1693237 0.1930000
v -0.8031763 -0.1586708 0.1930000
v -0.7800000 -0.1550000 0.1930000
v -0.7568237 -0.1586708 0.1930000
v -0.7359161 -0.1693237 0.1930000
v -0.7193237 -0.1859161 0.1930000
v -0.7086708 -0.2068237 0.1930000
v -0.7050000 -0.2300000 0.1930000
vt 0.2248609 0.6574468
vt 0.2099468 0.6867175
vt 0.1867175 0.7099468
vt 0.1574468 0.7248609
vt 0.1250000 0.7300000
vt 0.0925532 0.7248609
vt 0.0632825 0.7099468
vt 0.0400532 0.6867175
vt 0.0251391 0.6574468
vt 0.0200000 0.6250000
vt 0.0251391 0.5925532
vt 0.0400532 0.5632825
vt 0.0632825 0.5400532
vt 0.0925532 0.5251391
vt 0.1250000 0.5200000
vt 0.1574468 0.5251391
vt 0.1867175 0.5400532
vt 0.2099468 0.5632825
vt 0.2248609 0.5925532
vt 0.2300000 0.6250000
vn 0.0000000 0.0000000 -1.0000000
vn 0.0000000 0.0000000 -1.0000000
vn 0.0000000 0.0000000 -1.0000000
vn 0.0000000 0.0000000 -1.0000000
vn 0.0000000 0.0000000 -1.0000000
vn 0.0000000 0.0000000 -1.0000000
vn 0.0000000 0.0000000 -1.0000000
vn 0.0000000 0.0000000 -1.0000000
vn 0.0000000 0.0000000 -1.0000000
vn 0.0000000 0.0000000 -1.0000000
vn 0.0000000 0.0000000 -1.0000000
vn 0.0000000 0.0000000 -1.0000000
vn 0.0000000 0.0000000 -1.0000000
vn 0.0000000 0.0000000 -1.0000000
vn 0.0000000 0.0000000 -1.0000000
vn 0.0000000 0.0000000 -1.0000000
vn 0.0000000 0.0000000 -1.0000000
vn 0.0000000 0.0000000 -1.0000000
vn 0.0000000 0.0000000 -1.0000000
vn 0.0000000 0.0000000 -1.0000000
f 2177/2177/2177 2178/2178/2178 2179/2179/2179
f 2177/2177/2177 2179/2179/2179 2180/2180/2180
f 2177/2177/2177 2180/2180/2180 2181/2181/2181
f 2177/2177/2177 2181/2181/2181 2182/2182/2182
f 2177/2177/2177 2182/2182/2182 2183/2183/2183
f 2177/2177/2177 2183/2183/2183 2184/2184/2184
f 2177/2177/2177 2184/2184/2184 2185/2185/2185
f 2177/2177/2177 2185/2185/2185 2186/2186/2186
f 2177/2177/2177 2186/2186/2186 2187/2187/2187
f 2177/2177/2177 2187/2187/2187 2188/2188/2188
f 2177/2177/2177 2188/2188/2188 2189/2189/2189
f 2177/2177/2177 2189/2189/2189 2190/2190/2190
f 2177/2177/2177 2190/2190/2190 2191/2191/2191
f 2177/2177/2177 2191/2191/2191 2192/2192/2192
f 2177/2177/2177 2192/2192/2192 2193/2193/2193
f 2177/2177/2177 2193/2193/2193 2194/2194/2194
f 2177/2177/2177 2194/2194/2194 2195/2195/2195
f 2177/2177/2177 2195/2195/2195 2196/2196/2196
v -0.7050000 -0.2300000 0.1930000
v -0.7086708 -0.2068237 0.1930000
v -0.7086708 -0.2068237 0.1980000
v -0.7050000 -0.2300000 0.1980000
vt 0.0200000 0.7300000
vt 0.0200000 0.5200000
vt 0.2300000 0.5200000
vt 0.2300000 0.7300000
vn 0.9876883 0.1564345 0.0000000
vn 0.9876883 0.1564345 0.0000000
vn 0.9876883 0.1564345 0.0000000
vn 0.9876883 0.1564345 0.0000000
f 2197/2197/2197 2198/2198/2198 2199/2199/2199
f 2197/2197/2197 2199/2199/2199 2200/2200/2200
v -0.7086708 -0.2068237 0.1930000
v -0.7193237 -0.1859161 0.1930000
v -0.7193237 -0.1859161 0.1980000
v -0.7086708 -0.2068237 0.1980000
vt 0.0200000 0.7300000
vt 0.0200000 0.5200000
vt 0.2300000 0.5200000
vt 0.2300000 0.7300000
vn 0.8910065 0.4539905 0.0000000
vn 0.8910065 0.4539905 0.0000000
vn 0.8910065 0.4539905 0.0000000
vn 0.8910065 0.4539905 0.0000000
f 2201/2201/2201 2202/2202/2202 2203/2203/2203
f 2201/2201/2201 2203/2203/2203 2204/2204/2204
v -0.7193237 -0.1859161 0.1930000
v -0.7359161 -0.1693237 0.1930000
v -0.7359161 -0.1693237 0.1980000
v -0.7193237 -0.1859161 0.1980000
vt 0.0200000 0.5200000
vt 0.0200000 0.7300000
vt 0.2300000 0.7300000
vt 0.2300000 0.5200000
vn 0.7071068 0.7071068 0.0000000
vn 0.7071068 0.7071068 0.0000000
vn 0.7071068 0.7071068 0.0000000
vn 0.7071068 0.7071068 0.0000000
f 2205/2205/2205 2206/2206/2206 2207/2207/2207
f 2205/2205/2205 2207/2207/2207 2208/2208/2208
v -0.7359161 -0.1693237 0.1930000
v -0.7568237 -0.1586708 0.1930000
v -0.7568237 -0.1586708 0.1980000
v -0.7359161 -0.1693237 0.1980000
vt 0.0200000 0.5200000
vt 0.0200000 0.7300000
vt 0.2300000 0.7300000
vt 0.2300000 0.5200000
vn 0.4539905 0.8910065 0.0000000
vn 0.4539905 0.8910065 0.0000000
vn 0.4539905 0.8910065 0.0000000
vn 0.4539905 0.8910065 0.0000000
f 2209/2209/2209 2210/2210/2210 2211/2211/2211
f 2209/2209/2209 2211/2211/2211 2212/2212/2212
v -0.7568237 -0.1586708 0.1930000
v -0.7800000 -0.1550000 0.1930000
v -0.7800000 -0.1550000 0.1980000
v -0.7568237 -0.1586708 0.1980000
vt 0.0200000 0.5200000
vt 0.0200000 0.7300000
vt 0.2300000 0.7300000
vt 0.2300000 0.5200000
vn 0.1564345 0.9876883 0.0000000
vn 0.1564345 0.9876883 0.0000000
vn 0.1564345 0.9876883 0.0000000
vn 0.1564345 0.9876883 0.0000000
f 2213/2213/2213 2214/2214/2214 2215/2215/2215
f 2213/2213/2213 2215/2215/2215 2216/2216/2216
v -0.7800000 -0.1550000 0.1930000
v -0.8031763 -0.1586708 0.1930000
v -0.8031763 -0.1586708 0.1980000
v -0.7800000 -0.1550000 0.1980000
vt 0.0200000 0.5200000
vt 0.0200000 0.7300000
vt 0.2300000 0.7300000
vt 0.2300000 0.5200000
vn -0.1564345 0.9876883 0.0000000
vn -0.1564345 0.9876883 0.0000000
vn -0.1564345 0.9876883 0.0000000
vn -0.1564345 0.9876883 0.0000000
f 2217/2217/2217 2218/2218/2218 2219/2219/2219
f 2217/2217/2217 2219/2219/2219 2220/2220/2220
v -0.8031763 -0.1586708 0.1930000
v -0.8240839 -0.1693237 0.1930000
v -0.8240839 -0.1693237 0.1980000
v -0.8031763 -0.1586708 0.1980000
vt 0.0200000 0.5200000
vt 0.0200000 0.7300000
vt 0.2300000 0.7300000
vt 0.2300000 0.5200000
vn -0.4539905 0.8910065 0.0000000
vn -0.4539905 0.8910065 0.0000000
vn -0.4539905 0.8910065 0.0000000
vn -0.4539905 0.8910065 0.0000000
f 2221/2221/2221 2222/2222/2222 2223/2223/2223
f 2221/2221/2221 2223/2223/2223 2224/2224/2224
v -0.8240839 -0.1693237 0.1930000
v -0.8406763 -0.1859161 0.1930000
v -0.8406763 -0.1859161 0.1980000
v -0.8240839 -0.1693237 0.1980000
vt 0.0200000 0.5200000
vt 0.0200000 0.7300000
vt 0.2300000 0.7300000
vt 0.2300000 0.5200000
vn -0.7071068 0.7071068 0.0000000
vn -0.7071068 0.7071068 0.0000000
vn -0.7071068 0.7071068 0.0000000
vn -0.7071068 0.7071068 0.0000000
f 2225/2225/2225 2226/2226/2226 2227/2227/2227
f 2225/2225/2225 2227/2227/2227 2228/2228/2228
v -0.8406763 -0.1859161 0.1930000
v -0.8513292 -0.2068237 0.1930000
v -0.8513292 -0.2068237 0.1980000
v -0.8406763 -0.1859161 0.1980000
vt 0.0200000 0.5200000
vt 0.0200000 0.7300000
vt 0.2300000 0.7300000
vt 0.2300000 0.5200000
vn -0.8910065 0.4539905 0.0000000
vn -0.8910065 0.4539905 0.0000000
vn -0.8910065 0.4539905 0.0000000
vn -0.8910065 0.4539905 0.0000000
f 2229/2229/2229 2230/2230/2230 2231/2231/2231
f 2229/2229/2229 2231/2231/2231 2232/2232/2232
v -0.8513292 -0.2068237 0.1930000
v -0.8550000 -0.2300000 0.1930000
v -0.8550000 -0.2300000 0.1980000
v -0.8513292 -0.2068237 0.1980000
vt 0.0200000 0.5200000
vt 0.0200000 0.7300000
vt 0.2300000 0.7300000
vt 0.2300000 0.5200000
vn -0.9876883 0.1564345 0.0000000
vn -0.9876883 0.1564345 0.0000000
vn -0.9876883 0.1564345 0.0000000
vn -0.9876883 0.1564345 0.0000000
f 2233/2233/2233 2234/2234/2234 2235/2235/2235
f 2233/2233/2233 2235/2235/2235 2236/2236/2236
v -0.8550000 -0.2300000 0.1930000
v -0.8513292 -0.2531763 0.1930000
v -0.8513292 -0.2531763 0.1980000
v -0.8550000 -0.2300000 0.1980000
vt 0.0200000 0.5200000
vt 0.0200000 0.7300000
vt 0.2300000 0.7300000
vt 0.2300000 0.5200000
vn -0.9876883 -0.1564345 0.0000000
vn -0.9876883 -0.1564345 0.0000000
vn -0.9876883 -0.1564345 0.0000000
vn -0.9876883 -0.1564345 0.0000000
f 2237/2237/2237 2238/2238/2238 2239/2239/2239
f 2237/2237/2237 2239/2239/2239 2240/2240/2240
v -0.8513292 -0.2531763 0.1930000
v -0.8406763 -0.2740839 0.1930000
v -0.8406763 -0.2740839 0.1980000
v -0.8513292 -0.2531763 0.1980000
vt 0.0200000 0.5200000
vt 0.0200000 0.7300000
vt 0.2300000 0.7300000
vt 0.2300000 0.5200000
vn -0.8910065 -0.4539905 0.0000000
vn -0.8910065 -0.4539905 0.0000000
vn -0.8910065 -0.4539905 0.0000000
vn -0.8910065 -0.4539905 0.0000000
f 2241/2241/2241 2242/2242/2242 2243/2243/2243
f 2241/2241/2241 2243/2243/2243 2244/2244/2244
v -0.8406763 -0.2740839 0.1930000
v -0.8240839 -0.2906763 0.1930000
v -0.8240839 -0.2906763 0.1980000
v -0.8406763 -0.2740839 0.1980000
vt 0.0200000 0.7300000
vt 0.0200000 0.5200000
vt 0.2300000 0.5200000
vt 0.2300000 0.7300000
vn -0.7071068 -0.7071068 0.0000000
vn -0.7071068 -0.7071068 0.0000000
vn -0.7071068 -0.7071068 0.0000000
vn -0.7071068 -0.7071068 0.0000000
f 2245/2245/2245 2246/2246/2246 2247/2247/2247
f 2245/2245/2245 2247/2247/2247 2248/2248/2248
v -0.8240839 -0.2906763 0.1930000
v -0.8031763 -0.3013292 0.1930000
v -0.8031763 -0.3013292 0.1980000
v -0.8240839 -0.2906763 0.1980000
vt 0.0200000 0.7300000
vt 0.0200000 0.5200000
vt 0.2300000 0.5200000
vt 0.2300000 0.7300000
vn -0.4539905 -0.8910065 0.0000000
vn -0.4539905 -0.8910065 0.0000000
vn -0.4539905 -0.8910065 0.0000000
vn -0.4539905 -0.8910065 0.0000000
f 2249/2249/2249 2250/2250/2250 2251/2251/2251
f 2249/2249/2249 2251/2251/2251 2252/2252/2252
v -0.8031763 -0.3013292 0.1930000
v -0.7800000 -0.3050000 0.1930000
v -0.7800000 -0.3050000 0.1980000
v -0.8031763 -0.3013292 0.1980000
vt 0.0200000 0.7300000
vt 0.0200000 0.5200000
vt 0.2300000 0.5200000
vt 0.2300000 0.7300000
vn -0.1564345 -0.9876883 0.0000000
vn -0.1564345 -0.9876883 0.0000000
vn -0.1564345 -0.9876883 0.0000000
vn -0.1564345 -0.9876883 0.0000000
f 2253/2253/2253 2254/2254/2254 2255/2255/2255
f 2253/2253/2253 2255/2255/2255 2256/2256/2256
v -0.7800000 -0.3050000 0.1930000
v -0.7568237 -0.3013292 0.1930000
v -0.7568237 -0.3013292 0.1980000
v -0.7800000 -0.3050000 0.1980000
vt 0.0200000 0.7300000
vt 0.0200000 0.5200000
vt 0.2300000 0.5200000
vt 0.2300000 0.7300000
vn 0.1564345 -0.9876883 0.0000000
vn 0.1564345 -0.9876883 0.0000000
vn 0.1564345 -0.9876883 0.0000000
vn 0.1564345 -0.9876883 0.0000000
f 2257/2257/2257 2258/2258/2258 2259/2259/2259
f 2257/2257/2257 2259/2259/2259 2260/2260/2260
v -0.7568237 -0.3013292 0.1930000
v -0.7359161 -0.2906763 0.1930000
v -0.7359161 -0.2906763 0.1980000
v -0.7568237 -0.3013292 0.1980000
vt 0.0200000 0.7300000
vt 0.0200000 0.5200000
vt 0.2300000 0.5200000
vt 0.2300000 0.7300000
vn 0.4539905 -0.8910065 0.0000000
vn 0.4539905 -0.8910065 0.0000000
vn 0.4539905 -0.8910065 0.0000000
vn 0.4539905 -0.8910065 0.0000000
f 2261/2261/2261 2262/2262/2262 2263/2263/2263
f 2261/2261/2261 2263/2263/2263 2264/2264/2264
v -0.7359161 -0.2906763 0.1930000
v -0.7193237 -0.2740839 0.1930000
v -0.7193237 -0.2740839 0.1980000
v -0.7359161 -0.2906763 0.1980000
vt 0.0200000 0.7300000
vt 0.0200000 0.5200000
vt 0.2300000 0.5200000
vt 0.2300000 0.7300000
vn 0.7071068 -0.7071068 0.0000000
vn 0.7071068 -0.7071068 0.0000000
vn 0.7071068 -0.7071068 0.0000000
vn 0.7071068 -0.7071068 0.0000000
f 2265/2265/2265 2266/2266/2266 2267/2267/2267
f 2265/2265/2265 2267/2267/2267 2268/2268/2268
v -0.7193237 -0.2740839 0.1930000
v -0.7086708 -0.2531763 0.1930000
v -0.7086708 -0.2531763 0.1980000
v -0.7193237 -0.2740839 0.1980000
vt 0.0200000 0.7300000
vt 0.0200000 0.5200000
vt 0.2300000 0.5200000
vt 0.2300000 0.7300000
vn 0.8910065 -0.4539905 0.0000000
vn 0.8910065 -0.4539905 0.0000000
vn 0.8910065 -0.4539905 0.0000000
vn 0.8910065 -0.4539905 0.0000000
f 2269/2269/2269 2270/2270/2270 2271/2271/2271
f 2269/2269/2269 2271/2271/2271 2272/2272/2272
v -0.7086708 -0.2531763 0.1930000
v -0.7050000 -0.2300000 0.1930000
v -0.7050000 -0.2300000 0.1980000
v -0.7086708 -0.2531763 0.1980000
vt 0.0200000 0.7300000
vt 0.0200000 0.5200000
vt 0.2300000 0.5200000
vt 0.2300000 0.7300000
vn 0.9876883 -0.1564345 0.0000000
vn 0.9876883 -0.1564345 0.0000000
vn 0.9876883 -0.1564345 0.0000000
vn 0.9876883 -0.1564345 0.0000000
f 2273/2273/2273 2274/2274/2274 2275/2275/2275
f 2273/2273/2273 2275/2275/2275 2276/2276/2276
v -0.7050000 -0.2300000 0.1980000
v -0.7086708 -0.2068237 0.1980000
v -0.7193237 -0.1859161 0.1980000
v -0.7359161 -0.1693237 0.1980000
v -0.7568237 -0.1586708 0.1980000
v -0.7800000 -0.1550000 0.1980000
v -0.8031763 -0.1586708 0.1980000
v -0.8240839 -0.1693237 0.1980000
v -0.8406763 -0.1859161 0.1980000
v -0.8513292 -0.2068237 0.1980000
v -0.8550000 -0.2300000 0.1980000
v -0.8513292 -0.2531763 0.1980000
v -0.8406763 -0.2740839 0.1980000
v -0.8240839 -0.2906763 0.1980000
v -0.8031763 -0.3013292 0.1980000
v -0.7800000 -0.3050000 0.1980000
v -0.7568237 -0.3013292 0.1980000
v -0.7359161 -0.2906763 0.1980000
v -0.7193237 -0.2740839 0.1980000
v -0.7086708 -0.2531763 0.1980000
vt 0.2300000 0.6250000
vt 0.2248609 0.5925532
vt 0.2099468 0.5632825
vt 0.1867175 0.5400532
vt 0.1574468 0.5251391
vt 0.1250000 0.5200000
vt 0.0925532 0.5251391
vt 0.0632825 0.5400532
vt 0.0400532 0.5632825
vt 0.0251391 0.5925532
vt 0.0200000 0.6250000
vt 0.0251391 0.6574468
vt 0.0400532 0.6867175
vt 0.0632825 0.7099468
vt 0.0925532 0.7248609
vt 0.1250000 0.7300000
vt 0.1574468 0.7248609
vt 0.1867175 0.7099468
vt 0.2099468 0.6867175
vt 0.2248609 0.6574468
vn 0.0000000 0.0000000 1.0000000
vn 0.0000000 0.0000000 1.0000000
vn 0.0000000 0.0000000 1.0000000
vn 0.0000000 0.0000000 1.0000000
vn 0.0000000 0.0000000 1.0000000
vn 0.0000000 0.0000000 1.0000000
vn 0.0000000 0.0000000 1.0000000
vn 0.0000000 0.0000000 1.0000000
vn 0.0000000 0.0000000 1.0000000
vn 0.0000000 0.0000000 1.0000000
vn 0.0000000 0.0000000 1.0000000
vn 0.0000000 0.0000000 1.0000000
vn 0.0000000 0.0000000 1.0000000
vn 0.0000000 0.0000000 1.0000000
vn 0.0000000 0.0000000 1.0000000
vn 0.0000000 0.0000000 1.0000000
vn 0.0000000 0.0000000 1.0000000
vn 0.0000000 0.0000000 1.0000000
vn 0.0000000 0.0000000 1.0000000
vn 0.0000000 0.0000000 1.0000000
f 2277/2277/2277 2278/2278/2278 2279/2279/2279
f 2277/2277/2277 2279/2279/2279 2280/2280/2280
f 2277/2277/2277 2280/2280/2280 2281/2281/2281
f 2277/2277/2277 2281/2281/2281 2282/2282/2282
f 2277/2277/2277 2282/2282/2282 2283/2283/2283
f 2277/2277/2277 2283/2283/2283 2284/2284/2284
f 2277/2277/2277 2284/2284/2284 2285/2285/2285
f 2277/2277/2277 2285/2285/2285 2286/2286/2286
f 2277/2277/2277 2286/2286/2286 2287/2287/2287
f 2277/2277/2277 2287/2287/2287 2288/2288/2288
f 2277/2277/2277 2288/2288/2288 2289/2289/2289
f 2277/2277/2277 2289/2289/2289 2290/2290/2290
f 2277/2277/2277 2290/2290/2290 2291/2291/2291
f 2277/2277/2277 2291/2291/2291 2292/2292/2292
f 2277/2277/2277 2292/2292/2292 2293/2293/2293
f 2277/2277/2277 2293/2293/2293 2294/2294/2294
f 2277/2277/2277 2294/2294/2294 2295/2295/2295
f 2277/2277/2277 2295/2295/2295 2296/2296/2296
v -0.5650000 -0.2660000 -0.1400000
v -0.4550000 -0.2660000 -0.1400000
v -0.4550000 -0.3140000 -0.1400000
v -0.5650000 -0.3140000 -0.1400000
vt 0.5200000 0.7700000
vt 0.7300000 0.7700000
vt 0.7300000 0.9800000
vt 0.5200000 0.9800000
vn 0.0000000 0.0000000 -1.0000000
vn 0.0000000 0.0000000 -1.0000000
vn 0.0000000 0.0000000 -1.0000000
vn 0.0000000 0.0000000 -1.0000000
f 2297/2297/2297 2298/2298/2298 2299/2299/2299
f 2297/2297/2297 2299/2299/2299 2300/2300/2300
v -0.5650000 -0.3140000 0.0600000
v -0.4550000 -0.3140000 0.0600000
v -0.4550000 -0.2660000 0.0600000
v -0.5650000 -0.2660000 0.0600000
vt 0.7700000 0.9800000
vt 0.9800000 0.9800000
vt 0.9800000 0.7700000
vt 0.7700000 0.7700000
vn 0.0000000 0.0000000 1.0000000
vn 0.0000000 0.0000000 1.0000000
vn 0.0000000 0.0000000 1.0000000
vn 0.0000000 0.0000000 1.0000000
f 2301/2301/2301 2302/2302/2302 2303/2303/2303
f 2301/2301/2301 2303/2303/2303 2304/2304/2304
v -0.5650000 -0.3140000 -0.1400000
v -0.4550000 -0.3140000 -0.1400000
v -0.4550000 -0.3140000 0.0600000
v -0.5650000 -0.3140000 0.0600000
vt 0.7700000 0.9800000
vt 0.9800000 0.9800000
vt 0.9800000 0.7700000
vt 0.7700000 0.7700000
vn 0.0000000 -1.0000000 0.0000000
vn 0.0000000 -1.0000000 0.0000000
vn 0.0000000 -1.0000000 0.0000000
vn 0.0000000 -1.0000000 0.0000000
f 2305/2305/2305 2306/2306/2306 2307/2307/2307
f 2305/2305/2305 2307/2307/2307 2308/2308/2308
v -0.4550000 -0.3140000 -0.1400000
v -0.4550000 -0.2660000 -0.1400000
v -0.4550000 -0.2660000 0.0600000
v -0.4550000 -0.3140000 0.0600000
vt 0.7700000 0.9800000
vt 0.9800000 0.9800000
vt 0.9800000 0.7700000
vt 0.7700000 0.7700000
vn 1.0000000 0.0000000 0.0000000
vn 1.0000000 0.0000000 0.0000000
vn 1.0000000 0.0000000 0.0000000
vn 1.0000000 0.0000000 0.0000000
f 2309/2309/2309 2310/2310/2310 2311/2311/2311
f 2309/2309/2309 2311/2311/2311 2312/2312/2312
v -0.4550000 -0.2660000 -0.1400000
v -0.5650000 -0.2660000 -0.1400000
v -0.5650000 -0.2660000 0.0600000
v -0.4550000 -0.2660000 0.0600000
vt 0.9800000 0.9800000
vt 0.7700000 0.9800000
vt 0.7700000 0.7700000
vt 0.9800000 0.7700000
vn 0.0000000 1.0000000 0.0000000
vn 0.0000000 1.0000000 0.0000000
vn 0.0000000 1.0000000 0.0000000
vn 0.0000000 1.0000000 0.0000000
f 2313/2313/2313 2314/2314/2314 2315/2315/2315
f 2313/2313/2313 2315/2315/2315 2316/2316/2316
v -0.5650000 -0.2660000 -0.1400000
v -0.5650000 -0.3140000 -0.1400000
v -0.5650000 -0.3140000 0.0600000
v -0.5650000 -0.2660000 0.0600000
vt 0.9800000 0.9800000
vt 0.7700000 0.9800000
vt 0.7700000 0.7700000
vt 0.9800000 0.7700000
vn -1.0000000 0.0000000 0.0000000
vn -1.0000000 0.0000000 0.0000000
vn -1.0000000 0.0000000 0.0000000
vn -1.0000000 0.0000000 0.0000000
f 2317/2317/2317 2318/2318/2318 2319/2319/2319
f 2317/2317/2317 2319/2319/2319 2320/2320/2320
v -0.5650000 -0.1160000 -0.1400000
v -0.4550000 -0.1160000 -0.1400000
v -0.4550000 -0.1640000 -0.1400000
v -0.5650000 -0.1640000 -0.1400000
vt 0.5200000 0.7700000
vt 0.7300000 0.7700000
vt 0.7300000 0.9800000
vt 0.5200000 0.9800000
vn 0.0000000 0.0000000 -1.0000000
vn 0.0000000 0.0000000 -1.0000000
vn 0.0000000 0.0000000 -1.0000000
vn 0.0000000 0.0000000 -1.0000000
f 2321/2321/2321 2322/2322/2322 2323/2323/2323
f 2321/2321/2321 2323/2323/2323 2324/2324/2324
v -0.5650000 -0.1640000 0.0600000
v -0.4550000 -0.1640000 0.0600000
v -0.4550000 -0.1160000 0.0600000
v -0.5650000 -0.1160000 0.0600000
vt 0.7700000 0.9800000
vt 0.9800000 0.9800000
vt 0.9800000 0.7700000
vt 0.7700000 0.7700000
vn 0.0000000 0.0000000 1.0000000
vn 0.0000000 0.0000000 1.0000000
vn 0.0000000 0.0000000 1.0000000
vn 0.0000000 0.0000000 1.0000000
f 2325/2325/2325 2326/2326/2326 2327/2327/2327
f 2325/2325/2325 2327/2327/2327 2328/2328/2328
v -0.5650000 -0.1640000 -0.1400000
v -0.4550000 -0.1640000 -0.1400000
v -0.4550000 -0.1640000 0.0600000
v -0.5650000 -0.1640000 0.0600000
vt 0.7700000 0.9800000
vt 0.9800000 0.9800000
vt 0.9800000 0.7700000
vt 0.7700000 0.7700000
vn 0.0000000 -1.0000000 0.0000000
vn 0.0000000 -1.0000000 0.0000000
vn 0.0000000 -1.0000000 0.0000000
vn 0.0000000 -1.0000000 0.0000000
f 2329/2329/2329 2330/2330/2330 2331/2331/2331
f 2329/2329/2329 2331/2331/2331 2332/2332/2332
v -0.4550000 -0.1640000 -0.1400000
v -0.4550000 -0.1160000 -0.1400000
v -0.4550000 -0.1160000 0.0600000
v -0.4550000 -0.1640000 0.0600000
vt 0.7700000 0.9800000
vt 0.9800000 0.9800000
vt 0.9800000 0.7700000
vt 0.7700000 0.7700000
vn 1.0000000 0.0000000 0.0000000
vn 1.0000000 0.0000000 0.0000000
vn 1.0000000 0.0000000 0.0000000
vn 1.0000000 0.0000000 0.0000000
f 2333/2333/2333 2334/2334/2334 2335/2335/2335
f 2333/2333/2333 2335/2335/2335 2336/2336/2336
v -0.4550000 -0.1160000 -0.1400000
v -0.5650000 -0.1160000 -0.1400000
v -0.5650000 -0.1160000 0.0600000
v -0.4550000 -0.1160000 0.0600000
vt 0.9800000 0.9800000
vt 0.7700000 0.9800000
vt 0.7700000 0.7700000
vt 0.9800000 0.7700000
vn 0.0000000 1.0000000 0.0000000
vn 0.0000000 1.0000000 0.0000000
vn 0.0000000 1.0000000 0.0000000
vn 0.0000000 1.0000000 0.0000000
f 2337/2337/2337 2338/2338/2338 2339/2339/2339
f 2337/2337/2337 2339/2339/2339 2340/2340/2340
v -0.5650000 -0.1160000 -0.1400000
v -0.5650000 -0.1640000 -0.1400000
v -0.5650000 -0.1640000 0.0600000
v -0.5650000 -0.1160000 0.0600000
vt 0.9800000 0.9800000
vt 0.7700000 0.9800000
vt 0.7700000 0.7700000
vt 0.9800000 0.7700000
vn -1.0000000 0.0000000 0.0000000
vn -1.0000000 0.0000000 0.0000000
vn -1.0000000 0.0000000 0.0000000
vn -1.0000000 0.0000000 0.0000000
f 2341/2341/2341 2342/2342/2342 2343/2343/2343
f 2341/2341/2341 2343/2343/2343 2344/2344/2344
v -0.5650000 0.0340000 -0.1400000
v -0.4550000 0.0340000 -0.1400000
v -0.4550000 -0.0140000 -0.1400000
v -0.5650000 -0.0140000 -0.1400000
vt 0.5200000 0.7700000
vt 0.7300000 0.7700000
vt 0.7300000 0.9800000
vt 0.5200000 0.9800000
vn 0.0000000 0.0000000 -1.0000000
vn 0.0000000 0.0000000 -1.0000000
vn 0.0000000 0.0000000 -1.0000000
vn 0.0000000 0.0000000 -1.0000000
f 2345/2345/2345 2346/2346/2346 2347/2347/2347
f 2345/2345/2345 2347/2347/2347 2348/2348/2348
v -0.5650000 -0.0140000 0.0600000
v -0.4550000 -0.0140000 0.0600000
v -0.4550000 0.0340000 0.0600000
v -0.5650000 0.0340000 0.0600000
vt 0.7700000 0.9800000
vt 0.9800000 0.9800000
vt 0.9800000 0.7700000
vt 0.7700000 0.7700000
vn 0.0000000 0.0000000 1.0000000
vn 0.0000000 0.0000000 1.0000000
vn 0.0000000 0.0000000 1.0000000
vn 0.0000000 0.0000000 1.0000000
f 2349/2349/2349 2350/2350/2350 2351/2351/2351
f 2349/2349/2349 2351/2351/2351 2352/2352/2352
v -0.5650000 -0.0140000 -0.1400000
v -0.4550000 -0.0140000 -0.1400000
v -0.4550000 -0.0140000 0.0600000
v -0.5650000 -0.0140000 0.0600000
vt 0.7700000 0.9800000
vt 0.9800000 0.9800000
vt 0.9800000 0.7700000
vt 0.7700000 0.7700000
vn 0.0000000 -1.0000000 0.0000000
vn 0.0000000 -1.0000000 0.0000000
vn 0.0000000 -1.0000000 0.0000000
vn 0.0000000 -1.0000000 0.0000000
f 2353/2353/2353 2354/2354/2354 2355/2355/2355
f 2353/2353/2353 2355/2355/2355 2356/2356/2356
v -0.4550000 -0.0140000 -0.1400000
v -0.4550000 0.0340000 -0.1400000
v -0.4550000 0.0340000 0.0600000
v -0.4550000 -0.0140000 0.0600000
vt 0.7700000 0.9800000
vt 0.9800000 0.9800000
vt 0.9800000 0.7700000
vt 0.7700000 0.7700000
vn 1.0000000 0.0000000 0.0000000
vn 1.0000000 0.0000000 0.0000000
vn 1.0000000 0.0000000 0.0000000
vn 1.0000000 0.0000000 0.0000000
f 2357/2357/2357 2358/2358/2358 2359/2359/2359
f 2357/2357/2357 2359/2359/2359 2360/2360/2360
v -0.4550000 0.0340000 -0.1400000
v -0.5650000 0.0340000 -0.1400000
v -0.5650000 0.0340000 0.0600000
v -0.4550000 0.0340000 0.0600000
vt 0.9800000 0.9800000
vt 0.7700000 0.9800000
vt 0.7700000 0.7700000
vt 0.9800000 0.7700000
vn 0.0000000 1.0000000 0.0000000
vn 0.0000000 1.0000000 0.0000000
vn 0.0000000 1.0000000 0.0000000
vn 0.0000000 1.0000000 0.0000000
f 2361/2361/2361 2362/2362/2362 2363/2363/2363
f 2361/2361/2361 2363/2363/2363 2364/2364/2364
v -0.5650000 0.0340000 -0.1400000
v -0.5650000 -0.0140000 -0.1400000
v -0.5650000 -0.0140000 0.0600000
v -0.5650000 0.0340000 0.0600000
vt 0.9800000 0.9800000
vt 0.7700000 0.9800000
vt 0.7700000 0.7700000
vt 0.9800000 0.7700000
vn -1.0000000 0.0000000 0.0000000
vn -1.0000000 0.0000000 0.0000000
vn -1.0000000 0.0000000 0.0000000
vn -1.0000000 0.0000000 0.0000000
f 2365/2365/2365 2366/2366/2366 2367/2367/2367
f 2365/2365/2365 2367/2367/2367 2368/2368/2368
v -0.5650000 0.1840000 -0.1400000
v -0.4550000 0.1840000 -0.1400000
v -0.4550000 0.1360000 -0.1400000
v -0.5650000 0.1360000 -0.1400000
vt 0.5200000 0.7700000
vt 0.7300000 0.7700000
vt 0.7300000 0.9800000
vt 0.5200000 0.9800000
vn 0.0000000 0.0000000 -1.0000000
vn 0.0000000 0.0000000 -1.0000000
vn 0.0000000 0.0000000 -1.0000000
vn 0.0000000 0.0000000 -1.0000000
f 2369/2369/2369 2370/2370/2370 2371/2371/2371
f 2369/2369/2369 2371/2371/2371 2372/2372/2372
v -0.5650000 0.1360000 0.0600000
v -0.4550000 0.1360000 0.0600000
v -0.4550000 0.1840000 0.0600000
v -0.5650000 0.1840000 0.0600000
vt 0.7700000 0.9800000
vt 0.9800000 0.9800000
vt 0.9800000 0.7700000
vt 0.7700000 0.7700000
vn 0.0000000 0.0000000 1.0000000
vn 0.0000000 0.0000000 1.0000000
vn 0.0000000 0.0000000 1.0000000
vn 0.0000000 0.0000000 1.0000000
f 2373/2373/2373 2374/2374/2374 2375/2375/2375
f 2373/2373/2373 2375/2375/2375 2376/2376/2376
v -0.5650000 0.1360000 -0.1400000
v -0.4550000 0.1360000 -0.1400000
v -0.4550000 0.1360000 0.0600000
v -0.5650000 0.1360000 0.0600000
vt 0.7700000 0.9800000
vt 0.9800000 0.9800000
vt 0.9800000 0.7700000
vt 0.7700000 0.7700000
vn 0.0000000 -1.0000000 0.0000000
vn 0.0000000 -1.0000000 0.0000000
vn 0.0000000 -1.0000000 0.0000000
vn 0.0000000 -1.0000000 0.0000000
f 2377/2377/2377 2378/2378/2378 2379/2379/2379
f 2377/2377/2377 2379/2379/2379 2380/2380/2380
v -0.4550000 0.1360000 -0.1400000
v -0.4550000 0.1840000 -0.1400000
v -0.4550000 0.1840000 0.0600000
v -0.4550000 0.1360000 0.0600000
vt 0.7700000 0.9800000
vt 0.9800000 0.9800000
vt 0.9800000 0.7700000
vt 0.7700000 0.7700000
vn 1.0000000 0.0000000 0.0000000
vn 1.0000000 0.0000000 0.0000000
vn 1.0000000 0.0000000 0.0000000
vn 1.0000000 0.0000000 0.0000000
f 2381/2381/2381 2382/2382/2382 2383/2383/2383
f 2381/2381/2381 2383/2383/2383 2384/2384/2384
v -0.4550000 0.1840000 -0.1400000
v -0.5650000 0.1840000 -0.1400000
v -0.5650000 0.1840000 0.0600000
v -0.4550000 0.1840000 0.0600000
vt 0.9800000 0.9800000
vt 0.7700000 0.9800000
vt 0.7700000 0.7700000
vt 0.9800000 0.7700000
vn 0.0000000 1.0000000 0.0000000
vn 0.0000000 1.0000000 0.0000000
vn 0.0000000 1.0000000 0.0000000
vn 0.0000000 1.0000000 0.0000000
f 2385/2385/2385 2386/2386/2386 2387/2387/2387
f 2385/2385/2385 2387/2387/2387 2388/2388/2388
v -0.5650000 0.1840000 -0.1400000
v -0.5650000 0.1360000 -0.1400000
v -0.5650000 0.1360000 0.0600000
v -0.5650000 0.1840000 0.0600000
vt 0.9800000 0.9800000
vt 0.7700000 0.9800000
vt 0.7700000 0.7700000
vt 0.9800000 0.7700000
vn -1.0000000 0.0000000 0.0000000
vn -1.0000000 0.0000000 0.0000000
vn -1.0000000 0.0000000 0.0000000
vn -1.0000000 0.0000000 0.0000000
f 2389/2389/2389 2390/2390/2390 2391/2391/2391
f 2389/2389/2389 2391/2391/2391 2392/2392/2392
v 0.4300000 -0.6100000 0.0800000
v 0.4236373 -0.5698278 0.0800000
v 0.4474138 -0.5621024 0.2200000
v 0.4550000 -0.6100000 0.2200000
vt 0.0200000 0.7300000
vt 0.1961290 0.7300000
vt 0.2300000 0.5200000
vt 0.0200000 0.5200000
vn 0.9726755 0.1540567 -0.1736921
vn 0.9726755 0.1540567 -0.1736921
vn 0.9726755 0.1540567 -0.1736921
vn 0.9726755 0.1540567 -0.1736921
f 2393/2393/2393 2394/2394/2394 2395/2395/2395
f 2393/2393/2393 2395/2395/2395 2396/2396/2396
v 0.4236373 -0.5698278 0.0800000
v 0.4051722 -0.5335879 0.0800000
v 0.4253976 -0.5188933 0.2200000
v 0.4474138 -0.5621024 0.2200000
vt 0.0200000 0.7300000
vt 0.0200000 0.5805851
vt 0.2300000 0.5200000
vt 0.2300000 0.6981485
vn 0.8774632 0.4470899 -0.1736921
vn 0.8774632 0.4470899 -0.1736921
vn 0.8774632 0.4470899 -0.1736921
vn 0.8774632 0.4470899 -0.1736921
f 2397/2397/2397 2398/2398/2398 2399/2399/2399
f 2397/2397/2397 2399/2399/2399 2400/2400/2400
v 0.4051722 -0.5335879 0.0800000
v 0.3764121 -0.5048278 0.0800000
v 0.3911067 -0.4846024 0.2200000
v 0.4253976 -0.5188933 0.2200000
vt 0.0200000 0.7300000
vt 0.0200000 0.6067060
vt 0.2300000 0.5200000
vt 0.2300000 0.6670044
vn 0.6963588 0.6963588 -0.1736921
vn 0.6963588 0.6963588 -0.1736921
vn 0.6963588 0.6963588 -0.1736921
vn 0.6963588 0.6963588 -0.1736921
f 2401/2401/2401 2402/2402/2402 2403/2403/2403
f 2401/2401/2401 2403/2403/2403 2404/2404/2404
v 0.3764121 -0.5048278 0.0800000
v 0.3401722 -0.4863627 0.0800000
v 0.3478976 -0.4625862 0.2200000
v 0.3911067 -0.4846024 0.2200000
vt 0.0200000 0.5805851
vt 0.0200000 0.7300000
vt 0.2300000 0.6981485
vt 0.2300000 0.5200000
vn 0.4470899 0.8774632 -0.1736921
vn 0.4470899 0.8774632 -0.1736921
vn 0.4470899 0.8774632 -0.1736921
vn 0.4470899 0.8774632 -0.1736921
f 2405/2405/2405 2406/2406/2406 2407/2407/2407
f 2405/2405/2405 2407/2407/2407 2408/2408/2408
v 0.3401722 -0.4863627 0.0800000
v 0.3000000 -0.4800000 0.0800000
v 0.3000000 -0.4550000 0.2200000
v 0.3478976 -0.4625862 0.2200000
vt 0.1961290 0.7300000
vt 0.0200000 0.7300000
vt 0.0200000 0.5200000
vt 0.2300000 0.5200000
vn 0.1540567 0.9726755 -0.1736921
vn 0.1540567 0.9726755 -0.1736921
vn 0.1540567 0.9726755 -0.1736921
vn 0.1540567 0.9726755 -0.1736921
f 2409/2409/2409 2410/2410/2410 2411/2411/2411
f 2409/2409/2409 2411/2411/2411 2412/2412/2412
v 0.3000000 -0.4800000 0.0800000
v 0.2598278 -0.4863627 0.0800000
v 0.2521024 -0.4625862 0.2200000
v 0.3000000 -0.4550000 0.2200000
vt 0.2300000 0.7300000
vt 0.0538710 0.7300000
vt 0.0200000 0.5200000
vt 0.2300000 0.5200000
vn -0.1540567 0.9726755 -0.1736921
vn -0.1540567 0.9726755 -0.1736921
vn -0.1540567 0.9726755 -0.1736921
vn -0.1540567 0.9726755 -0.1736921
f 2413/2413/2413 2414/2414/2414 2415/2415/2415
f 2413/2413/2413 2415/2415/2415 2416/2416/2416
v 0.2598278 -0.4863627 0.0800000
v 0.2235879 -0.5048278 0.0800000
v 0.2088933 -0.4846024 0.2200000
v 0.2521024 -0.4625862 0.2200000
vt 0.0200000 0.5200000
vt 0.0200000 0.6694149
vt 0.2300000 0.7300000
vt 0.2300000 0.5518515
vn -0.4470899 0.8774632 -0.1736921
vn -0.4470899 0.8774632 -0.1736921
vn -0.4470899 0.8774632 -0.1736921
vn -0.4470899 0.8774632 -0.1736921
f 2417/2417/2417 2418/2418/2418 2419/2419/2419
f 2417/2417/2417 2419/2419/2419 2420/2420/2420
v 0.2235879 -0.5048278 0.0800000
v 0.1948278 -0.5335879 0.0800000
v 0.1746024 -0.5188933 0.2200000
v 0.2088933 -0.4846024 0.2200000
vt 0.0200000 0.5200000
vt 0.0200000 0.6432940
vt 0.2300000 0.7300000
vt 0.2300000 0.5829956
vn -0.6963588 0.6963588 -0.1736921
vn -0.6963588 0.6963588 -0.1736921
vn -0.6963588 0.6963588 -0.1736921
vn -0.6963588 0.6963588 -0.1736921
f 2421/2421/2421 2422/2422/2422 2423/2423/2423
f 2421/2421/2421 2423/2423/2423 2424/2424/2424
v 0.1948278 -0.5335879 0.0800000
v 0.1763627 -0.5698278 0.0800000
v 0.1525862 -0.5621024 0.2200000
v 0.1746024 -0.5188933 0.2200000
vt 0.0200000 0.5805851
vt 0.0200000 0.7300000
vt 0.2300000 0.6981485
vt 0.2300000 0.5200000
vn -0.8774632 0.4470899 -0.1736921
vn -0.8774632 0.4470899 -0.1736921
vn -0.8774632 0.4470899 -0.1736921
vn -0.8774632 0.4470899 -0.1736921
f 2425/2425/2425 2426/2426/2426 2427/2427/2427
f 2425/2425/2425 2427/2427/2427 2428/2428/2428
v 0.1763627 -0.5698278 0.0800000
v 0.1700000 -0.6100000 0.0800000
v 0.1450000 -0.6100000 0.2200000
v 0.1525862 -0.5621024 0.2200000
vt 0.1961290 0.7300000
vt 0.0200000 0.7300000
vt 0.0200000 0.5200000
vt 0.2300000 0.5200000
vn -0.9726755 0.1540567 -0.1736921
vn -0.9726755 0.1540567 -0.1736921
vn -0.9726755 0.1540567 -0.1736921
vn -0.9726755 0.1540567 -0.1736921
f 2429/2429/2429 2430/2430/2430 2431/2431/2431
f 2429/2429/2429 2431/2431/2431 2432/2432/2432
v 0.1700000 -0.6100000 0.0800000
v 0.1763627 -0.6501722 0.0800000
v 0.1525862 -0.6578976 0.2200000
v 0.1450000 -0.6100000 0.2200000
vt 0.2300000 0.7300000
vt 0.0538710 0.7300000
vt 0.0200000 0.5200000
vt 0.2300000 0.5200000
vn -0.9726755 -0.1540567 -0.1736921
vn -0.9726755 -0.1540567 -0.1736921
vn -0.9726755 -0.1540567 -0.1736921
vn -0.9726755 -0.1540567 -0.1736921
f 2433/2433/2433 2434/2434/2434 2435/2435/2435
f 2433/2433/2433 2435/2435/2435 2436/2436/2436
v 0.1763627 -0.6501722 0.0800000
v 0.1948278 -0.6864121 0.0800000
v 0.1746024 -0.7011067 0.2200000
v 0.1525862 -0.6578976 0.2200000
vt 0.0200000 0.5200000
vt 0.0200000 0.6694149
vt 0.2300000 0.7300000
vt 0.2300000 0.5518515
vn -0.8774632 -0.4470899 -0.1736921
vn -0.8774632 -0.4470899 -0.1736921
vn -0.8774632 -0.4470899 -0.1736921
vn -0.8774632 -0.4470899 -0.1736921
f 2437/2437/2437 2438/2438/2438 2439/2439/2439
f 2437/2437/2437 2439/2439/2439 2440/2440/2440
v 0.1948278 -0.6864121 0.0800000
v 0.2235879 -0.7151722 0.0800000
v 0.2088933 -0.7353976 0.2200000
v 0.1746024 -0.7011067 0.2200000
vt 0.0200000 0.5200000
vt 0.0200000 0.6432940
vt 0.2300000 0.7300000
vt 0.2300000 0.5829956
vn -0.6963588 -0.6963588 -0.1736921
vn -0.6963588 -0.6963588 -0.1736921
vn -0.6963588 -0.6963588 -0.1736921
vn -0.6963588 -0.6963588 -0.1736921
f 2441/2441/2441 2442/2442/2442 2443/2443/2443
f 2441/2441/2441 2443/2443/2443 2444/2444/2444
v 0.2235879 -0.7151722 0.0800000
v 0.2598278 -0.7336373 0.0800000
v 0.2521024 -0.7574138 0.2200000
v 0.2088933 -0.7353976 0.2200000
vt 0.0200000 0.6694149
vt 0.0200000 0.5200000
vt 0.2300000 0.5518515
vt 0.2300000 0.7300000
vn -0.4470899 -0.8774632 -0.1736921
vn -0.4470899 -0.8774632 -0.1736921
vn -0.4470899 -0.8774632 -0.1736921
vn -0.4470899 -0.8774632 -0.1736921
f 2445/2445/2445 2446/2446/2446 2447/2447/2447
f 2445/2445/2445 2447/2447/2447 2448/2448/2448
v 0.2598278 -0.7336373 0.0800000
v 0.3000000 -0.7400000 0.0800000
v 0.3000000 -0.7650000 0.2200000
v 0.2521024 -0.7574138 0.2200000
vt 0.0538710 0.7300000
vt 0.2300000 0.7300000
vt 0.2300000 0.5200000
vt 0.0200000 0.5200000
vn -0.1540567 -0.9726755 -0.1736921
vn -0.1540567 -0.9726755 -0.1736921
vn -0.1540567 -0.9726755 -0.1736921
vn -0.1540567 -0.9726755 -0.1736921
f 2449/2449/2449 2450/2450/2450 2451/2451/2451
f 2449/2449/2449 2451/2451/2451 2452/2452/2452
v 0.3000000 -0.7400000 0.0800000
v 0.3401722 -0.7336373 0.0800000
v 0.3478976 -0.7574138 0.2200000
v 0.3000000 -0.7650000 0.2200000
vt 0.0200000 0.7300000
vt 0.1961290 0.7300000
vt 0.2300000 0.5200000
vt 0.0200000 0.5200000
vn 0.1540567 -0.9726755 -0.1736921
vn 0.1540567 -0.9726755 -0.1736921
vn 0.1540567 -0.9726755 -0.1736921
vn 0.1540567 -0.9726755 -0.1736921
f 2453/2453/2453 2454/2454/2454 2455/2455/2455
f 2453/2453/2453 2455/2455/2455 2456/2456/2456
v 0.3401722 -0.7336373 0.0800000
v 0.3764121 -0.7151722 0.0800000
v 0.3911067 -0.7353976 0.2200000
v 0.3478976 -0.7574138 0.2200000
vt 0.0200000 0.7300000
vt 0.0200000 0.5805851
vt 0.2300000 0.5200000
vt 0.2300000 0.6981485
vn 0.4470899 -0.8774632 -0.1736921
vn 0.4470899 -0.8774632 -0.1736921
vn 0.4470899 -0.8774632 -0.1736921
vn 0.4470899 -0.8774632 -0.1736921
f 2457/2457/2457 2458/2458/2458 2459/2459/2459
f 2457/2457/2457 2459/2459/2459 2460/2460/2460
v 0.3764121 -0.7151722 0.0800000
v 0.4051722 -0.6864121 0.0800000
v 0.4253976 -0.7011067 0.2200000
v 0.3911067 -0.7353976 0.2200000
vt 0.0200000 0.7300000
vt 0.0200000 0.6067060
vt 0.2300000 0.5200000
vt 0.2300000 0.6670044
vn 0.6963588 -0.6963588 -0.1736921
vn 0.6963588 -0.6963588 -0.1736921
vn 0.6963588 -0.6963588 -0.1736921
vn 0.6963588 -0.6963588 -0.1736921
f 2461/2461/2461 2462/2462/2462 2463/2463/2463
f 2461/2461/2461 2463/2463/2463 2464/2464/2464
v 0.4051722 -0.6864121 0.0800000
v 0.4236373 -0.6501722 0.0800000
v 0.4474138 -0.6578976 0.2200000
v 0.4253976 -0.7011067 0.2200000
vt 0.0200000 0.6694149
vt 0.0200000 0.5200000
vt 0.2300000 0.5518515
vt 0.2300000 0.7300000
vn 0.8774632 -0.4470899 -0.1736921
vn 0.8774632 -0.4470899 -0.1736921
vn 0.8774632 -0.4470899 -0.1736921
vn 0.8774632 -0.4470899 -0.1736921
f 2465/2465/2465 2466/2466/2466 2467/2467/2467
f 2465/2465/2465 2467/2467/2467 2468/2468/2468
v 0.4236373 -0.6501722 0.0800000
v 0.4300000 -0.6100000 0.0800000
v 0.4550000 -0.6100000 0.2200000
v 0.4474138 -0.6578976 0.2200000
vt 0.0538710 0.7300000
vt 0.2300000 0.7300000
vt 0.2300000 0.5200000
vt 0.0200000 0.5200000
vn 0.9726755 -0.1540567 -0.1736921
vn 0.9726755 -0.1540567 -0.1736921
vn 0.9726755 -0.1540567 -0.1736921
vn 0.9726755 -0.1540567 -0.1736921
f 2469/2469/2469 2470/2470/2470 2471/2471/2471
f 2469/2469/2469 2471/2471/2471 2472/2472/2472
v 0.4550000 -0.6100000 0.2200000
v 0.4474138 -0.5621024 0.2200000
v 0.4474138 -0.5621024 0.3000000
v 0.4550000 -0.6100000 0.3000000
vt 0.0200000 0.7300000
vt 0.0200000 0.5200000
vt 0.2300000 0.5200000
vt 0.2300000 0.7300000
vn 0.9876883 0.1564345 0.0000000
vn 0.9876883 0.1564345 0.0000000
vn 0.9876883 0.1564345 0.0000000
vn 0.9876883 0.1564345 0.0000000
f 2473/2473/2473 2474/2474/2474 2475/2475/2475
f 2473/2473/2473 2475/2475/2475 2476/2476/2476
v 0.4474138 -0.5621024 0.2200000
v 0.4253976 -0.5188933 0.2200000
v 0.4253976 -0.5188933 0.3000000
v 0.4474138 -0.5621024 0.3000000
vt 0.0200000 0.7300000
vt 0.0200000 0.5200000
vt 0.2300000 0.5200000
vt 0.2300000 0.7300000
vn 0.8910065 0.4539905 0.0000000
vn 0.8910065 0.4539905 0.0000000
vn 0.8910065 0.4539905 0.0000000
vn 0.8910065 0.4539905 0.0000000
f 2477/2477/2477 2478/2478/2478 2479/2479/2479
f 2477/2477/2477 2479/2479/2479 2480/2480/2480
v 0.4253976 -0.5188933 0.2200000
v 0.3911067 -0.4846024 0.2200000
v 0.3911067 -0.4846024 0.3000000
v 0.4253976 -0.5188933 0.3000000
vt 0.0200000 0.7300000
vt 0.0200000 0.5200000
vt 0.2300000 0.5200000
vt 0.2300000 0.7300000
vn 0.7071068 0.7071068 0.0000000
vn 0.7071068 0.7071068 0.0000000
vn 0.7071068 0.7071068 0.0000000
vn 0.7071068 0.7071068 0.0000000
f 2481/2481/2481 2482/2482/2482 2483/2483/2483
f 2481/2481/2481 2483/2483/2483 2484/2484/2484
v 0.3911067 -0.4846024 0.2200000
v 0.3478976 -0.4625862 0.2200000
v 0.3478976 -0.4625862 0.3000000
v 0.3911067 -0.4846024 0.3000000
vt 0.0200000 0.5200000
vt 0.0200000 0.7300000
vt 0.2300000 0.7300000
vt 0.2300000 0.5200000
vn 0.4539905 0.8910065 0.0000000
vn 0.4539905 0.8910065 0.0000000
vn 0.4539905 0.8910065 0.0000000
vn 0.4539905 0.8910065 0.0000000
f 2485/2485/2485 2486/2486/2486 2487/2487/2487
f 2485/2485/2485 2487/2487/2487 2488/2488/2488
v 0.3478976 -0.4625862 0.2200000
v 0.3000000 -0.4550000 0.2200000
v 0.3000000 -0.4550000 0.3000000
v 0.3478976 -0.4625862 0.3000000
vt 0.0200000 0.5200000
vt 0.0200000 0.7300000
vt 0.2300000 0.7300000
vt 0.2300000 0.5200000
vn 0.1564345 0.9876883 0.0000000
vn 0.1564345 0.9876883 0.0000000
vn 0.1564345 0.9876883 0.0000000
vn 0.1564345 0.9876883 0.0000000
f 2489/2489/2489 2490/2490/2490 2491/2491/2491
f 2489/2489/2489 2491/2491/2491 2492/2492/2492
v 0.3000000 -0.4550000 0.2200000
v 0.2521024 -0.4625862 0.2200000
v 0.2521024 -0.4625862 0.3000000
v 0.3000000 -0.4550000 0.3000000
vt 0.0200000 0.5200000
vt 0.0200000 0.7300000
vt 0.2300000 0.7300000
vt 0.2300000 0.5200000
vn -0.1564345 0.9876883 0.0000000
vn -0.1564345 0.9876883 0.0000000
vn -0.1564345 0.9876883 0.0000000
vn -0.1564345 0.9876883 0.0000000
f 2493/2493/2493 2494/2494/2494 2495/2495/2495
f 2493/2493/2493 2495/2495/2495 2496/2496/2496
v 0.2521024 -0.4625862 0.2200000
v 0.2088933 -0.4846024 0.2200000
v 0.2088933 -0.4846024 0.3000000
v 0.2521024 -0.4625862 0.3000000
vt 0.0200000 0.5200000
vt 0.0200000 0.7300000
vt 0.2300000 0.7300000
vt 0.2300000 0.5200000
vn -0.4539905 0.8910065 0.0000000
vn -0.4539905 0.8910065 0.0000000
vn -0.4539905 0.8910065 0.0000000
vn -0.4539905 0.8910065 0.0000000
f 2497/2497/2497 2498/2498/2498 2499/2499/2499
f 2497/2497/2497 2499/2499/2499 2500/2500/2500
v 0.2088933 -0.4846024 0.2200000
v 0.1746024 -0.5188933 0.2200000
v 0.1746024 -0.5188933 0.3000000
v 0.2088933 -0.4846024 0.3000000
vt 0.0200000 0.5200000
vt 0.0200000 0.7300000
vt 0.2300000 0.7300000
vt 0.2300000 0.5200000
vn -0.7071068 0.7071068 0.0000000
vn -0.7071068 0.7071068 0.0000000
vn -0.7071068 0.7071068 0.0000000
vn -0.7071068 0.7071068 0.0000000
f 2501/2501/2501 2502/2502/2502 2503/2503/2503
f 2501/2501/2501 2503/2503/2503 2504/2504/2504
v 0.1746024 -0.5188933 0.2200000
v 0.1525862 -0.5621024 0.2200000
v 0.1525862 -0.5621024 0.3000000
v 0.1746024 -0.5188933 0.3000000
vt 0.0200000 0.5200000
vt 0.0200000 0.7300000
vt 0.2300000 0.7300000
vt 0.2300000 0.5200000
vn -0.8910065 0.4539905 0.0000000
vn -0.8910065 0.4539905 0.0000000
vn -0.8910065 0.4539905 0.0000000
vn -0.8910065 0.4539905 0.0000000
f 2505/2505/2505 2506/2506/2506 2507/2507/2507
f 2505/2505/2505 2507/2507/2507 2508/2508/2508
v 0.1525862 -0.5621024 0.2200000
v 0.1450000 -0.6100000 0.2200000
v 0.1450000 -0.6100000 0.3000000
v 0.1525862 -0.5621024 0.3000000
vt 0.0200000 0.5200000
vt 0.0200000 0.7300000
vt 0.2300000 0.7300000
vt 0.2300000 0.5200000
vn -0.9876883 0.1564345 0.0000000
vn -0.9876883 0.1564345 0.0000000
vn -0.9876883 0.1564345 0.0000000
vn -0.9876883 0.1564345 0.0000000
f 2509/2509/2509 2510/2510/2510 2511/2511/2511
f 2509/2509/2509 2511/2511/2511 2512/2512/2512
v 0.1450000 -0.6100000 0.2200000
v 0.1525862 -0.6578976 0.2200000
v 0.1525862 -0.6578976 0.3000000
v 0.1450000 -0.6100000 0.3000000
vt 0.0200000 0.5200000
vt 0.0200000 0.7300000
vt 0.2300000 0.7300000
vt 0.2300000 0.5200000
vn -0.9876883 -0.1564345 0.0000000
vn -0.9876883 -0.1564345 0.0000000
vn -0.9876883 -0.1564345 0.0000000
vn -0.9876883 -0.1564345 0.0000000
f 2513/2513/2513 2514/2514/2514 2515/2515/2515
f 2513/2513/2513 2515/2515/2515 2516/2516/2516
v 0.1525862 -0.6578976 0.2200000
v 0.1746024 -0.7011067 0.2200000
v 0.1746024 -0.7011067 0.3000000
v 0.1525862 -0.6578976 0.3000000
vt 0.0200000 0.5200000
vt 0.0200000 0.7300000
vt 0.2300000 0.7300000
vt 0.2300000 0.5200000
vn -0.8910065 -0.4539905 0.0000000
vn -0.8910065 -0.4539905 0.0000000
vn -0.8910065 -0.4539905 0.0000000
vn -0.8910065 -0.4539905 0.0000000
f 2517/2517/2517 2518/2518/2518 2519/2519/2519
f 2517/2517/2517 2519/2519/2519 2520/2520/2520
v 0.1746024 -0.7011067 0.2200000
v 0.2088933 -0.7353976 0.2200000
v 0.2088933 -0.7353976 0.3000000
v 0.1746024 -0.7011067 0.3000000
vt 0.0200000 0.7300000
vt 0.0200000 0.5200000
vt 0.2300000 0.5200000
vt 0.2300000 0.7300000
vn -0.7071068 -0.7071068 0.0000000
vn -0.7071068 -0.7071068 0.0000000
vn -0.7071068 -0.7071068 0.0000000
vn -0.7071068 -0.7071068 0.0000000
f 2521/2521/2521 2522/2522/2522 2523/2523/2523
f 2521/2521/2521 2523/2523/2523 2524/2524/2524
v 0.2088933 -0.7353976 0.2200000
v 0.2521024 -0.7574138 0.2200000
v 0.2521024 -0.7574138 0.3000000
v 0.2088933 -0.7353976 0.3000000
vt 0.0200000 0.7300000
vt 0.0200000 0.5200000
vt 0.2300000 0.5200000
vt 0.2300000 0.7300000
vn -0.4539905 -0.8910065 0.0000000
vn -0.4539905 -0.8910065 0.0000000
vn -0.4539905 -0.8910065 0.0000000
vn -0.4539905 -0.8910065 0.0000000
f 2525/2525/2525 2526/2526/2526 2527/2527/2527
f 2525/2525/2525 2527/2527/2527 2528/2528/2528
v 0.2521024 -0.7574138 0.2200000
v 0.3000000 -0.7650000 0.2200000
v 0.3000000 -0.7650000 0.3000000
v 0.2521024 -0.7574138 0.3000000
vt 0.0200000 0.7300000
vt 0.0200000 0.5200000
vt 0.2300000 0.5200000
vt 0.2300000 0.7300000
vn -0.1564345 -0.9876883 0.0000000
vn -0.1564345 -0.9876883 0.0000000
vn -0.1564345 -0.9876883 0.0000000
vn -0.1564345 -0.9876883 0.0000000
f 2529/2529/2529 2530/2530/2530 2531/2531/2531
f 2529/2529/2529 2531/2531/2531 2532/2532/2532
v 0.3000000 -0.7650000 0.2200000
v 0.3478976 -0.7574138 0.2200000
v 0.3478976 -0.7574138 0.3000000
v 0.3000000 -0.7650000 0.3000000
vt 0.0200000 0.7300000
vt 0.0200000 0.5200000
vt 0.2300000 0.5200000
vt 0.2300000 0.7300000
vn 0.1564345 -0.9876883 0.0000000
vn 0.1564345 -0.9876883 0.0000000
vn 0.1564345 -0.9876883 0.0000000
vn 0.1564345 -0.9876883 0.0000000
f 2533/2533/2533 2534/2534/2534 2535/2535/2535
f 2533/2533/2533 2535/2535/2535 2536/2536/2536
v 0.3478976 -0.7574138 0.2200000
v 0.3911067 -0.7353976 0.2200000
v 0.3911067 -0.7353976 0.3000000
v 0.3478976 -0.7574138 0.3000000
vt 0.0200000 0.7300000
vt 0.0200000 0.5200000
vt 0.2300000 0.5200000
vt 0.2300000 0.7300000
vn 0.4539905 -0.8910065 0.0000000
vn 0.4539905 -0.8910065 0.0000000
vn 0.4539905 -0.8910065 0.0000000
vn 0.4539905 -0.8910065 0.0000000
f 2537/2537/2537 2538/2538/2538 2539/2539/2539
f 2537/2537/2537 2539/2539/2539 2540/2540/2540
v 0.3911067 -0.7353976 0.2200000
v 0.4253976 -0.7011067 0.2200000
v 0.4253976 -0.7011067 0.3000000
v 0.3911067 -0.7353976 0.3000000
vt 0.0200000 0.7300000
vt 0.0200000 0.5200000
vt 0.2300000 0.5200000
vt 0.2300000 0.7300000
vn 0.7071068 -0.7071068 0.0000000
vn 0.7071068 -0.7071068 0.0000000
vn 0.7071068 -0.7071068 0.0000000
vn 0.7071068 -0.7071068 0.0000000
f 2541/2541/2541 2542/2542/2542 2543/2543/2543
f 2541/2541/2541 2543/2543/2543 2544/2544/2544
v 0.4253976 -0.7011067 0.2200000
v 0.4474138 -0.6578976 0.2200000
v 0.4474138 -0.6578976 0.3000000
v 0.4253976 -0.7011067 0.3000000
vt 0.0200000 0.7300000
vt 0.0200000 0.5200000
vt 0.2300000 0.5200000
vt 0.2300000 0.7300000
vn 0.8910065 -0.4539905 0.0000000
vn 0.8910065 -0.4539905 0.0000000
vn 0.8910065 -0.4539905 0.0000000
vn 0.8910065 -0.4539905 0.0000000
f 2545/2545/2545 2546/2546/2546 2547/2547/2547
f 2545/2545/2545 2547/2547/2547 2548/2548/2548
v 0.4474138 -0.6578976 0.2200000
v 0.4550000 -0.6100000 0.2200000
v 0.4550000 -0.6100000 0.3000000
v 0.4474138 -0.6578976 0.3000000
vt 0.0200000 0.7300000
vt 0.0200000 0.5200000
vt 0.2300000 0.5200000
vt 0.2300000 0.7300000
vn 0.9876883 -0.1564345 0.0000000
vn 0.9876883 -0.1564345 0.0000000
vn 0.9876883 -0.1564345 0.0000000
vn 0.9876883 -0.1564345 0.0000000
f 2549/2549/2549 2550/2550/2550 2551/2551/2551
f 2549/2549/2549 2551/2551/2551 2552/2552/2552
v 0.4550000 -0.6100000 0.3000000
v 0.4474138 -0.5621024 0.3000000
v 0.4093715 -0.5744630 0.6300000
v 0.4150000 -0.6100000 0.6300000
vt 0.0200000 0.7300000
vt 0.0200000 0.5200000
vt 0.2300000 0.5741935
vt 0.2300000 0.7300000
vn 0.9806853 0.1553253 0.1188710
vn 0.9806853 0.1553253 0.1188710
vn 0.9806853 0.1553253 0.1188710
vn 0.9806853 0.1553253 0.1188710
f 2553/2553/2553 2554/2554/2554 2555/2555/2555
f 2553/2553/2553 2555/2555/2555 2556/2556/2556
v 0.4474138 -0.5621024 0.3000000
v 0.4253976 -0.5188933 0.3000000
v 0.3930370 -0.5424047 0.6300000
v 0.4093715 -0.5744630 0.6300000
vt 0.0200000 0.6832886
vt 0.0200000 0.5200000
vt 0.2300000 0.6088504
vt 0.2300000 0.7300000
vn 0.8846890 0.4507716 0.1188710
vn 0.8846890 0.4507716 0.1188710
vn 0.8846890 0.4507716 0.1188710
vn 0.8846890 0.4507716 0.1188710
f 2557/2557/2557 2558/2558/2558 2559/2559/2559
f 2557/2557/2557 2559/2559/2559 2560/2560/2560
v 0.4253976 -0.5188933 0.3000000
v 0.3911067 -0.4846024 0.3000000
v 0.3675953 -0.5169630 0.6300000
v 0.3930370 -0.5424047 0.6300000
vt 0.0200000 0.6445814
vt 0.0200000 0.5200000
vt 0.2300000 0.6375687
vt 0.2300000 0.7300000
vn 0.7020932 0.7020932 0.1188710
vn 0.7020932 0.7020932 0.1188710
vn 0.7020932 0.7020932 0.1188710
vn 0.7020932 0.7020932 0.1188710
f 2561/2561/2561 2562/2562/2562 2563/2563/2563
f 2561/2561/2561 2563/2563/2563 2564/2564/2564
v 0.3911067 -0.4846024 0.3000000
v 0.3478976 -0.4625862 0.3000000
v 0.3355370 -0.5006285 0.6300000
v 0.3675953 -0.5169630 0.6300000
vt 0.0200000 0.5200000
vt 0.0200000 0.6832886
vt 0.2300000 0.7300000
vt 0.2300000 0.6088504
vn 0.4507716 0.8846890 0.1188710
vn 0.4507716 0.8846890 0.1188710
vn 0.4507716 0.8846890 0.1188710
vn 0.4507716 0.8846890 0.1188710
f 2565/2565/2565 2566/2566/2566 2567/2567/2567
f 2565/2565/2565 2567/2567/2567 2568/2568/2568
v 0.3478976 -0.4625862 0.3000000
v 0.3000000 -0.4550000 0.3000000
v 0.3000000 -0.4950000 0.6300000
v 0.3355370 -0.5006285 0.6300000
vt 0.0200000 0.5200000
vt 0.0200000 0.7300000
vt 0.2300000 0.7300000
vt 0.2300000 0.5741935
vn 0.1553253 0.9806853 0.1188710
vn 0.1553253 0.9806853 0.1188710
vn 0.1553253 0.9806853 0.1188710
vn 0.1553253 0.9806853 0.1188710
f 2569/2569/2569 2570/2570/2570 2571/2571/2571
f 2569/2569/2569 2571/2571/2571 2572/2572/2572
v 0.3000000 -0.4550000 0.3000000
v 0.2521024 -0.4625862 0.3000000
v 0.2644630 -0.5006285 0.6300000
v 0.3000000 -0.4950000 0.6300000
vt 0.0200000 0.5200000
vt 0.0200000 0.7300000
vt 0.2300000 0.6758065
vt 0.2300000 0.5200000
vn -0.1553253 0.9806853 0.1188710
vn -0.1553253 0.9806853 0.1188710
vn -0.1553253 0.9806853 0.1188710
vn -0.1553253 0.9806853 0.1188710
f 2573/2573/2573 2574/2574/2574 2575/2575/2575
f 2573/2573/2573 2575/2575/2575 2576/2576/2576
v 0.2521024 -0.4625862 0.3000000
v 0.2088933 -0.4846024 0.3000000
v 0.2324047 -0.5169630 0.6300000
v 0.2644630 -0.5006285 0.6300000
vt 0.0200000 0.5667114
vt 0.0200000 0.7300000
vt 0.2300000 0.6411496
vt 0.2300000 0.5200000
vn -0.4507716 0.8846890 0.1188710
vn -0.4507716 0.8846890 0.1188710
vn -0.4507716 0.8846890 0.1188710
vn -0.4507716 0.8846890 0.1188710
f 2577/2577/2577 2578/2578/2578 2579/2579/2579
f 2577/2577/2577 2579/2579/2579 2580/2580/2580
v 0.2088933 -0.4846024 0.3000000
v 0.1746024 -0.5188933 0.3000000
v 0.2069630 -0.5424047 0.6300000
v 0.2324047 -0.5169630 0.6300000
vt 0.0200000 0.5200000
vt 0.0200000 0.6445814
vt 0.2300000 0.7300000
vt 0.2300000 0.6375687
vn -0.7020932 0.7020932 0.1188710
vn -0.7020932 0.7020932 0.1188710
vn -0.7020932 0.7020932 0.1188710
vn -0.7020932 0.7020932 0.1188710
f 2581/2581/2581 2582/2582/2582 2583/2583/2583
f 2581/2581/2581 2583/2583/2583 2584/2584/2584
v 0.1746024 -0.5188933 0.3000000
v 0.1525862 -0.5621024 0.3000000
v 0.1906285 -0.5744630 0.6300000
v 0.2069630 -0.5424047 0.6300000
vt 0.0200000 0.5200000
vt 0.0200000 0.6832886
vt 0.2300000 0.7300000
vt 0.2300000 0.6088504
vn -0.8846890 0.4507716 0.1188710
vn -0.8846890 0.4507716 0.1188710
vn -0.8846890 0.4507716 0.1188710
vn -0.8846890 0.4507716 0.1188710
f 2585/2585/2585 2586/2586/2586 2587/2587/2587
f 2585/2585/2585 2587/2587/2587 2588/2588/2588
v 0.1525862 -0.5621024 0.3000000
v 0.1450000 -0.6100000 0.3000000
v 0.1850000 -0.6100000 0.6300000
v 0.1906285 -0.5744630 0.6300000
vt 0.0200000 0.5200000
vt 0.0200000 0.7300000
vt 0.2300000 0.7300000
vt 0.2300000 0.5741935
vn -0.9806853 0.1553253 0.1188710
vn -0.9806853 0.1553253 0.1188710
vn -0.9806853 0.1553253 0.1188710
vn -0.9806853 0.1553253 0.1188710
f 2589/2589/2589 2590/2590/2590 2591/2591/2591
f 2589/2589/2589 2591/2591/2591 2592/2592/2592
v 0.1450000 -0.6100000 0.3000000
v 0.1525862 -0.6578976 0.3000000
v 0.1906285 -0.6455370 0.6300000
v 0.1850000 -0.6100000 0.6300000
vt 0.0200000 0.5200000
vt 0.0200000 0.7300000
vt 0.2300000 0.6758065
vt 0.2300000 0.5200000
vn -0.9806853 -0.1553253 0.1188710
vn -0.9806853 -0.1553253 0.1188710
vn -0.9806853 -0.1553253 0.1188710
vn -0.9806853 -0.1553253 0.1188710
f 2593/2593/2593 2594/2594/2594 2595/2595/2595
f 2593/2593/2593 2595/2595/2595 2596/2596/2596
v 0.1525862 -0.6578976 0.3000000
v 0.1746024 -0.7011067 0.3000000
v 0.2069630 -0.6775953 0.6300000
v 0.1906285 -0.6455370 0.6300000
vt 0.0200000 0.5667114
vt 0.0200000 0.7300000
vt 0.2300000 0.6411496
vt 0.2300000 0.5200000
vn -0.8846890 -0.4507716 0.1188710
vn -0.8846890 -0.4507716 0.1188710
vn -0.8846890 -0.4507716 0.1188710
vn -0.8846890 -0.4507716 0.1188710
f 2597/2597/2597 2598/2598/2598 2599/2599/2599
f 2597/2597/2597 2599/2599/2599 2600/2600/2600
v 0.1746024 -0.7011067 0.3000000
v 0.2088933 -0.7353976 0.3000000
v 0.2324047 -0.7030370 0.6300000
v 0.2069630 -0.6775953 0.6300000
vt 0.0200000 0.7300000
vt 0.0200000 0.6054186
vt 0.2300000 0.5200000
vt 0.2300000 0.6124313
vn -0.7020932 -0.7020932 0.1188710
vn -0.7020932 -0.7020932 0.1188710
vn -0.7020932 -0.7020932 0.1188710
vn -0.7020932 -0.7020932 0.1188710
f 2601/2601/2601 2602/2602/2602 2603/2603/2603
f 2601/2601/2601 2603/2603/2603 2604/2604/2604
v 0.2088933 -0.7353976 0.3000000
v 0.2521024 -0.7574138 0.3000000
v 0.2644630 -0.7193715 0.6300000
v 0.2324047 -0.7030370 0.6300000
vt 0.0200000 0.7300000
vt 0.0200000 0.5667114
vt 0.2300000 0.5200000
vt 0.2300000 0.6411496
vn -0.4507716 -0.8846890 0.1188710
vn -0.4507716 -0.8846890 0.1188710
vn -0.4507716 -0.8846890 0.1188710
vn -0.4507716 -0.8846890 0.1188710
f 2605/2605/2605 2606/2606/2606 2607/2607/2607
f 2605/2605/2605 2607/2607/2607 2608/2608/2608
v 0.2521024 -0.7574138 0.3000000
v 0.3000000 -0.7650000 0.3000000
v 0.3000000 -0.7250000 0.6300000
v 0.2644630 -0.7193715 0.6300000
vt 0.0200000 0.7300000
vt 0.0200000 0.5200000
vt 0.2300000 0.5200000
vt 0.2300000 0.6758065
vn -0.1553253 -0.9806853 0.1188710
vn -0.1553253 -0.9806853 0.1188710
vn -0.1553253 -0.9806853 0.1188710
vn -0.1553253 -0.9806853 0.1188710
f 2609/2609/2609 2610/2610/2610 2611/2611/2611
f 2609/2609/2609 2611/2611/2611 2612/2612/2612
v 0.3000000 -0.7650000 0.3000000
v 0.3478976 -0.7574138 0.3000000
v 0.3355370 -0.7193715 0.6300000
v 0.3000000 -0.7250000 0.6300000
vt 0.0200000 0.7300000
vt 0.0200000 0.5200000
vt 0.2300000 0.5741935
vt 0.2300000 0.7300000
vn 0.1553253 -0.9806853 0.1188710
vn 0.1553253 -0.9806853 0.1188710
vn 0.1553253 -0.9806853 0.1188710
vn 0.1553253 -0.9806853 0.1188710
f 2613/2613/2613 2614/2614/2614 2615/2615/2615
f 2613/2613/2613 2615/2615/2615 2616/2616/2616
v 0.3478976 -0.7574138 0.3000000
v 0.3911067 -0.7353976 0.3000000
v 0.3675953 -0.7030370 0.6300000
v 0.3355370 -0.7193715 0.6300000
vt 0.0200000 0.6832886
vt 0.0200000 0.5200000
vt 0.2300000 0.6088504
vt 0.2300000 0.7300000
vn 0.4507716 -0.8846890 0.1188710
vn 0.4507716 -0.8846890 0.1188710
vn 0.4507716 -0.8846890 0.1188710
vn 0.4507716 -0.8846890 0.1188710
f 2617/2617/2617 2618/2618/2618 2619/2619/2619
f 2617/2617/2617 2619/2619/2619 2620/2620/2620
v 0.3911067 -0.7353976 0.3000000
v 0.4253976 -0.7011067 0.3000000
v 0.3930370 -0.6775953 0.6300000
v 0.3675953 -0.7030370 0.6300000
vt 0.0200000 0.6445814
vt 0.0200000 0.5200000
vt 0.2300000 0.6375687
vt 0.2300000 0.7300000
vn 0.7020932 -0.7020932 0.1188710
vn 0.7020932 -0.7020932 0.1188710
vn 0.7020932 -0.7020932 0.1188710
vn 0.7020932 -0.7020932 0.1188710
f 2621/2621/2621 2622/2622/2622 2623/2623/2623
f 2621/2621/2621 2623/2623/2623 2624/2624/2624
v 0.4253976 -0.7011067 0.3000000
v 0.4474138 -0.6578976 0.3000000
v 0.4093715 -0.6455370 0.6300000
v 0.3930370 -0.6775953 0.6300000
vt 0.0200000 0.7300000
vt 0.0200000 0.5667114
vt 0.2300000 0.5200000
vt 0.2300000 0.6411496
vn 0.8846890 -0.4507716 0.1188710
vn 0.8846890 -0.4507716 0.1188710
vn 0.8846890 -0.4507716 0.1188710
vn 0.8846890 -0.4507716 0.1188710
f 2625/2625/2625 2626/2626/2626 2627/2627/2627
f 2625/2625/2625 2627/2627/2627 2628/2628/2628
v 0.4474138 -0.6578976 0.3000000
v 0.4550000 -0.6100000 0.3000000
v 0.4150000 -0.6100000 0.6300000
v 0.4093715 -0.6455370 0.6300000
vt 0.0200000 0.7300000
vt 0.0200000 0.5200000
vt 0.2300000 0.5200000
vt 0.2300000 0.6758065
vn 0.9806853 -0.1553253 0.1188710
vn 0.9806853 -0.1553253 0.1188710
vn 0.9806853 -0.1553253 0.1188710
vn 0.9806853 -0.1553253 0.1188710
f 2629/2629/2629 2630/2630/2630 2631/2631/2631
f 2629/2629/2629 2631/2631/2631 2632/2632/2632
v 0.4150000 -0.6100000 0.6300000
v 0.4093715 -0.5744630 0.6300000
v 0.4379032 -0.5651925 0.6800000
v 0.4450000 -0.6100000 0.6800000
vt 0.0200000 0.7300000
vt 0.1865517 0.7300000
vt 0.2300000 0.5200000
vt 0.0200000 0.5200000
vn 0.8496923 0.1345780 -0.5098154
vn 0.8496923 0.1345780 -0.5098154
vn 0.8496923 0.1345780 -0.5098154
vn 0.8496923 0.1345780 -0.5098154
f 2633/2633/2633 2634/2634/2634 2635/2635/2635
f 2633/2633/2633 2635/2635/2635 2636/2636/2636
v 0.4093715 -0.5744630 0.6300000
v 0.3930370 -0.5424047 0.6300000
v 0.4173075 -0.5247711 0.6800000
v 0.4379032 -0.5651925 0.6800000
vt 0.0200000 0.7300000
vt 0.1554799 0.7300000
vt 0.2300000 0.5200000
vt 0.0591775 0.5200000
vn 0.7665185 0.3905607 -0.5098154
vn 0.7665185 0.3905607 -0.5098154
vn 0.7665185 0.3905607 -0.5098154
vn 0.7665185 0.3905607 -0.5098154
f 2637/2637/2637 2638/2638/2638 2639/2639/2639
f 2637/2637/2637 2639/2639/2639 2640/2640/2640
v 0.3930370 -0.5424047 0.6300000
v 0.3675953 -0.5169630 0.6300000
v 0.3852289 -0.4926925 0.6800000
v 0.4173075 -0.5247711 0.6800000
vt 0.0200000 0.6225264
vt 0.0200000 0.7300000
vt 0.2300000 0.6555102
vt 0.2300000 0.5200000
vn 0.6083125 0.6083125 -0.5098154
vn 0.6083125 0.6083125 -0.5098154
vn 0.6083125 0.6083125 -0.5098154
vn 0.6083125 0.6083125 -0.5098154
f 2641/2641/2641 2642/2642/2642 2643/2643/2643
f 2641/2641/2641 2643/2643/2643 2644/2644/2644
v 0.3675953 -0.5169630 0.6300000
v 0.3355370 -0.5006285 0.6300000
v 0.3448075 -0.4720968 0.6800000
v 0.3852289 -0.4926925 0.6800000
vt 0.1554799 0.7300000
vt 0.0200000 0.7300000
vt 0.0591775 0.5200000
vt 0.2300000 0.5200000
vn 0.3905607 0.7665185 -0.5098154
vn 0.3905607 0.7665185 -0.5098154
vn 0.3905607 0.7665185 -0.5098154
vn 0.3905607 0.7665185 -0.5098154
f 2645/2645/2645 2646/2646/2646 2647/2647/2647
f 2645/2645/2645 2647/2647/2647 2648/2648/2648
v 0.3355370 -0.5006285 0.6300000
v 0.3000000 -0.4950000 0.6300000
v 0.3000000 -0.4650000 0.6800000
v 0.3448075 -0.4720968 0.6800000
vt 0.1865517 0.7300000
vt 0.0200000 0.7300000
vt 0.0200000 0.5200000
vt 0.2300000 0.5200000
vn 0.1345780 0.8496923 -0.5098154
vn 0.1345780 0.8496923 -0.5098154
vn 0.1345780 0.8496923 -0.5098154
vn 0.1345780 0.8496923 -0.5098154
f 2649/2649/2649 2650/2650/2650 2651/2651/2651
f 2649/2649/2649 2651/2651/2651 2652/2652/2652
v 0.3000000 -0.4950000 0.6300000
v 0.2644630 -0.5006285 0.6300000
v 0.2551925 -0.4720968 0.6800000
v 0.3000000 -0.4650000 0.6800000
vt 0.2300000 0.7300000
vt 0.0634483 0.7300000
vt 0.0200000 0.5200000
vt 0.2300000 0.5200000
vn -0.1345780 0.8496923 -0.5098154
vn -0.1345780 0.8496923 -0.5098154
vn -0.1345780 0.8496923 -0.5098154
vn -0.1345780 0.8496923 -0.5098154
f 2653/2653/2653 2654/2654/2654 2655/2655/2655
f 2653/2653/2653 2655/2655/2655 2656/2656/2656
v 0.2644630 -0.5006285 0.6300000
v 0.2324047 -0.5169630 0.6300000
v 0.2147711 -0.4926925 0.6800000
v 0.2551925 -0.4720968 0.6800000
vt 0.2300000 0.7300000
vt 0.0945201 0.7300000
vt 0.0200000 0.5200000
vt 0.1908225 0.5200000
vn -0.3905607 0.7665185 -0.5098154
vn -0.3905607 0.7665185 -0.5098154
vn -0.3905607 0.7665185 -0.5098154
vn -0.3905607 0.7665185 -0.5098154
f 2657/2657/2657 2658/2658/2658 2659/2659/2659
f 2657/2657/2657 2659/2659/2659 2660/2660/2660
v 0.2324047 -0.5169630 0.6300000
v 0.2069630 -0.5424047 0.6300000
v 0.1826925 -0.5247711 0.6800000
v 0.2147711 -0.4926925 0.6800000
vt 0.0200000 0.5200000
vt 0.0200000 0.6274736
vt 0.2300000 0.7300000
vt 0.2300000 0.5944898
vn -0.6083125 0.6083125 -0.5098154
vn -0.6083125 0.6083125 -0.5098154
vn -0.6083125 0.6083125 -0.5098154
vn -0.6083125 0.6083125 -0.5098154
f 2661/2661/2661 2662/2662/2662 2663/2663/2663
f 2661/2661/2661 2663/2663/2663 2664/2664/2664
v 0.2069630 -0.5424047 0.6300000
v 0.1906285 -0.5744630 0.6300000
v 0.1620968 -0.5651925 0.6800000
v 0.1826925 -0.5247711 0.6800000
vt 0.1554799 0.7300000
vt 0.0200000 0.7300000
vt 0.0591775 0.5200000
vt 0.2300000 0.5200000
vn -0.7665185 0.3905607 -0.5098154
vn -0.7665185 0.3905607 -0.5098154
vn -0.7665185 0.3905607 -0.5098154
vn -0.7665185 0.3905607 -0.5098154
f 2665/2665/2665 2666/2666/2666 2667/2667/2667
f 2665/2665/2665 2667/2667/2667 2668/2668/2668
v 0.1906285 -0.5744630 0.6300000
v 0.1850000 -0.6100000 0.6300000
v 0.1550000 -0.6100000 0.6800000
v 0.1620968 -0.5651925 0.6800000
vt 0.1865517 0.7300000
vt 0.0200000 0.7300000
vt 0.0200000 0.5200000
vt 0.2300000 0.5200000
vn -0.8496923 0.1345780 -0.5098154
vn -0.8496923 0.1345780 -0.5098154
vn -0.8496923 0.1345780 -0.5098154
vn -0.8496923 0.1345780 -0.5098154
f 2669/2669/2669 2670/2670/2670 2671/2671/2671
f 2669/2669/2669 2671/2671/2671 2672/2672/2672
v 0.1850000 -0.6100000 0.6300000
v 0.1906285 -0.6455370 0.6300000
v 0.1620968 -0.6548075 0.6800000
v 0.1550000 -0.6100000 0.6800000
vt 0.2300000 0.7300000
vt 0.0634483 0.7300000
vt 0.0200000 0.5200000
vt 0.2300000 0.5200000
vn -0.8496923 -0.1345780 -0.5098154
vn -0.8496923 -0.1345780 -0.5098154
vn -0.8496923 -0.1345780 -0.5098154
vn -0.8496923 -0.1345780 -0.5098154
f 2673/2673/2673 2674/2674/2674 2675/2675/2675
f 2673/2673/2673 2675/2675/2675 2676/2676/2676
v 0.1906285 -0.6455370 0.6300000
v 0.2069630 -0.6775953 0.6300000
v 0.1826925 -0.6952289 0.6800000
v 0.1620968 -0.6548075 0.6800000
vt 0.2300000 0.7300000
vt 0.0945201 0.7300000
vt 0.0200000 0.5200000
vt 0.1908225 0.5200000
vn -0.7665185 -0.3905607 -0.5098154
vn -0.7665185 -0.3905607 -0.5098154
vn -0.7665185 -0.3905607 -0.5098154
vn -0.7665185 -0.3905607 -0.5098154
f 2677/2677/2677 2678/2678/2678 2679/2679/2679
f 2677/2677/2677 2679/2679/2679 2680/2680/2680
v 0.2069630 -0.6775953 0.6300000
v 0.2324047 -0.7030370 0.6300000
v 0.2147711 -0.7273075 0.6800000
v 0.1826925 -0.6952289 0.6800000
vt 0.0200000 0.6274736
vt 0.0200000 0.5200000
vt 0.2300000 0.5944898
vt 0.2300000 0.7300000
vn -0.6083125 -0.6083125 -0.5098154
vn -0.6083125 -0.6083125 -0.5098154
vn -0.6083125 -0.6083125 -0.5098154
vn -0.6083125 -0.6083125 -0.5098154
f 2681/2681/2681 2682/2682/2682 2683/2683/2683
f 2681/2681/2681 2683/2683/2683 2684/2684/2684
v 0.2324047 -0.7030370 0.6300000
v 0.2644630 -0.7193715 0.6300000
v 0.2551925 -0.7479032 0.6800000
v 0.2147711 -0.7273075 0.6800000
vt 0.0945201 0.7300000
vt 0.2300000 0.7300000
vt 0.1908225 0.5200000
vt 0.0200000 0.5200000
vn -0.3905607 -0.7665185 -0.5098154
vn -0.3905607 -0.7665185 -0.5098154
vn -0.3905607 -0.7665185 -0.5098154
vn -0.3905607 -0.7665185 -0.5098154
f 2685/2685/2685 2686/2686/2686 2687/2687/2687
f 2685/2685/2685 2687/2687/2687 2688/2688/2688
v 0.2644630 -0.7193715 0.6300000
v 0.3000000 -0.7250000 0.6300000
v 0.3000000 -0.7550000 0.6800000
v 0.2551925 -0.7479032 0.6800000
vt 0.0634483 0.7300000
vt 0.2300000 0.7300000
vt 0.2300000 0.5200000
vt 0.0200000 0.5200000
vn -0.1345780 -0.8496923 -0.5098154
vn -0.1345780 -0.8496923 -0.5098154
vn -0.1345780 -0.8496923 -0.5098154
vn -0.1345780 -0.8496923 -0.5098154
f 2689/2689/2689 2690/2690/2690 2691/2691/2691
f 2689/2689/2689 2691/2691/2691 2692/2692/2692
v 0.3000000 -0.7250000 0.6300000
v 0.3355370 -0.7193715 0.6300000
v 0.3448075 -0.7479032 0.6800000
v 0.3000000 -0.7550000 0.6800000
vt 0.0200000 0.7300000
vt 0.1865517 0.7300000
vt 0.2300000 0.5200000
vt 0.0200000 0.5200000
vn 0.1345780 -0.8496923 -0.5098154
vn 0.1345780 -0.8496923 -0.5098154
vn 0.1345780 -0.8496923 -0.5098154
vn 0.1345780 -0.8496923 -0.5098154
f 2693/2693/2693 2694/2694/2694 2695/2695/2695
f 2693/2693/2693 2695/2695/2695 2696/2696/2696
v 0.3355370 -0.7193715 0.6300000
v 0.3675953 -0.7030370 0.6300000
v 0.3852289 -0.7273075 0.6800000
v 0.3448075 -0.7479032 0.6800000
vt 0.0200000 0.7300000
vt 0.1554799 0.7300000
vt 0.2300000 0.5200000
vt 0.0591775 0.5200000
vn 0.3905607 -0.7665185 -0.5098154
vn 0.3905607 -0.7665185 -0.5098154
vn 0.3905607 -0.7665185 -0.5098154
vn 0.3905607 -0.7665185 -0.5098154
f 2697/2697/2697 2698/2698/2698 2699/2699/2699
f 2697/2697/2697 2699/2699/2699 2700/2700/2700
v 0.3675953 -0.7030370 0.6300000
v 0.3930370 -0.6775953 0.6300000
v 0.4173075 -0.6952289 0.6800000
v 0.3852289 -0.7273075 0.6800000
vt 0.0200000 0.7300000
vt 0.0200000 0.6225264
vt 0.2300000 0.5200000
vt 0.2300000 0.6555102
vn 0.6083125 -0.6083125 -0.5098154
vn 0.6083125 -0.6083125 -0.5098154
vn 0.6083125 -0.6083125 -0.5098154
vn 0.6083125 -0.6083125 -0.5098154
f 2701/2701/2701 2702/2702/2702 2703/2703/2703
f 2701/2701/2701 2703/2703/2703 2704/2704/2704
v 0.3930370 -0.6775953 0.6300000
v 0.4093715 -0.6455370 0.6300000
v 0.4379032 -0.6548075 0.6800000
v 0.4173075 -0.6952289 0.6800000
vt 0.0945201 0.7300000
vt 0.2300000 0.7300000
vt 0.1908225 0.5200000
vt 0.0200000 0.5200000
vn 0.7665185 -0.3905607 -0.5098154
vn 0.7665185 -0.3905607 -0.5098154
vn 0.7665185 -0.3905607 -0.5098154
vn 0.7665185 -0.3905607 -0.5098154
f 2705/2705/2705 2706/2706/2706 2707/2707/2707
f 2705/2705/2705 2707/2707/2707 2708/2708/2708
v 0.4093715 -0.6455370 0.6300000
v 0.4150000 -0.6100000 0.6300000
v 0.4450000 -0.6100000 0.6800000
v 0.4379032 -0.6548075 0.6800000
vt 0.0634483 0.7300000
vt 0.2300000 0.7300000
vt 0.2300000 0.5200000
vt 0.0200000 0.5200000
vn 0.8496923 -0.1345780 -0.5098154
vn 0.8496923 -0.1345780 -0.5098154
vn 0.8496923 -0.1345780 -0.5098154
vn 0.8496923 -0.1345780 -0.5098154
f 2709/2709/2709 2710/2710/2710 2711/2711/2711
f 2709/2709/2709 2711/2711/2711 2712/2712/2712
v 0.4450000 -0.6100000 0.6800000
v 0.4379032 -0.5651925 0.6800000
v 0.4379032 -0.5651925 0.9100000
v 0.4450000 -0.6100000 0.9100000
vt 0.0200000 0.7300000
vt 0.0200000 0.5200000
vt 0.2300000 0.5200000
vt 0.2300000 0.7300000
vn 0.9876883 0.1564345 0.0000000
vn 0.9876883 0.1564345 0.0000000
vn 0.9876883 0.1564345 0.0000000
vn 0.9876883 0.1564345 0.0000000
f 2713/2713/2713 2714/2714/2714 2715/2715/2715
f 2713/2713/2713 2715/2715/2715 2716/2716/2716
v 0.4379032 -0.5651925 0.6800000
v 0.4173075 -0.5247711 0.6800000
v 0.4173075 -0.5247711 0.9100000
v 0.4379032 -0.5651925 0.9100000
vt 0.0200000 0.7300000
vt 0.0200000 0.5200000
vt 0.2300000 0.5200000
vt 0.2300000 0.7300000
vn 0.8910065 0.4539905 0.0000000
vn 0.8910065 0.4539905 0.0000000
vn 0.8910065 0.4539905 0.0000000
vn 0.8910065 0.4539905 0.0000000
f 2717/2717/2717 2718/2718/2718 2719/2719/2719
f 2717/2717/2717 2719/2719/2719 2720/2720/2720
v 0.4173075 -0.5247711 0.6800000
v 0.3852289 -0.4926925 0.6800000
v 0.3852289 -0.4926925 0.9100000
v 0.4173075 -0.5247711 0.9100000
vt 0.0200000 0.5200000
vt 0.0200000 0.7300000
vt 0.2300000 0.7300000
vt 0.2300000 0.5200000
vn 0.7071068 0.7071068 0.0000000
vn 0.7071068 0.7071068 0.0000000
vn 0.7071068 0.7071068 0.0000000
vn 0.7071068 0.7071068 0.0000000
f 2721/2721/2721 2722/2722/2722 2723/2723/2723
f 2721/2721/2721 2723/2723/2723 2724/2724/2724
v 0.3852289 -0.4926925 0.6800000
v 0.3448075 -0.4720968 0.6800000
v 0.3448075 -0.4720968 0.9100000
v 0.3852289 -0.4926925 0.9100000
vt 0.0200000 0.5200000
vt 0.0200000 0.7300000
vt 0.2300000 0.7300000
vt 0.2300000 0.5200000
vn 0.4539905 0.8910065 0.0000000
vn 0.4539905 0.8910065 0.0000000
vn 0.4539905 0.8910065 0.0000000
vn 0.4539905 0.8910065 0.0000000
f 2725/2725/2725 2726/2726/2726 2727/2727/2727
f 2725/2725/2725 2727/2727/2727 2728/2728/2728
v 0.3448075 -0.4720968 0.6800000
v 0.3000000 -0.4650000 0.6800000
v 0.3000000 -0.4650000 0.9100000
v 0.3448075 -0.4720968 0.9100000
vt 0.0200000 0.5200000
vt 0.0200000 0.7300000
vt 0.2300000 0.7300000
vt 0.2300000 0.5200000
vn 0.1564345 0.9876883 0.0000000
vn 0.1564345 0.9876883 0.0000000
vn 0.1564345 0.9876883 0.0000000
vn 0.1564345 0.9876883 0.0000000
f 2729/2729/2729 2730/2730/2730 2731/2731/2731
f 2729/2729/2729 2731/2731/2731 2732/2732/2732
v 0.3000000 -0.4650000 0.6800000
v 0.2551925 -0.4720968 0.6800000
v 0.2551925 -0.4720968 0.9100000
v 0.3000000 -0.4650000 0.9100000
vt 0.0200000 0.5200000
vt 0.0200000 0.7300000
vt 0.2300000 0.7300000
vt 0.2300000 0.5200000
vn -0.1564345 0.9876883 0.0000000
vn -0.1564345 0.9876883 0.0000000
vn -0.1564345 0.9876883 0.0000000
vn -0.1564345 0.9876883 0.0000000
f 2733/2733/2733 2734/2734/2734 2735/2735/2735
f 2733/2733/2733 2735/2735/2735 2736/2736/2736
v 0.2551925 -0.4720968 0.6800000
v 0.2147711 -0.4926925 0.6800000
v 0.2147711 -0.4926925 0.9100000
v 0.2551925 -0.4720968 0.9100000
vt 0.0200000 0.5200000
vt 0.0200000 0.7300000
vt 0.2300000 0.7300000
vt 0.2300000 0.5200000
vn -0.4539905 0.8910065 0.0000000
vn -0.4539905 0.8910065 0.0000000
vn -0.4539905 0.8910065 0.0000000
vn -0.4539905 0.8910065 0.0000000
f 2737/2737/2737 2738/2738/2738 2739/2739/2739
f 2737/2737/2737 2739/2739/2739 2740/2740/2740
v 0.2147711 -0.4926925 0.6800000
v 0.1826925 -0.5247711 0.6800000
v 0.1826925 -0.5247711 0.9100000
v 0.2147711 -0.4926925 0.9100000
vt 0.0200000 0.5200000
vt 0.0200000 0.7300000
vt 0.2300000 0.7300000
vt 0.2300000 0.5200000
vn -0.7071068 0.7071068 0.0000000
vn -0.7071068 0.7071068 0.0000000
vn -0.7071068 0.7071068 0.0000000
vn -0.7071068 0.7071068 0.0000000
f 2741/2741/2741 2742/2742/2742 2743/2743/2743
f 2741/2741/2741 2743/2743/2743 2744/2744/2744
v 0.1826925 -0.5247711 0.6800000
v 0.1620968 -0.5651925 0.6800000
v 0.1620968 -0.5651925 0.9100000
v 0.1826925 -0.5247711 0.9100000
vt 0.0200000 0.5200000
vt 0.0200000 0.7300000
vt 0.2300000 0.7300000
vt 0.2300000 0.5200000
vn -0.8910065 0.4539905 0.0000000
vn -0.8910065 0.4539905 0.0000000
vn -0.8910065 0.4539905 0.0000000
vn -0.8910065 0.4539905 0.0000000
f 2745/2745/2745 2746/2746/2746 2747/2747/2747
f 2745/2745/2745 2747/2747/2747 2748/2748/2748
v 0.1620968 -0.5651925 0.6800000
v 0.1550000 -0.6100000 0.6800000
v 0.1550000 -0.6100000 0.9100000
v 0.1620968 -0.5651925 0.9100000
vt 0.0200000 0.5200000
vt 0.0200000 0.7300000
vt 0.2300000 0.7300000
vt 0.2300000 0.5200000
vn -0.9876883 0.1564345 0.0000000
vn -0.9876883 0.1564345 0.0000000
vn -0.9876883 0.1564345 0.0000000
vn -0.9876883 0.1564345 0.0000000
f 2749/2749/2749 2750/2750/2750 2751/2751/2751
f 2749/2749/2749 2751/2751/2751 2752/2752/2752
v 0.1550000 -0.6100000 0.6800000
v 0.1620968 -0.6548075 0.6800000
v 0.1620968 -0.6548075 0.9100000
v 0.1550000 -0.6100000 0.9100000
vt 0.0200000 0.5200000
vt 0.0200000 0.7300000
vt 0.2300000 0.7300000
vt 0.2300000 0.5200000
vn -0.9876883 -0.1564345 0.0000000
vn -0.9876883 -0.1564345 0.0000000
vn -0.9876883 -0.1564345 0.0000000
vn -0.9876883 -0.1564345 0.0000000
f 2753/2753/2753 2754/2754/2754 2755/2755/2755
f 2753/2753/2753 2755/2755/2755 2756/2756/2756
v 0.1620968 -0.6548075 0.6800000
v 0.1826925 -0.6952289 0.6800000
v 0.1826925 -0.6952289 0.9100000
v 0.1620968 -0.6548075 0.9100000
vt 0.0200000 0.5200000
vt 0.0200000 0.7300000
vt 0.2300000 0.7300000
vt 0.2300000 0.5200000
vn -0.8910065 -0.4539905 0.0000000
vn -0.8910065 -0.4539905 0.0000000
vn -0.8910065 -0.4539905 0.0000000
vn -0.8910065 -0.4539905 0.0000000
f 2757/2757/2757 2758/2758/2758 2759/2759/2759
f 2757/2757/2757 2759/2759/2759 2760/2760/2760
v 0.1826925 -0.6952289 0.6800000
v 0.2147711 -0.7273075 0.6800000
v 0.2147711 -0.7273075 0.9100000
v 0.1826925 -0.6952289 0.9100000
vt 0.0200000 0.7300000
vt 0.0200000 0.5200000
vt 0.2300000 0.5200000
vt 0.2300000 0.7300000
vn -0.7071068 -0.7071068 0.0000000
vn -0.7071068 -0.7071068 0.0000000
vn -0.7071068 -0.7071068 0.0000000
vn -0.7071068 -0.7071068 0.0000000
f 2761/2761/2761 2762/2762/2762 2763/2763/2763
f 2761/2761/2761 2763/2763/2763 2764/2764/2764
v 0.2147711 -0.7273075 0.6800000
v 0.2551925 -0.7479032 0.6800000
v 0.2551925 -0.7479032 0.9100000
v 0.2147711 -0.7273075 0.9100000
vt 0.0200000 0.7300000
vt 0.0200000 0.5200000
vt 0.2300000 0.5200000
vt 0.2300000 0.7300000
vn -0.4539905 -0.8910065 0.0000000
vn -0.4539905 -0.8910065 0.0000000
vn -0.4539905 -0.8910065 0.0000000
vn -0.4539905 -0.8910065 0.0000000
f 2765/2765/2765 2766/2766/2766 2767/2767/2767
f 2765/2765/2765 2767/2767/2767 2768/2768/2768
v 0.2551925 -0.7479032 0.6800000
v 0.3000000 -0.7550000 0.6800000
v 0.3000000 -0.7550000 0.9100000
v 0.2551925 -0.7479032 0.9100000
vt 0.0200000 0.7300000
vt 0.0200000 0.5200000
vt 0.2300000 0.5200000
vt 0.2300000 0.7300000
vn -0.1564345 -0.9876883 0.0000000
vn -0.1564345 -0.9876883 0.0000000
vn -0.1564345 -0.9876883 0.0000000
vn -0.1564345 -0.9876883 0.0000000
f 2769/2769/2769 2770/2770/2770 2771/2771/2771
f 2769/2769/2769 2771/2771/2771 2772/2772/2772
v 0.3000000 -0.7550000 0.6800000
v 0.3448075 -0.7479032 0.6800000
v 0.3448075 -0.7479032 0.9100000
v 0.3000000 -0.7550000 0.9100000
vt 0.0200000 0.7300000
vt 0.0200000 0.5200000
vt 0.2300000 0.5200000
vt 0.2300000 0.7300000
vn 0.1564345 -0.9876883 0.0000000
vn 0.1564345 -0.9876883 0.0000000
vn 0.1564345 -0.9876883 0.0000000
vn 0.1564345 -0.9876883 0.0000000
f 2773/2773/2773 2774/2774/2774 2775/2775/2775
f 2773/2773/2773 2775/2775/2775 2776/2776/2776
v 0.3448075 -0.7479032 0.6800000
v 0.3852289 -0.7273075 0.6800000
v 0.3852289 -0.7273075 0.9100000
v 0.3448075 -0.7479032 0.9100000
vt 0.0200000 0.7300000
vt 0.0200000 0.5200000
vt 0.2300000 0.5200000
vt 0.2300000 0.7300000
vn 0.4539905 -0.8910065 0.0000000
vn 0.4539905 -0.8910065 0.0000000
vn 0.4539905 -0.8910065 0.0000000
vn 0.4539905 -0.8910065 0.0000000
f 2777/2777/2777 2778/2778/2778 2779/2779/2779
f 2777/2777/2777 2779/2779/2779 2780/2780/2780
v 0.3852289 -0.7273075 0.6800000
v 0.4173075 -0.6952289 0.6800000
v 0.4173075 -0.6952289 0.9100000
v 0.3852289 -0.7273075 0.9100000
vt 0.0200000 0.7300000
vt 0.0200000 0.5200000
vt 0.2300000 0.5200000
vt 0.2300000 0.7300000
vn 0.7071068 -0.7071068 0.0000000
vn 0.7071068 -0.7071068 0.0000000
vn 0.7071068 -0.7071068 0.0000000
vn 0.7071068 -0.7071068 0.0000000
f 2781/2781/2781 2782/2782/2782 2783/2783/2783
f 2781/2781/2781 2783/2783/2783 2784/2784/2784
v 0.4173075 -0.6952289 0.6800000
v 0.4379032 -0.6548075 0.6800000
v 0.4379032 -0.6548075 0.9100000
v 0.4173075 -0.6952289 0.9100000
vt 0.0200000 0.7300000
vt 0.0200000 0.5200000
vt 0.2300000 0.5200000
vt 0.2300000 0.7300000
vn 0.8910065 -0.4539905 0.0000000
vn 0.8910065 -0.4539905 0.0000000
vn 0.8910065 -0.4539905 0.0000000
vn 0.8910065 -0.4539905 0.0000000
f 2785/2785/2785 2786/2786/2786 2787/2787/2787
f 2785/2785/2785 2787/2787/2787 2788/2788/2788
v 0.4379032 -0.6548075 0.6800000
v 0.4450000 -0.6100000 0.6800000
v 0.4450000 -0.6100000 0.9100000
v 0.4379032 -0.6548075 0.9100000
vt 0.0200000 0.7300000
vt 0.0200000 0.5200000
vt 0.2300000 0.5200000
vt 0.2300000 0.7300000
vn 0.9876883 -0.1564345 0.0000000
vn 0.9876883 -0.1564345 0.0000000
vn 0.9876883 -0.1564345 0.0000000
vn 0.9876883 -0.1564345 0.0000000
f 2789/2789/2789 2790/2790/2790 2791/2791/2791
f 2789/2789/2789 2791/2791/2791 2792/2792/2792
v 0.4450000 -0.6100000 0.9100000
v 0.4379032 -0.5651925 0.9100000
v 0.4188821 -0.5713729 0.9400000
v 0.4250000 -0.6100000 0.9400000
vt 0.7700000 0.9800000
vt 0.9800000 0.9800000
vt 0.9510345 0.7700000
vt 0.7700000 0.7700000
vn 0.8249180 0.1306542 0.5499453
vn 0.8249180 0.1306542 0.5499453
vn 0.8249180 0.1306542 0.5499453
vn 0.8249180 0.1306542 0.5499453
f 2793/2793/2793 2794/2794/2794 2795/2795/2795
f 2793/2793/2793 2795/2795/2795 2796/2796/2796
v 0.4379032 -0.5651925 0.9100000
v 0.4173075 -0.5247711 0.9100000
v 0.4011271 -0.5365268 0.9400000
v 0.4188821 -0.5713729 0.9400000
vt 0.7978503 0.9800000
vt 0.9800000 0.9800000
vt 0.9270256 0.7700000
vt 0.7700000 0.7700000
vn 0.7441692 0.3791732 0.5499453
vn 0.7441692 0.3791732 0.5499453
vn 0.7441692 0.3791732 0.5499453
vn 0.7441692 0.3791732 0.5499453
f 2797/2797/2797 2798/2798/2798 2799/2799/2799
f 2797/2797/2797 2799/2799/2799 2800/2800/2800
v 0.4173075 -0.5247711 0.9100000
v 0.3852289 -0.4926925 0.9100000
v 0.3734732 -0.5088729 0.9400000
v 0.4011271 -0.5365268 0.9400000
vt 0.7700000 0.7700000
vt 0.7700000 0.9236811
vt 0.9800000 0.9800000
vt 0.9800000 0.8475163
vn 0.5905761 0.5905761 0.5499453
vn 0.5905761 0.5905761 0.5499453
vn 0.5905761 0.5905761 0.5499453
vn 0.5905761 0.5905761 0.5499453
f 2801/2801/2801 2802/2802/2802 2803/2803/2803
f 2801/2801/2801 2803/2803/2803 2804/2804/2804
v 0.3852289 -0.4926925 0.9100000
v 0.3448075 -0.4720968 0.9100000
v 0.3386271 -0.4911179 0.9400000
v 0.3734732 -0.5088729 0.9400000
vt 0.9800000 0.9800000
vt 0.7978503 0.9800000
vt 0.7700000 0.7700000
vt 0.9270256 0.7700000
vn 0.3791732 0.7441692 0.5499453
vn 0.3791732 0.7441692 0.5499453
vn 0.3791732 0.7441692 0.5499453
vn 0.3791732 0.7441692 0.5499453
f 2805/2805/2805 2806/2806/2806 2807/2807/2807
f 2805/2805/2805 2807/2807/2807 2808/2808/2808
v 0.3448075 -0.4720968 0.9100000
v 0.3000000 -0.4650000 0.9100000
v 0.3000000 -0.4850000 0.9400000
v 0.3386271 -0.4911179 0.9400000
vt 0.9800000 0.9800000
vt 0.7700000 0.9800000
vt 0.7700000 0.7700000
vt 0.9510345 0.7700000
vn 0.1306542 0.8249180 0.5499453
vn 0.1306542 0.8249180 0.5499453
vn 0.1306542 0.8249180 0.5499453
vn 0.1306542 0.8249180 0.5499453
f 2809/2809/2809 2810/2810/2810 2811/2811/2811
f 2809/2809/2809 2811/2811/2811 2812/2812/2812
v 0.3000000 -0.4650000 0.9100000
v 0.2551925 -0.4720968 0.9100000
v 0.2613729 -0.4911179 0.9400000
v 0.3000000 -0.4850000 0.9400000
vt 0.9800000 0.9800000
vt 0.7700000 0.9800000
vt 0.7989655 0.7700000
vt 0.9800000 0.7700000
vn -0.1306542 0.8249180 0.5499453
vn -0.1306542 0.8249180 0.5499453
vn -0.1306542 0.8249180 0.5499453
vn -0.1306542 0.8249180 0.5499453
f 2813/2813/2813 2814/2814/2814 2815/2815/2815
f 2813/2813/2813 2815/2815/2815 2816/2816/2816
v 0.2551925 -0.4720968 0.9100000
v 0.2147711 -0.4926925 0.9100000
v 0.2265268 -0.5088729 0.9400000
v 0.2613729 -0.4911179 0.9400000
vt 0.9521497 0.9800000
vt 0.7700000 0.9800000
vt 0.8229744 0.7700000
vt 0.9800000 0.7700000
vn -0.3791732 0.7441692 0.5499453
vn -0.3791732 0.7441692 0.5499453
vn -0.3791732 0.7441692 0.5499453
vn -0.3791732 0.7441692 0.5499453
f 2817/2817/2817 2818/2818/2818 2819/2819/2819
f 2817/2817/2817 2819/2819/2819 2820/2820/2820
v 0.2147711 -0.4926925 0.9100000
v 0.1826925 -0.5247711 0.9100000
v 0.1988729 -0.5365268 0.9400000
v 0.2265268 -0.5088729 0.9400000
vt 0.7700000 0.8263189
vt 0.7700000 0.9800000
vt 0.9800000 0.9024837
vt 0.9800000 0.7700000
vn -0.5905761 0.5905761 0.5499453
vn -0.5905761 0.5905761 0.5499453
vn -0.5905761 0.5905761 0.5499453
vn -0.5905761 0.5905761 0.5499453
f 2821/2821/2821 2822/2822/2822 2823/2823/2823
f 2821/2821/2821 2823/2823/2823 2824/2824/2824
v 0.1826925 -0.5247711 0.9100000
v 0.1620968 -0.5651925 0.9100000
v 0.1811179 -0.5713729 0.9400000
v 0.1988729 -0.5365268 0.9400000
vt 0.9800000 0.9800000
vt 0.7978503 0.9800000
vt 0.7700000 0.7700000
vt 0.9270256 0.7700000
vn -0.7441692 0.3791732 0.5499453
vn -0.7441692 0.3791732 0.5499453
vn -0.7441692 0.3791732 0.5499453
vn -0.7441692 0.3791732 0.5499453
f 2825/2825/2825 2826/2826/2826 2827/2827/2827
f 2825/2825/2825 2827/2827/2827 2828/2828/2828
v 0.1620968 -0.5651925 0.9100000
v 0.1550000 -0.6100000 0.9100000
v 0.1750000 -0.6100000 0.9400000
v 0.1811179 -0.5713729 0.9400000
vt 0.9800000 0.9800000
vt 0.7700000 0.9800000
vt 0.7700000 0.7700000
vt 0.9510345 0.7700000
vn -0.8249180 0.1306542 0.5499453
vn -0.8249180 0.1306542 0.5499453
vn -0.8249180 0.1306542 0.5499453
vn -0.8249180 0.1306542 0.5499453
f 2829/2829/2829 2830/2830/2830 2831/2831/2831
f 2829/2829/2829 2831/2831/2831 2832/2832/2832
v 0.1550000 -0.6100000 0.9100000
v 0.1620968 -0.6548075 0.9100000
v 0.1811179 -0.6486271 0.9400000
v 0.1750000 -0.6100000 0.9400000
vt 0.9800000 0.9800000
vt 0.7700000 0.9800000
vt 0.7989655 0.7700000
vt 0.9800000 0.7700000
vn -0.8249180 -0.1306542 0.5499453
vn -0.8249180 -0.1306542 0.5499453
vn -0.8249180 -0.1306542 0.5499453
vn -0.8249180 -0.1306542 0.5499453
f 2833/2833/2833 2834/2834/2834 2835/2835/2835
f 2833/2833/2833 2835/2835/2835 2836/2836/2836
v 0.1620968 -0.6548075 0.9100000
v 0.1826925 -0.6952289 0.9100000
v 0.1988729 -0.6834732 0.9400000
v 0.1811179 -0.6486271 0.9400000
vt 0.9521497 0.9800000
vt 0.7700000 0.9800000
vt 0.8229744 0.7700000
vt 0.9800000 0.7700000
vn -0.7441692 -0.3791732 0.5499453
vn -0.7441692 -0.3791732 0.5499453
vn -0.7441692 -0.3791732 0.5499453
vn -0.7441692 -0.3791732 0.5499453
f 2837/2837/2837 2838/2838/2838 2839/2839/2839
f 2837/2837/2837 2839/2839/2839 2840/2840/2840
v 0.1826925 -0.6952289 0.9100000
v 0.2147711 -0.7273075 0.9100000
v 0.2265268 -0.7111271 0.9400000
v 0.1988729 -0.6834732 0.9400000
vt 0.7700000 0.9800000
vt 0.7700000 0.8263189
vt 0.9800000 0.7700000
vt 0.9800000 0.9024837
vn -0.5905761 -0.5905761 0.5499453
vn -0.5905761 -0.5905761 0.5499453
vn -0.5905761 -0.5905761 0.5499453
vn -0.5905761 -0.5905761 0.5499453
f 2841/2841/2841 2842/2842/2842 2843/2843/2843
f 2841/2841/2841 2843/2843/2843 2844/2844/2844
v 0.2147711 -0.7273075 0.9100000
v 0.2551925 -0.7479032 0.9100000
v 0.2613729 -0.7288821 0.9400000
v 0.2265268 -0.7111271 0.9400000
vt 0.7700000 0.9800000
vt 0.9521497 0.9800000
vt 0.9800000 0.7700000
vt 0.8229744 0.7700000
vn -0.3791732 -0.7441692 0.5499453
vn -0.3791732 -0.7441692 0.5499453
vn -0.3791732 -0.7441692 0.5499453
vn -0.3791732 -0.7441692 0.5499453
f 2845/2845/2845 2846/2846/2846 2847/2847/2847
f 2845/2845/2845 2847/2847/2847 2848/2848/2848
v 0.2551925 -0.7479032 0.9100000
v 0.3000000 -0.7550000 0.9100000
v 0.3000000 -0.7350000 0.9400000
v 0.2613729 -0.7288821 0.9400000
vt 0.7700000 0.9800000
vt 0.9800000 0.9800000
vt 0.9800000 0.7700000
vt 0.7989655 0.7700000
vn -0.1306542 -0.8249180 0.5499453
vn -0.1306542 -0.8249180 0.5499453
vn -0.1306542 -0.8249180 0.5499453
vn -0.1306542 -0.8249180 0.5499453
f 2849/2849/2849 2850/2850/2850 2851/2851/2851
f 2849/2849/2849 2851/2851/2851 2852/2852/2852
v 0.3000000 -0.7550000 0.9100000
v 0.3448075 -0.7479032 0.9100000
v 0.3386271 -0.7288821 0.9400000
v 0.3000000 -0.7350000 0.9400000
vt 0.7700000 0.9800000
vt 0.9800000 0.9800000
vt 0.9510345 0.7700000
vt 0.7700000 0.7700000
vn 0.1306542 -0.8249180 0.5499453
vn 0.1306542 -0.8249180 0.5499453
vn 0.1306542 -0.8249180 0.5499453
vn 0.1306542 -0.8249180 0.5499453
f 2853/2853/2853 2854/2854/2854 2855/2855/2855
f 2853/2853/2853 2855/2855/2855 2856/2856/2856
v 0.3448075 -0.7479032 0.9100000
v 0.3852289 -0.7273075 0.9100000
v 0.3734732 -0.7111271 0.9400000
v 0.3386271 -0.7288821 0.9400000
vt 0.7978503 0.9800000
vt 0.9800000 0.9800000
vt 0.9270256 0.7700000
vt 0.7700000 0.7700000
vn 0.3791732 -0.7441692 0.5499453
vn 0.3791732 -0.7441692 0.5499453
vn 0.3791732 -0.7441692 0.5499453
vn 0.3791732 -0.7441692 0.5499453
f 2857/2857/2857 2858/2858/2858 2859/2859/2859
f 2857/2857/2857 2859/2859/2859 2860/2860/2860
v 0.3852289 -0.7273075 0.9100000
v 0.4173075 -0.6952289 0.9100000
v 0.4011271 -0.6834732 0.9400000
v 0.3734732 -0.7111271 0.9400000
vt 0.7700000 0.9236811
vt 0.7700000 0.7700000
vt 0.9800000 0.8475163
vt 0.9800000 0.9800000
vn 0.5905761 -0.5905761 0.5499453
vn 0.5905761 -0.5905761 0.5499453
vn 0.5905761 -0.5905761 0.5499453
vn 0.5905761 -0.5905761 0.5499453
f 2861/2861/2861 2862/2862/2862 2863/2863/2863
f 2861/2861/2861 2863/2863/2863 2864/2864/2864
v 0.4173075 -0.6952289 0.9100000
v 0.4379032 -0.6548075 0.9100000
v 0.4188821 -0.6486271 0.9400000
v 0.4011271 -0.6834732 0.9400000
vt 0.7700000 0.9800000
vt 0.9521497 0.9800000
vt 0.9800000 0.7700000
vt 0.8229744 0.7700000
vn 0.7441692 -0.3791732 0.5499453
vn 0.7441692 -0.3791732 0.5499453
vn 0.7441692 -0.3791732 0.5499453
vn 0.7441692 -0.3791732 0.5499453
f 2865/2865/2865 2866/2866/2866 2867/2867/2867
f 2865/2865/2865 2867/2867/2867 2868/2868/2868
v 0.4379032 -0.6548075 0.9100000
v 0.4450000 -0.6100000 0.9100000
v 0.4250000 -0.6100000 0.9400000
v 0.4188821 -0.6486271 0.9400000
vt 0.7700000 0.9800000
vt 0.9800000 0.9800000
vt 0.9800000 0.7700000
vt 0.7989655 0.7700000
vn 0.8249180 -0.1306542 0.5499453
vn 0.8249180 -0.1306542 0.5499453
vn 0.8249180 -0.1306542 0.5499453
vn 0.8249180 -0.1306542 0.5499453
f 2869/2869/2869 2870/2870/2870 2871/2871/2871
f 2869/2869/2869 2871/2871/2871 2872/2872/2872
v 0.4250000 -0.6100000 0.9400000
v 0.4188821 -0.5713729 0.9400000
v 0.3846440 -0.5824975 0.9400000
v 0.3890000 -0.6100000 0.9400000
vt 0.9800000 0.9800000
vt 0.9481642 0.7700000
vt 0.7700000 0.8304800
vt 0.7926671 0.9800000
vn 0.0000000 0.0000000 1.0000000
vn 0.0000000 0.0000000 1.0000000
vn 0.0000000 0.0000000 1.0000000
vn 0.0000000 0.0000000 1.0000000
f 2873/2873/2873 2874/2874/2874 2875/2875/2875
f 2873/2873/2873 2875/2875/2875 2876/2876/2876
v 0.4188821 -0.5713729 0.9400000
v 0.4011271 -0.5365268 0.9400000
v 0.3720025 -0.5576871 0.9400000
v 0.3846440 -0.5824975 0.9400000
vt 0.9800000 0.9291813
vt 0.9004656 0.7700000
vt 0.7700000 0.8666629
vt 0.8266285 0.9800000
vn 0.0000000 0.0000000 1.0000000
vn 0.0000000 0.0000000 1.0000000
vn 0.0000000 0.0000000 1.0000000
vn 0.0000000 0.0000000 1.0000000
f 2877/2877/2877 2878/2878/2878 2879/2879/2879
f 2877/2877/2877 2879/2879/2879 2880/2880/2880
v 0.4011271 -0.5365268 0.9400000
v 0.3734732 -0.5088729 0.9400000
v 0.3523129 -0.5379975 0.9400000
v 0.3720025 -0.5576871 0.9400000
vt 0.9800000 0.8889680
vt 0.8610320 0.7700000
vt 0.7700000 0.8952948
vt 0.8547052 0.9800000
vn 0.0000000 0.0000000 1.0000000
vn 0.0000000 0.0000000 1.0000000
vn 0.0000000 0.0000000 1.0000000
vn 0.0000000 0.0000000 1.0000000
f 2881/2881/2881 2882/2882/2882 2883/2883/2883
f 2881/2881/2881 2883/2883/2883 2884/2884/2884
v 0.3734732 -0.5088729 0.9400000
v 0.3386271 -0.4911179 0.9400000
v 0.3275025 -0.5253560 0.9400000
v 0.3523129 -0.5379975 0.9400000
vt 0.9800000 0.8495344
vt 0.8208187 0.7700000
vt 0.7700000 0.9233715
vt 0.8833371 0.9800000
vn 0.0000000 0.0000000 1.0000000
vn 0.0000000 0.0000000 1.0000000
vn 0.0000000 0.0000000 1.0000000
vn 0.0000000 0.0000000 1.0000000
f 2885/2885/2885 2886/2886/2886 2887/2887/2887
f 2885/2885/2885 2887/2887/2887 2888/2888/2888
v 0.3386271 -0.4911179 0.9400000
v 0.3000000 -0.4850000 0.9400000
v 0.3000000 -0.5210000 0.9400000
v 0.3275025 -0.5253560 0.9400000
vt 0.9800000 0.8018358
vt 0.7700000 0.7700000
vt 0.7700000 0.9573329
vt 0.9195200 0.9800000
vn 0.0000000 0.0000000 1.0000000
vn 0.0000000 0.0000000 1.0000000
vn 0.0000000 0.0000000 1.0000000
vn 0.0000000 0.0000000 1.0000000
f 2889/2889/2889 2890/2890/2890 2891/2891/2891
f 2889/2889/2889 2891/2891/2891 2892/2892/2892
v 0.3000000 -0.4850000 0.9400000
v 0.2613729 -0.4911179 0.9400000
v 0.2724975 -0.5253560 0.9400000
v 0.3000000 -0.5210000 0.9400000
vt 0.9800000 0.7700000
vt 0.7700000 0.8018358
vt 0.8304800 0.9800000
vt 0.9800000 0.9573329
vn 0.0000000 0.0000000 1.0000000
vn 0.0000000 0.0000000 1.0000000
vn 0.0000000 0.0000000 1.0000000
vn 0.0000000 0.0000000 1.0000000
f 2893/2893/2893 2894/2894/2894 2895/2895/2895
f 2893/2893/2893 2895/2895/2895 2896/2896/2896
v 0.2613729 -0.4911179 0.9400000
v 0.2265268 -0.5088729 0.9400000
v 0.2476871 -0.5379975 0.9400000
v 0.2724975 -0.5253560 0.9400000
vt 0.9291813 0.7700000
vt 0.7700000 0.8495344
vt 0.8666629 0.9800000
vt 0.9800000 0.9233715
vn 0.0000000 0.0000000 1.0000000
vn 0.0000000 0.0000000 1.0000000
vn 0.0000000 0.0000000 1.0000000
vn 0.0000000 0.0000000 1.0000000
f 2897/2897/2897 2898/2898/2898 2899/2899/2899
f 2897/2897/2897 2899/2899/2899 2900/2900/2900
v 0.2265268 -0.5088729 0.9400000
v 0.1988729 -0.5365268 0.9400000
v 0.2279975 -0.5576871 0.9400000
v 0.2476871 -0.5379975 0.9400000
vt 0.8889680 0.7700000
vt 0.7700000 0.8889680
vt 0.8952948 0.9800000
vt 0.9800000 0.8952948
vn 0.0000000 0.0000000 1.0000000
vn 0.0000000 0.0000000 1.0000000
vn 0.0000000 0.0000000 1.0000000
vn 0.0000000 0.0000000 1.0000000
f 2901/2901/2901 2902/2902/2902 2903/2903/2903
f 2901/2901/2901 2903/2903/2903 2904/2904/2904
v 0.1988729 -0.5365268 0.9400000
v 0.1811179 -0.5713729 0.9400000
v 0.2153560 -0.5824975 0.9400000
v 0.2279975 -0.5576871 0.9400000
vt 0.8495344 0.7700000
vt 0.7700000 0.9291813
vt 0.9233715 0.9800000
vt 0.9800000 0.8666629
vn 0.0000000 0.0000000 1.0000000
vn 0.0000000 0.0000000 1.0000000
vn 0.0000000 0.0000000 1.0000000
vn 0.0000000 0.0000000 1.0000000
f 2905/2905/2905 2906/2906/2906 2907/2907/2907
f 2905/2905/2905 2907/2907/2907 2908/2908/2908
v 0.1811179 -0.5713729 0.9400000
v 0.1750000 -0.6100000 0.9400000
v 0.2110000 -0.6100000 0.9400000
v 0.2153560 -0.5824975 0.9400000
vt 0.8018358 0.7700000
vt 0.7700000 0.9800000
vt 0.9573329 0.9800000
vt 0.9800000 0.8304800
vn 0.0000000 0.0000000 1.0000000
vn 0.0000000 0.0000000 1.0000000
vn 0.0000000 0.0000000 1.0000000
vn 0.0000000 0.0000000 1.0000000
f 2909/2909/2909 2910/2910/2910 2911/2911/2911
f 2909/2909/2909 2911/2911/2911 2912/2912/2912
v 0.1750000 -0.6100000 0.9400000
v 0.1811179 -0.6486271 0.9400000
v 0.2153560 -0.6375025 0.9400000
v 0.2110000 -0.6100000 0.9400000
vt 0.7700000 0.7700000
vt 0.8018358 0.9800000
vt 0.9800000 0.9195200
vt 0.9573329 0.7700000
vn 0.0000000 0.0000000 1.0000000
vn 0.0000000 0.0000000 1.0000000
vn 0.0000000 0.0000000 1.0000000
vn 0.0000000 0.0000000 1.0000000
f 2913/2913/2913 2914/2914/2914 2915/2915/2915
f 2913/2913/2913 2915/2915/2915 2916/2916/2916
v 0.1811179 -0.6486271 0.9400000
v 0.1988729 -0.6834732 0.9400000
v 0.2279975 -0.6623129 0.9400000
v 0.2153560 -0.6375025 0.9400000
vt 0.7700000 0.8208187
vt 0.8495344 0.9800000
vt 0.9800000 0.8833371
vt 0.9233715 0.7700000
vn 0.0000000 0.0000000 1.0000000
vn 0.0000000 0.0000000 1.0000000
vn 0.0000000 0.0000000 1.0000000
vn 0.0000000 0.0000000 1.0000000
f 2917/2917/2917 2918/2918/2918 2919/2919/2919
f 2917/2917/2917 2919/2919/2919 2920/2920/2920
v 0.1988729 -0.6834732 0.9400000
v 0.2265268 -0.7111271 0.9400000
v 0.2476871 -0.6820025 0.9400000
v 0.2279975 -0.6623129 0.9400000
vt 0.7700000 0.8610320
vt 0.8889680 0.9800000
vt 0.9800000 0.8547052
vt 0.8952948 0.7700000
vn -0.0000000 0.0000000 1.0000000
vn -0.0000000 0.0000000 1.0000000
vn -0.0000000 0.0000000 1.0000000
vn -0.0000000 0.0000000 1.0000000
f 2921/2921/2921 2922/2922/2922 2923/2923/2923
f 2921/2921/2921 2923/2923/2923 2924/2924/2924
v 0.2265268 -0.7111271 0.9400000
v 0.2613729 -0.7288821 0.9400000
v 0.2724975 -0.6946440 0.9400000
v 0.2476871 -0.6820025 0.9400000
vt 0.7700000 0.9004656
vt 0.9291813 0.9800000
vt 0.9800000 0.8266285
vt 0.8666629 0.7700000
vn -0.0000000 0.0000000 1.0000000
vn -0.0000000 0.0000000 1.0000000
vn -0.0000000 0.0000000 1.0000000
vn -0.0000000 0.0000000 1.0000000
f 2925/2925/2925 2926/2926/2926 2927/2927/2927
f 2925/2925/2925 2927/2927/2927 2928/2928/2928
v 0.2613729 -0.7288821 0.9400000
v 0.3000000 -0.7350000 0.9400000
v 0.3000000 -0.6990000 0.9400000
v 0.2724975 -0.6946440 0.9400000
vt 0.7700000 0.9481642
vt 0.9800000 0.9800000
vt 0.9800000 0.7926671
vt 0.8304800 0.7700000
vn -0.0000000 0.0000000 1.0000000
vn -0.0000000 0.0000000 1.0000000
vn -0.0000000 0.0000000 1.0000000
vn -0.0000000 0.0000000 1.0000000
f 2929/2929/2929 2930/2930/2930 2931/2931/2931
f 2929/2929/2929 2931/2931/2931 2932/2932/2932
v 0.3000000 -0.7350000 0.9400000
v 0.3386271 -0.7288821 0.9400000
v 0.3275025 -0.6946440 0.9400000
v 0.3000000 -0.6990000 0.9400000
vt 0.7700000 0.9800000
vt 0.9800000 0.9481642
vt 0.9195200 0.7700000
vt 0.7700000 0.7926671
vn 0.0000000 0.0000000 1.0000000
vn 0.0000000 0.0000000 1.0000000
vn 0.0000000 0.0000000 1.0000000
vn 0.0000000 0.0000000 1.0000000
f 2933/2933/2933 2934/2934/2934 2935/2935/2935
f 2933/2933/2933 2935/2935/2935 2936/2936/2936
v 0.3386271 -0.7288821 0.9400000
v 0.3734732 -0.7111271 0.9400000
v 0.3523129 -0.6820025 0.9400000
v 0.3275025 -0.6946440 0.9400000
vt 0.8208187 0.9800000
vt 0.9800000 0.9004656
vt 0.8833371 0.7700000
vt 0.7700000 0.8266285
vn 0.0000000 0.0000000 1.0000000
vn 0.0000000 0.0000000 1.0000000
vn 0.0000000 0.0000000 1.0000000
vn 0.0000000 0.0000000 1.0000000
f 2937/2937/2937 2938/2938/2938 2939/2939/2939
f 2937/2937/2937 2939/2939/2939 2940/2940/2940
v 0.3734732 -0.7111271 0.9400000
v 0.4011271 -0.6834732 0.9400000
v 0.3720025 -0.6623129 0.9400000
v 0.3523129 -0.6820025 0.9400000
vt 0.8610320 0.9800000
vt 0.9800000 0.8610320
vt 0.8547052 0.7700000
vt 0.7700000 0.8547052
vn 0.0000000 -0.0000000 1.0000000
vn 0.0000000 -0.0000000 1.0000000
vn 0.0000000 -0.0000000 1.0000000
vn 0.0000000 -0.0000000 1.0000000
f 2941/2941/2941 2942/2942/2942 2943/2943/2943
f 2941/2941/2941 2943/2943/2943 2944/2944/2944
v 0.4011271 -0.6834732 0.9400000
v 0.4188821 -0.6486271 0.9400000
v 0.3846440 -0.6375025 0.9400000
v 0.3720025 -0.6623129 0.9400000
vt 0.9004656 0.9800000
vt 0.9800000 0.8208187
vt 0.8266285 0.7700000
vt 0.7700000 0.8833371
vn 0.0000000 -0.0000000 1.0000000
vn 0.0000000 -0.0000000 1.0000000
vn 0.0000000 -0.0000000 1.0000000
vn 0.0000000 -0.0000000 1.0000000
f 2945/2945/2945 2946/2946/2946 2947/2947/2947
f 2945/2945/2945 2947/2947/2947 2948/2948/2948
v 0.4188821 -0.6486271 0.9400000
v 0.4250000 -0.6100000 0.9400000
v 0.3890000 -0.6100000 0.9400000
v 0.3846440 -0.6375025 0.9400000
vt 0.9481642 0.9800000
vt 0.9800000 0.7700000
vt 0.7926671 0.7700000
vt 0.7700000 0.9195200
vn 0.0000000 -0.0000000 1.0000000
vn 0.0000000 -0.0000000 1.0000000
vn 0.0000000 -0.0000000 1.0000000
vn 0.0000000 -0.0000000 1.0000000
f 2949/2949/2949 2950/2950/2950 2951/2951/2951
f 2949/2949/2949 2951/2951/2951 2952/2952/2952
v 0.3890000 -0.6100000 0.9400000
v 0.3846440 -0.5824975 0.9400000
v 0.3846440 -0.5824975 0.7400000
v 0.3890000 -0.6100000 0.7400000
vt 0.9800000 0.9800000
vt 0.9800000 0.7700000
vt 0.7700000 0.7700000
vt 0.7700000 0.9800000
vn -0.9876883 -0.1564345 0.0000000
vn -0.9876883 -0.1564345 0.0000000
vn -0.9876883 -0.1564345 0.0000000
vn -0.9876883 -0.1564345 0.0000000
f 2953/2953/2953 2954/2954/2954 2955/2955/2955
f 2953/2953/2953 2955/2955/2955 2956/2956/2956
v 0.3846440 -0.5824975 0.9400000
v 0.3720025 -0.5576871 0.9400000
v 0.3720025 -0.5576871 0.7400000
v 0.3846440 -0.5824975 0.7400000
vt 0.9800000 0.9800000
vt 0.9800000 0.7700000
vt 0.7700000 0.7700000
vt 0.7700000 0.9800000
vn -0.8910065 -0.4539905 0.0000000
vn -0.8910065 -0.4539905 0.0000000
vn -0.8910065 -0.4539905 0.0000000
vn -0.8910065 -0.4539905 0.0000000
f 2957/2957/2957 2958/2958/2958 2959/2959/2959
f 2957/2957/2957 2959/2959/2959 2960/2960/2960
v 0.3720025 -0.5576871 0.9400000
v 0.3523129 -0.5379975 0.9400000
v 0.3523129 -0.5379975 0.7400000
v 0.3720025 -0.5576871 0.7400000
vt 0.9800000 0.7700000
vt 0.9800000 0.9800000
vt 0.7700000 0.9800000
vt 0.7700000 0.7700000
vn -0.7071068 -0.7071068 0.0000000
vn -0.7071068 -0.7071068 0.0000000
vn -0.7071068 -0.7071068 0.0000000
vn -0.7071068 -0.7071068 0.0000000
f 2961/2961/2961 2962/2962/2962 2963/2963/2963
f 2961/2961/2961 2963/2963/2963 2964/2964/2964
v 0.3523129 -0.5379975 0.9400000
v 0.3275025 -0.5253560 0.9400000
v 0.3275025 -0.5253560 0.7400000
v 0.3523129 -0.5379975 0.7400000
vt 0.9800000 0.7700000
vt 0.9800000 0.9800000
vt 0.7700000 0.9800000
vt 0.7700000 0.7700000
vn -0.4539905 -0.8910065 0.0000000
vn -0.4539905 -0.8910065 0.0000000
vn -0.4539905 -0.8910065 0.0000000
vn -0.4539905 -0.8910065 0.0000000
f 2965/2965/2965 2966/2966/2966 2967/2967/2967
f 2965/2965/2965 2967/2967/2967 2968/2968/2968
v 0.3275025 -0.5253560 0.9400000
v 0.3000000 -0.5210000 0.9400000
v 0.3000000 -0.5210000 0.7400000
v 0.3275025 -0.5253560 0.7400000
vt 0.9800000 0.7700000
vt 0.9800000 0.9800000
vt 0.7700000 0.9800000
vt 0.7700000 0.7700000
vn -0.1564345 -0.9876883 0.0000000
vn -0.1564345 -0.9876883 0.0000000
vn -0.1564345 -0.9876883 0.0000000
vn -0.1564345 -0.9876883 0.0000000
f 2969/2969/2969 2970/2970/2970 2971/2971/2971
f 2969/2969/2969 2971/2971/2971 2972/2972/2972
v 0.3000000 -0.5210000 0.9400000
v 0.2724975 -0.5253560 0.9400000
v 0.2724975 -0.5253560 0.7400000
v 0.3000000 -0.5210000 0.7400000
vt 0.9800000 0.7700000
vt 0.9800000 0.9800000
vt 0.7700000 0.9800000
vt 0.7700000 0.7700000
vn 0.1564345 -0.9876883 0.0000000
vn 0.1564345 -0.9876883 0.0000000
vn 0.1564345 -0.9876883 0.0000000
vn 0.1564345 -0.9876883 0.0000000
f 2973/2973/2973 2974/2974/2974 2975/2975/2975
f 2973/2973/2973 2975/2975/2975 2976/2976/2976
v 0.2724975 -0.5253560 0.9400000
v 0.2476871 -0.5379975 0.9400000
v 0.2476871 -0.5379975 0.7400000
v 0.2724975 -0.5253560 0.7400000
vt 0.9800000 0.7700000
vt 0.9800000 0.9800000
vt 0.7700000 0.9800000
vt 0.7700000 0.7700000
vn 0.4539905 -0.8910065 0.0000000
vn 0.4539905 -0.8910065 0.0000000
vn 0.4539905 -0.8910065 0.0000000
vn 0.4539905 -0.8910065 0.0000000
f 2977/2977/2977 2978/2978/2978 2979/2979/2979
f 2977/2977/2977 2979/2979/2979 2980/2980/2980
v 0.2476871 -0.5379975 0.9400000
v 0.2279975 -0.5576871 0.9400000
v 0.2279975 -0.5576871 0.7400000
v 0.2476871 -0.5379975 0.7400000
vt 0.9800000 0.7700000
vt 0.9800000 0.9800000
vt 0.7700000 0.9800000
vt 0.7700000 0.7700000
vn 0.7071068 -0.7071068 0.0000000
vn 0.7071068 -0.7071068 0.0000000
vn 0.7071068 -0.7071068 0.0000000
vn 0.7071068 -0.7071068 0.0000000
f 2981/2981/2981 2982/2982/2982 2983/2983/2983
f 2981/2981/2981 2983/2983/2983 2984/2984/2984
v 0.2279975 -0.5576871 0.9400000
v 0.2153560 -0.5824975 0.9400000
v 0.2153560 -0.5824975 0.7400000
v 0.2279975 -0.5576871 0.7400000
vt 0.9800000 0.7700000
vt 0.9800000 0.9800000
vt 0.7700000 0.9800000
vt 0.7700000 0.7700000
vn 0.8910065 -0.4539905 0.0000000
vn 0.8910065 -0.4539905 0.0000000
vn 0.8910065 -0.4539905 0.0000000
vn 0.8910065 -0.4539905 0.0000000
f 2985/2985/2985 2986/2986/2986 2987/2987/2987
f 2985/2985/2985 2987/2987/2987 2988/2988/2988
v 0.2153560 -0.5824975 0.9400000
v 0.2110000 -0.6100000 0.9400000
v 0.2110000 -0.6100000 0.7400000
v 0.2153560 -0.5824975 0.7400000
vt 0.9800000 0.7700000
vt 0.9800000 0.9800000
vt 0.7700000 0.9800000
vt 0.7700000 0.7700000
vn 0.9876883 -0.1564345 0.0000000
vn 0.9876883 -0.1564345 0.0000000
vn 0.9876883 -0.1564345 0.0000000
vn 0.9876883 -0.1564345 0.0000000
f 2989/2989/2989 2990/2990/2990 2991/2991/2991
f 2989/2989/2989 2991/2991/2991 2992/2992/2992
v 0.2110000 -0.6100000 0.9400000
v 0.2153560 -0.6375025 0.9400000
v 0.2153560 -0.6375025 0.7400000
v 0.2110000 -0.6100000 0.7400000
vt 0.9800000 0.7700000
vt 0.9800000 0.9800000
vt 0.7700000 0.9800000
vt 0.7700000 0.7700000
vn 0.9876883 0.1564345 0.0000000
vn 0.9876883 0.1564345 0.0000000
vn 0.9876883 0.1564345 0.0000000
vn 0.9876883 0.1564345 0.0000000
f 2993/2993/2993 2994/2994/2994 2995/2995/2995
f 2993/2993/2993 2995/2995/2995 2996/2996/2996
v 0.2153560 -0.6375025 0.9400000
v 0.2279975 -0.6623129 0.9400000
v 0.2279975 -0.6623129 0.7400000
v 0.2153560 -0.6375025 0.7400000
vt 0.9800000 0.7700000
vt 0.9800000 0.9800000
vt 0.7700000 0.9800000
vt 0.7700000 0.7700000
vn 0.8910065 0.4539905 0.0000000
vn 0.8910065 0.4539905 0.0000000
vn 0.8910065 0.4539905 0.0000000
vn 0.8910065 0.4539905 0.0000000
f 2997/2997/2997 2998/2998/2998 2999/2999/2999
f 2997/2997/2997 2999/2999/2999 3000/3000/3000
v 0.2279975 -0.6623129 0.9400000
v 0.2476871 -0.6820025 0.9400000
v 0.2476871 -0.6820025 0.7400000
v 0.2279975 -0.6623129 0.7400000
vt 0.9800000 0.7700000
vt 0.9800000 0.9800000
vt 0.7700000 0.9800000
vt 0.7700000 0.7700000
vn 0.7071068 0.7071068 0.0000000
vn 0.7071068 0.7071068 0.0000000
vn 0.7071068 0.7071068 0.0000000
vn 0.7071068 0.7071068 0.0000000
f 3001/3001/3001 3002/3002/3002 3003/3003/3003
f 3001/3001/3001 3003/3003/3003 3004/3004/3004
v 0.2476871 -0.6820025 0.9400000
v 0.2724975 -0.6946440 0.9400000
v 0.2724975 -0.6946440 0.7400000
v 0.2476871 -0.6820025 0.7400000
vt 0.9800000 0.9800000
vt 0.9800000 0.7700000
vt 0.7700000 0.7700000
vt 0.7700000 0.9800000
vn 0.4539905 0.8910065 0.0000000
vn 0.4539905 0.8910065 0.0000000
vn 0.4539905 0.8910065 0.0000000
vn 0.4539905 0.8910065 0.0000000
f 3005/3005/3005 3006/3006/3006 3007/3007/3007
f 3005/3005/3005 3007/3007/3007 3008/3008/3008
v 0.2724975 -0.6946440 0.9400000
v 0.3000000 -0.6990000 0.9400000
v 0.3000000 -0.6990000 0.7400000
v 0.2724975 -0.6946440 0.7400000
vt 0.9800000 0.9800000
vt 0.9800000 0.7700000
vt 0.7700000 0.7700000
vt 0.7700000 0.9800000
vn 0.1564345 0.9876883 0.0000000
vn 0.1564345 0.9876883 0.0000000
vn 0.1564345 0.9876883 0.0000000
vn 0.1564345 0.9876883 0.0000000
f 3009/3009/3009 3010/3010/3010 3011/3011/3011
f 3009/3009/3009 3011/3011/3011 3012/3012/3012
v 0.3000000 -0.6990000 0.9400000
v 0.3275025 -0.6946440 0.9400000
v 0.3275025 -0.6946440 0.7400000
v 0.3000000 -0.6990000 0.7400000
vt 0.9800000 0.9800000
vt 0.9800000 0.7700000
vt 0.7700000 0.7700000
vt 0.7700000 0.9800000
vn -0.1564345 0.9876883 0.0000000
vn -0.1564345 0.9876883 0.0000000
vn -0.1564345 0.9876883 0.0000000
vn -0.1564345 0.9876883 0.0000000
f 3013/3013/3013 3014/3014/3014 3015/3015/3015
f 3013/3013/3013 3015/3015/3015 3016/3016/3016
v 0.3275025 -0.6946440 0.9400000
v 0.3523129 -0.6820025 0.9400000
v 0.3523129 -0.6820025 0.7400000
v 0.3275025 -0.6946440 0.7400000
vt 0.9800000 0.9800000
vt 0.9800000 0.7700000
vt 0.7700000 0.7700000
vt 0.7700000 0.9800000
vn -0.4539905 0.8910065 0.0000000
vn -0.4539905 0.8910065 0.0000000
vn -0.4539905 0.8910065 0.0000000
vn -0.4539905 0.8910065 0.0000000
f 3017/3017/3017 3018/3018/3018 3019/3019/3019
f 3017/3017/3017 3019/3019/3019 3020/3020/3020
v 0.3523129 -0.6820025 0.9400000
v 0.3720025 -0.6623129 0.9400000
v 0.3720025 -0.6623129 0.7400000
v 0.3523129 -0.6820025 0.7400000
vt 0.9800000 0.9800000
vt 0.9800000 0.7700000
vt 0.7700000 0.7700000
vt 0.7700000 0.9800000
vn -0.7071068 0.7071068 0.0000000
vn -0.7071068 0.7071068 0.0000000
vn -0.7071068 0.7071068 0.0000000
vn -0.7071068 0.7071068 0.0000000
f 3021/3021/3021 3022/3022/3022 3023/3023/3023
f 3021/3021/3021 3023/3023/3023 3024/3024/3024
v 0.3720025 -0.6623129 0.9400000
v 0.3846440 -0.6375025 0.9400000
v 0.3846440 -0.6375025 0.7400000
v 0.3720025 -0.6623129 0.7400000
vt 0.9800000 0.9800000
vt 0.9800000 0.7700000
vt 0.7700000 0.7700000
vt 0.7700000 0.9800000
vn -0.8910065 0.4539905 0.0000000
vn -0.8910065 0.4539905 0.0000000
vn -0.8910065 0.4539905 0.0000000
vn -0.8910065 0.4539905 0.0000000
f 3025/3025/3025 3026/3026/3026 3027/3027/3027
f 3025/3025/3025 3027/3027/3027 3028/3028/3028
v 0.3846440 -0.6375025 0.9400000
v 0.3890000 -0.6100000 0.9400000
v 0.3890000 -0.6100000 0.7400000
v 0.3846440 -0.6375025 0.7400000
vt 0.9800000 0.9800000
vt 0.9800000 0.7700000
vt 0.7700000 0.7700000
vt 0.7700000 0.9800000
vn -0.9876883 0.1564345 0.0000000
vn -0.9876883 0.1564345 0.0000000
vn -0.9876883 0.1564345 0.0000000
vn -0.9876883 0.1564345 0.0000000
f 3029/3029/3029 3030/3030/3030 3031/3031/3031
f 3029/3029/3029 3031/3031/3031 3032/3032/3032
v 0.3846440 -0.6375025 0.7350000
v 0.3720025 -0.6623129 0.7350000
v 0.3523129 -0.6820025 0.7350000
v 0.3275025 -0.6946440 0.7350000
v 0.3000000 -0.6990000 0.7350000
v 0.2724975 -0.6946440 0.7350000
v 0.2476871 -0.6820025 0.7350000
v 0.2279975 -0.6623129 0.7350000
v 0.2153560 -0.6375025 0.7350000
v 0.2110000 -0.6100000 0.7350000
v 0.2153560 -0.5824975 0.7350000
v 0.2279975 -0.5576871 0.7350000
v 0.2476871 -0.5379975 0.7350000
v 0.2724975 -0.5253560 0.7350000
v 0.3000000 -0.5210000 0.7350000
v 0.3275025 -0.5253560 0.7350000
v 0.3523129 -0.5379975 0.7350000
v 0.3720025 -0.5576871 0.7350000
v 0.3846440 -0.5824975 0.7350000
v 0.3890000 -0.6100000 0.7350000
vt 0.9748609 0.4074468
vt 0.9599468 0.4367175
vt 0.9367175 0.4599468
vt 0.9074468 0.4748609
vt 0.8750000 0.4800000
vt 0.8425532 0.4748609
vt 0.8132825 0.4599468
vt 0.7900532 0.4367175
vt 0.7751391 0.4074468
vt 0.7700000 0.3750000
vt 0.7751391 0.3425532
vt 0.7900532 0.3132825
vt 0.8132825 0.2900532
vt 0.8425532 0.2751391
vt 0.8750000 0.2700000
vt 0.9074468 0.2751391
vt 0.9367175 0.2900532
vt 0.9599468 0.3132825
vt 0.9748609 0.3425532
vt 0.9800000 0.3750000
vn 0.0000000 0.0000000 -1.0000000
vn 0.0000000 0.0000000 -1.0000000
vn 0.0000000 0.0000000 -1.0000000
vn 0.0000000 0.0000000 -1.0000000
vn 0.0000000 0.0000000 -1.0000000
vn 0.0000000 0.0000000 -1.0000000
vn 0.0000000 0.0000000 -1.0000000
vn 0.0000000 0.0000000 -1.0000000
vn 0.0000000 0.0000000 -1.0000000
vn 0.0000000 0.0000000 -1.0000000
vn 0.0000000 0.0000000 -1.0000000
vn 0.0000000 0.0000000 -1.0000000
vn 0.0000000 0.0000000 -1.0000000
vn 0.0000000 0.0000000 -1.0000000
vn 0.0000000 0.0000000 -1.0000000
vn 0.0000000 0.0000000 -1.0000000
vn 0.0000000 0.0000000 -1.0000000
vn 0.0000000 0.0000000 -1.0000000
vn 0.0000000 0.0000000 -1.0000000
vn 0.0000000 0.0000000 -1.0000000
f 3033/3033/3033 3034/3034/3034 3035/3035/3035
f 3033/3033/3033 3035/3035/3035 3036/3036/3036
f 3033/3033/3033 3036/3036/3036 3037/3037/3037
f 3033/3033/3033 3037/3037/3037 3038/3038/3038
f 3033/3033/3033 3038/3038/3038 3039/3039/3039
f 3033/3033/3033 3039/3039/3039 3040/3040/3040
f 3033/3033/3033 3040/3040/3040 3041/3041/3041
f 3033/3033/3033 3041/3041/3041 3042/3042/3042
f 3033/3033/3033 3042/3042/3042 3043/3043/3043
f 3033/3033/3033 3043/3043/3043 3044/3044/3044
f 3033/3033/3033 3044/3044/3044 3045/3045/3045
f 3033/3033/3033 3045/3045/3045 3046/3046/3046
f 3033/3033/3033 3046/3046/3046 3047/3047/3047
f 3033/3033/3033 3047/3047/3047 3048/3048/3048
f 3033/3033/3033 3048/3048/3048 3049/3049/3049
f 3033/3033/3033 3049/3049/3049 3050/3050/3050
f 3033/3033/3033 3050/3050/3050 3051/3051/3051
f 3033/3033/3033 3051/3051/3051 3052/3052/3052
v 0.3890000 -0.6100000 0.7350000
v 0.3846440 -0.5824975 0.7350000
v 0.3846440 -0.5824975 0.7400000
v 0.3890000 -0.6100000 0.7400000
vt 0.7700000 0.4800000
vt 0.7700000 0.2700000
vt 0.9800000 0.2700000
vt 0.9800000 0.4800000
vn 0.9876883 0.1564345 0.0000000
vn 0.9876883 0.1564345 0.0000000
vn 0.9876883 0.1564345 0.0000000
vn 0.9876883 0.1564345 0.0000000
f 3053/3053/3053 3054/3054/3054 3055/3055/3055
f 3053/3053/3053 3055/3055/3055 3056/3056/3056
v 0.3846440 -0.5824975 0.7350000
v 0.3720025 -0.5576871 0.7350000
v 0.3720025 -0.5576871 0.7400000
v 0.3846440 -0.5824975 0.7400000
vt 0.7700000 0.4800000
vt 0.7700000 0.2700000
vt 0.9800000 0.2700000
vt 0.9800000 0.4800000
vn 0.8910065 0.4539905 0.0000000
vn 0.8910065 0.4539905 0.0000000
vn 0.8910065 0.4539905 0.0000000
vn 0.8910065 0.4539905 0.0000000
f 3057/3057/3057 3058/3058/3058 3059/3059/3059
f 3057/3057/3057 3059/3059/3059 3060/3060/3060
v 0.3720025 -0.5576871 0.7350000
v 0.3523129 -0.5379975 0.7350000
v 0.3523129 -0.5379975 0.7400000
v 0.3720025 -0.5576871 0.7400000
vt 0.7700000 0.2700000
vt 0.7700000 0.4800000
vt 0.9800000 0.4800000
vt 0.9800000 0.2700000
vn 0.7071068 0.7071068 0.0000000
vn 0.7071068 0.7071068 0.0000000
vn 0.7071068 0.7071068 0.0000000
vn 0.7071068 0.7071068 0.0000000
f 3061/3061/3061 3062/3062/3062 3063/3063/3063
f 3061/3061/3061 3063/3063/3063 3064/3064/3064
v 0.3523129 -0.5379975 0.7350000
v 0.3275025 -0.5253560 0.7350000
v 0.3275025 -0.5253560 0.7400000
v 0.3523129 -0.5379975 0.7400000
vt 0.7700000 0.2700000
vt 0.7700000 0.4800000
vt 0.9800000 0.4800000
vt 0.9800000 0.2700000
vn 0.4539905 0.8910065 0.0000000
vn 0.4539905 0.8910065 0.0000000
vn 0.4539905 0.8910065 0.0000000
vn 0.4539905 0.8910065 0.0000000
f 3065/3065/3065 3066/3066/3066 3067/3067/3067
f 3065/3065/3065 3067/3067/3067 3068/3068/3068
v 0.3275025 -0.5253560 0.7350000
v 0.3000000 -0.5210000 0.7350000
v 0.3000000 -0.5210000 0.7400000
v 0.3275025 -0.5253560 0.7400000
vt 0.7700000 0.2700000
vt 0.7700000 0.4800000
vt 0.9800000 0.4800000
vt 0.9800000 0.2700000
vn 0.1564345 0.9876883 0.0000000
vn 0.1564345 0.9876883 0.0000000
vn 0.1564345 0.9876883 0.0000000
vn 0.1564345 0.9876883 0.0000000
f 3069/3069/3069 3070/3070/3070 3071/3071/3071
f 3069/3069/3069 3071/3071/3071 3072/3072/3072
v 0.3000000 -0.5210000 0.7350000
v 0.2724975 -0.5253560 0.7350000
v 0.2724975 -0.5253560 0.7400000
v 0.3000000 -0.5210000 0.7400000
vt 0.7700000 0.2700000
vt 0.7700000 0.4800000
vt 0.9800000 0.4800000
vt 0.9800000 0.2700000
vn -0.1564345 0.9876883 0.0000000
vn -0.1564345 0.9876883 0.0000000
vn -0.1564345 0.9876883 0.0000000
vn -0.1564345 0.9876883 0.0000000
f 3073/3073/3073 3074/3074/3074 3075/3075/3075
f 3073/3073/3073 3075/3075/3075 3076/3076/3076
v 0.2724975 -0.5253560 0.7350000
v 0.2476871 -0.5379975 0.7350000
v 0.2476871 -0.5379975 0.7400000
v 0.2724975 -0.5253560 0.7400000
vt 0.7700000 0.2700000
vt 0.7700000 0.4800000
vt 0.9800000 0.4800000
vt 0.9800000 0.2700000
vn -0.4539905 0.8910065 0.0000000
vn -0.4539905 0.8910065 0.0000000
vn -0.4539905 0.8910065 0.0000000
vn -0.4539905 0.8910065 0.0000000
f 3077/3077/3077 3078/3078/3078 3079/3079/3079
f 3077/3077/3077 3079/3079/3079 3080/3080/3080
v 0.2476871 -0.5379975 0.7350000
v 0.2279975 -0.5576871 0.7350000
v 0.2279975 -0.5576871 0.7400000
v 0.2476871 -0.5379975 0.7400000
vt 0.7700000 0.2700000
vt 0.7700000 0.4800000
vt 0.9800000 0.4800000
vt 0.9800000 0.2700000
vn -0.7071068 0.7071068 0.0000000
vn -0.7071068 0.7071068 0.0000000
vn -0.7071068 0.7071068 0.0000000
vn -0.7071068 0.7071068 0.0000000
f 3081/3081/3081 3082/3082/3082 3083/3083/3083
f 3081/3081/3081 3083/3083/3083 3084/3084/3084
v 0.2279975 -0.5576871 0.7350000
v 0.2153560 -0.5824975 0.7350000
v 0.2153560 -0.5824975 0.7400000
v 0.2279975 -0.5576871 0.7400000
vt 0.7700000 0.2700000
vt 0.7700000 0.4800000
vt 0.9800000 0.4800000
vt 0.9800000 0.2700000
vn -0.8910065 0.4539905 0.0000000
vn -0.8910065 0.4539905 0.0000000
vn -0.8910065 0.4539905 0.0000000
vn -0.8910065 0.4539905 0.0000000
f 3085/3085/3085 3086/3086/3086 3087/3087/3087
f 3085/3085/3085 3087/3087/3087 3088/3088/3088
v 0.2153560 -0.5824975 0.7350000
v 0.2110000 -0.6100000 0.7350000
v 0.2110000 -0.6100000 0.7400000
v 0.2153560 -0.5824975 0.7400000
vt 0.7700000 0.2700000
vt 0.7700000 0.4800000
vt 0.9800000 0.4800000
vt 0.9800000 0.2700000
vn -0.9876883 0.1564345 0.0000000
vn -0.9876883 0.1564345 0.0000000
vn -0.9876883 0.1564345 0.0000000
vn -0.9876883 0.1564345 0.0000000
f 3089/3089/3089 3090/3090/3090 3091/3091/3091
f 3089/3089/3089 3091/3091/3091 3092/3092/3092
v 0.2110000 -0.6100000 0.7350000
v 0.2153560 -0.6375025 0.7350000
v 0.2153560 -0.6375025 0.7400000
v 0.2110000 -0.6100000 0.7400000
vt 0.7700000 0.2700000
vt 0.7700000 0.4800000
vt 0.9800000 0.4800000
vt 0.9800000 0.2700000
vn -0.9876883 -0.1564345 0.0000000
vn -0.9876883 -0.1564345 0.0000000
vn -0.9876883 -0.1564345 0.0000000
vn -0.9876883 -0.1564345 0.0000000
f 3093/3093/3093 3094/3094/3094 3095/3095/3095
f 3093/3093/3093 3095/3095/3095 3096/3096/3096
v 0.2153560 -0.6375025 0.7350000
v 0.2279975 -0.6623129 0.7350000
v 0.2279975 -0.6623129 0.7400000
v 0.2153560 -0.6375025 0.7400000
vt 0.7700000 0.2700000
vt 0.7700000 0.4800000
vt 0.9800000 0.4800000
vt 0.9800000 0.2700000
vn -0.8910065 -0.4539905 0.0000000
vn -0.8910065 -0.4539905 0.0000000
vn -0.8910065 -0.4539905 0.0000000
vn -0.8910065 -0.4539905 0.0000000
f 3097/3097/3097 3098/3098/3098 3099/3099/3099
f 3097/3097/3097 3099/3099/3099 3100/3100/3100
v 0.2279975 -0.6623129 0.7350000
v 0.2476871 -0.6820025 0.7350000
v 0.2476871 -0.6820025 0.7400000
v 0.2279975 -0.6623129 0.7400000
vt 0.7700000 0.2700000
vt 0.7700000 0.4800000
vt 0.9800000 0.4800000
vt 0.9800000 0.2700000
vn -0.7071068 -0.7071068 0.0000000
vn -0.7071068 -0.7071068 0.0000000
vn -0.7071068 -0.7071068 0.0000000
vn -0.7071068 -0.7071068 0.0000000
f 3101/3101/3101 3102/3102/3102 3103/3103/3103
f 3101/3101/3101 3103/3103/3103 3104/3104/3104
v 0.2476871 -0.6820025 0.7350000
v 0.2724975 -0.6946440 0.7350000
v 0.2724975 -0.6946440 0.7400000
v 0.2476871 -0.6820025 0.7400000
vt 0.7700000 0.4800000
vt 0.7700000 0.2700000
vt 0.9800000 0.2700000
vt 0.9800000 0.4800000
vn -0.4539905 -0.8910065 0.0000000
vn -0.4539905 -0.8910065 0.0000000
vn -0.4539905 -0.8910065 0.0000000
vn -0.4539905 -0.8910065 0.0000000
f 3105/3105/3105 3106/3106/3106 3107/3107/3107
f 3105/3105/3105 3107/3107/3107 3108/3108/3108
v 0.2724975 -0.6946440 0.7350000
v 0.3000000 -0.6990000 0.7350000
v 0.3000000 -0.6990000 0.7400000
v 0.2724975 -0.6946440 0.7400000
vt 0.7700000 0.4800000
vt 0.7700000 0.2700000
vt 0.9800000 0.2700000
vt 0.9800000 0.4800000
vn -0.1564345 -0.9876883 0.0000000
vn -0.1564345 -0.9876883 0.0000000
vn -0.1564345 -0.9876883 0.0000000
vn -0.1564345 -0.9876883 0.0000000
f 3109/3109/3109 3110/3110/3110 3111/3111/3111
f 3109/3109/3109 3111/3111/3111 3112/3112/3112
v 0.3000000 -0.6990000 0.7350000
v 0.3275025 -0.6946440 0.7350000
v 0.3275025 -0.6946440 0.7400000
v 0.3000000 -0.6990000 0.7400000
vt 0.7700000 0.4800000
vt 0.7700000 0.2700000
vt 0.9800000 0.2700000
vt 0.9800000 0.4800000
vn 0.1564345 -0.9876883 0.0000000
vn 0.1564345 -0.9876883 0.0000000
vn 0.1564345 -0.9876883 0.0000000
vn 0.1564345 -0.9876883 0.0000000
f 3113/3113/3113 3114/3114/3114 3115/3115/3115
f 3113/3113/3113 3115/3115/3115 3116/3116/3116
v 0.3275025 -0.6946440 0.7350000
v 0.3523129 -0.6820025 0.7350000
v 0.3523129 -0.6820025 0.7400000
v 0.3275025 -0.6946440 0.7400000
vt 0.7700000 0.4800000
vt 0.7700000 0.2700000
vt 0.9800000 0.2700000
vt 0.9800000 0.4800000
vn 0.4539905 -0.8910065 0.0000000
vn 0.4539905 -0.8910065 0.0000000
vn 0.4539905 -0.8910065 0.0000000
vn 0.4539905 -0.8910065 0.0000000
f 3117/3117/3117 3118/3118/3118 3119/3119/3119
f 3117/3117/3117 3119/3119/3119 3120/3120/3120
v 0.3523129 -0.6820025 0.7350000
v 0.3720025 -0.6623129 0.7350000
v 0.3720025 -0.6623129 0.7400000
v 0.3523129 -0.6820025 0.7400000
vt 0.7700000 0.4800000
vt 0.7700000 0.2700000
vt 0.9800000 0.2700000
vt 0.9800000 0.4800000
vn 0.7071068 -0.7071068 0.0000000
vn 0.7071068 -0.7071068 0.0000000
vn 0.7071068 -0.7071068 0.0000000
vn 0.7071068 -0.7071068 0.0000000
f 3121/3121/3121 3122/3122/3122 3123/3123/3123
f 3121/3121/3121 3123/3123/3123 3124/3124/3124
v 0.3720025 -0.6623129 0.7350000
v 0.3846440 -0.6375025 0.7350000
v 0.3846440 -0.6375025 0.7400000
v 0.3720025 -0.6623129 0.7400000
vt 0.7700000 0.4800000
vt 0.7700000 0.2700000
vt 0.9800000 0.2700000
vt 0.9800000 0.4800000
vn 0.8910065 -0.4539905 0.0000000
vn 0.8910065 -0.4539905 0.0000000
vn 0.8910065 -0.4539905 0.0000000
vn 0.8910065 -0.4539905 0.0000000
f 3125/3125/3125 3126/3126/3126 3127/3127/3127
f 3125/3125/3125 3127/3127/3127 3128/3128/3128
v 0.3846440 -0.6375025 0.7350000
v 0.3890000 -0.6100000 0.7350000
v 0.3890000 -0.6100000 0.7400000
v 0.3846440 -0.6375025 0.7400000
vt 0.7700000 0.4800000
vt 0.7700000 0.2700000
vt 0.9800000 0.2700000
vt 0.9800000 0.4800000
vn 0.9876883 -0.1564345 0.0000000
vn 0.9876883 -0.1564345 0.0000000
vn 0.9876883 -0.1564345 0.0000000
vn 0.9876883 -0.1564345 0.0000000
f 3129/3129/3129 3130/3130/3130 3131/3131/3131
f 3129/3129/3129 3131/3131/3131 3132/3132/3132
v 0.3890000 -0.6100000 0.7400000
v 0.3846440 -0.5824975 0.7400000
v 0.3720025 -0.5576871 0.7400000
v 0.3523129 -0.5379975 0.7400000
v 0.3275025 -0.5253560 0.7400000
v 0.3000000 -0.5210000 0.7400000
v 0.2724975 -0.5253560 0.7400000
v 0.2476871 -0.5379975 0.7400000
v 0.2279975 -0.5576871 0.7400000
v 0.2153560 -0.5824975 0.7400000
v 0.2110000 -0.6100000 0.7400000
v 0.2153560 -0.6375025 0.7400000
v 0.2279975 -0.6623129 0.7400000
v 0.2476871 -0.6820025 0.7400000
v 0.2724975 -0.6946440 0.7400000
v 0.3000000 -0.6990000 0.7400000
v 0.3275025 -0.6946440 0.7400000
v 0.3523129 -0.6820025 0.7400000
v 0.3720025 -0.6623129 0.7400000
v 0.3846440 -0.6375025 0.7400000
vt 0.9800000 0.3750000
vt 0.9748609 0.3425532
vt 0.9599468 0.3132825
vt 0.9367175 0.2900532
vt 0.9074468 0.2751391
vt 0.8750000 0.2700000
vt 0.8425532 0.2751391
vt 0.8132825 0.2900532
vt 0.7900532 0.3132825
vt 0.7751391 0.3425532
vt 0.7700000 0.3750000
vt 0.7751391 0.4074468
vt 0.7900532 0.4367175
vt 0.8132825 0.4599468
vt 0.8425532 0.4748609
vt 0.8750000 0.4800000
vt 0.9074468 0.4748609
vt 0.9367175 0.4599468
vt 0.9599468 0.4367175
vt 0.9748609 0.4074468
vn 0.0000000 0.0000000 1.0000000
vn 0.0000000 0.0000000 1.0000000
vn 0.0000000 0.0000000 1.0000000
vn 0.0000000 0.0000000 1.0000000
vn 0.0000000 0.0000000 1.0000000
vn 0.0000000 0.0000000 1.0000000
vn 0.0000000 0.0000000 1.0000000
vn 0.0000000 0.0000000 1.0000000
vn 0.0000000 0.0000000 1.0000000
vn 0.0000000 0.0000000 1.0000000
vn 0.0000000 0.0000000 1.0000000
vn 0.0000000 0.0000000 1.0000000
vn 0.0000000 0.0000000 1.0000000
vn 0.0000000 0.0000000 1.0000000
vn 0.0000000 0.0000000 1.0000000
vn 0.0000000 0.0000000 1.0000000
vn 0.0000000 0.0000000 1.0000000
vn 0.0000000 0.0000000 1.0000000
vn 0.0000000 0.0000000 1.0000000
vn 0.0000000 0.0000000 1.0000000
f 3133/3133/3133 3134/3134/3134 3135/3135/3135
f 3133/3133/3133 3135/3135/3135 3136/3136/3136
f 3133/3133/3133 3136/3136/3136 3137/3137/3137
f 3133/3133/3133 3137/3137/3137 3138/3138/3138
f 3133/3133/3133 3138/3138/3138 3139/3139/3139
f 3133/3133/3133 3139/3139/3139 3140/3140/3140
f 3133/3133/3133 3140/3140/3140 3141/3141/3141
f 3133/3133/3133 3141/3141/3141 3142/3142/3142
f 3133/3133/3133 3142/3142/3142 3143/3143/3143
f 3133/3133/3133 3143/3143/3143 3144/3144/3144
f 3133/3133/3133 3144/3144/3144 3145/3145/3145
f 3133/3133/3133 3145/3145/3145 3146/3146/3146
f 3133/3133/3133 3146/3146/3146 3147/3147/3147
f 3133/3133/3133 3147/3147/3147 3148/3148/3148
f 3133/3133/3133 3148/3148/3148 3149/3149/3149
f 3133/3133/3133 3149/3149/3149 3150/3150/3150
f 3133/3133/3133 3150/3150/3150 3151/3151/3151
f 3133/3133/3133 3151/3151/3151 3152/3152/3152
v 0.4570000 -0.6100000 0.3100000
v 0.4493159 -0.5614843 0.3100000
v 0.4493159 -0.5614843 0.3700000
v 0.4570000 -0.6100000 0.3700000
vt 0.2700000 0.7300000
vt 0.2700000 0.5200000
vt 0.4800000 0.5200000
vt 0.4800000 0.7300000
vn 0.9876883 0.1564345 0.0000000
vn 0.9876883 0.1564345 0.0000000
vn 0.9876883 0.1564345 0.0000000
vn 0.9876883 0.1564345 0.0000000
f 3153/3153/3153 3154/3154/3154 3155/3155/3155
f 3153/3153/3153 3155/3155/3155 3156/3156/3156
v 0.4493159 -0.5614843 0.3100000
v 0.4270157 -0.5177177 0.3100000
v 0.4270157 -0.5177177 0.3700000
v 0.4493159 -0.5614843 0.3700000
vt 0.2700000 0.7300000
vt 0.2700000 0.5200000
vt 0.4800000 0.5200000
vt 0.4800000 0.7300000
vn 0.8910065 0.4539905 0.0000000
vn 0.8910065 0.4539905 0.0000000
vn 0.8910065 0.4539905 0.0000000
vn 0.8910065 0.4539905 0.0000000
f 3157/3157/3157 3158/3158/3158 3159/3159/3159
f 3157/3157/3157 3159/3159/3159 3160/3160/3160
v 0.4270157 -0.5177177 0.3100000
v 0.3922823 -0.4829843 0.3100000
v 0.3922823 -0.4829843 0.3700000
v 0.4270157 -0.5177177 0.3700000
vt 0.2700000 0.5200000
vt 0.2700000 0.7300000
vt 0.4800000 0.7300000
vt 0.4800000 0.5200000
vn 0.7071068 0.7071068 0.0000000
vn 0.7071068 0.7071068 0.0000000
vn 0.7071068 0.7071068 0.0000000
vn 0.7071068 0.7071068 0.0000000
f 3161/3161/3161 3162/3162/3162 3163/3163/3163
f 3161/3161/3161 3163/3163/3163 3164/3164/3164
v 0.3922823 -0.4829843 0.3100000
v 0.3485157 -0.4606841 0.3100000
v 0.3485157 -0.4606841 0.3700000
v 0.3922823 -0.4829843 0.3700000
vt 0.2700000 0.5200000
vt 0.2700000 0.7300000
vt 0.4800000 0.7300000
vt 0.4800000 0.5200000
vn 0.4539905 0.8910065 0.0000000
vn 0.4539905 0.8910065 0.0000000
vn 0.4539905 0.8910065 0.0000000
vn 0.4539905 0.8910065 0.0000000
f 3165/3165/3165 3166/3166/3166 3167/3167/3167
f 3165/3165/3165 3167/3167/3167 3168/3168/3168
v 0.3485157 -0.4606841 0.3100000
v 0.3000000 -0.4530000 0.3100000
v 0.3000000 -0.4530000 0.3700000
v 0.3485157 -0.4606841 0.3700000
vt 0.2700000 0.5200000
vt 0.2700000 0.7300000
vt 0.4800000 0.7300000
vt 0.4800000 0.5200000
vn 0.1564345 0.9876883 0.0000000
vn 0.1564345 0.9876883 0.0000000
vn 0.1564345 0.9876883 0.0000000
vn 0.1564345 0.9876883 0.0000000
f 3169/3169/3169 3170/3170/3170 3171/3171/3171
f 3169/3169/3169 3171/3171/3171 3172/3172/3172
v 0.3000000 -0.4530000 0.3100000
v 0.2514843 -0.4606841 0.3100000
v 0.2514843 -0.4606841 0.3700000
v 0.3000000 -0.4530000 0.3700000
vt 0.2700000 0.5200000
vt 0.2700000 0.7300000
vt 0.4800000 0.7300000
vt 0.4800000 0.5200000
vn -0.1564345 0.9876883 0.0000000
vn -0.1564345 0.9876883 0.0000000
vn -0.1564345 0.9876883 0.0000000
vn -0.1564345 0.9876883 0.0000000
f 3173/3173/3173 3174/3174/3174 3175/3175/3175
f 3173/3173/3173 3175/3175/3175 3176/3176/3176
v 0.2514843 -0.4606841 0.3100000
v 0.2077177 -0.4829843 0.3100000
v 0.2077177 -0.4829843 0.3700000
v 0.2514843 -0.4606841 0.3700000
vt 0.2700000 0.5200000
vt 0.2700000 0.7300000
vt 0.4800000 0.7300000
vt 0.4800000 0.5200000
vn -0.4539905 0.8910065 0.0000000
vn -0.4539905 0.8910065 0.0000000
vn -0.4539905 0.8910065 0.0000000
vn -0.4539905 0.8910065 0.0000000
f 3177/3177/3177 3178/3178/3178 3179/3179/3179
f 3177/3177/3177 3179/3179/3179 3180/3180/3180
v 0.2077177 -0.4829843 0.3100000
v 0.1729843 -0.5177177 0.3100000
v 0.1729843 -0.5177177 0.3700000
v 0.2077177 -0.4829843 0.3700000
vt 0.2700000 0.5200000
vt 0.2700000 0.7300000
vt 0.4800000 0.7300000
vt 0.4800000 0.5200000
vn -0.7071068 0.7071068 0.0000000
vn -0.7071068 0.7071068 0.0000000
vn -0.7071068 0.7071068 0.0000000
vn -0.7071068 0.7071068 0.0000000
f 3181/3181/3181 3182/3182/3182 3183/3183/3183
f 3181/3181/3181 3183/3183/3183 3184/3184/3184
v 0.1729843 -0.5177177 0.3100000
v 0.1506841 -0.5614843 0.3100000
v 0.1506841 -0.5614843 0.3700000
v 0.1729843 -0.5177177 0.3700000
vt 0.2700000 0.5200000
vt 0.2700000 0.7300000
vt 0.4800000 0.7300000
vt 0.4800000 0.5200000
vn -0.8910065 0.4539905 0.0000000
vn -0.8910065 0.4539905 0.0000000
vn -0.8910065 0.4539905 0.0000000
vn -0.8910065 0.4539905 0.0000000
f 3185/3185/3185 3186/3186/3186 3187/3187/3187
f 3185/3185/3185 3187/3187/3187 3188/3188/3188
v 0.1506841 -0.5614843 0.3100000
v 0.1430000 -0.6100000 0.3100000
v 0.1430000 -0.6100000 0.3700000
v 0.1506841 -0.5614843 0.3700000
vt 0.2700000 0.5200000
vt 0.2700000 0.7300000
vt 0.4800000 0.7300000
vt 0.4800000 0.5200000
vn -0.9876883 0.1564345 0.0000000
vn -0.9876883 0.1564345 0.0000000
vn -0.9876883 0.1564345 0.0000000
vn -0.9876883 0.1564345 0.0000000
f 3189/3189/3189 3190/3190/3190 3191/3191/3191
f 3189/3189/3189 3191/3191/3191 3192/3192/3192
v 0.1430000 -0.6100000 0.3100000
v 0.1506841 -0.6585157 0.3100000
v 0.1506841 -0.6585157 0.3700000
v 0.1430000 -0.6100000 0.3700000
vt 0.2700000 0.5200000
vt 0.2700000 0.7300000
vt 0.4800000 0.7300000
vt 0.4800000 0.5200000
vn -0.9876883 -0.1564345 0.0000000
vn -0.9876883 -0.1564345 0.0000000
vn -0.9876883 -0.1564345 0.0000000
vn -0.9876883 -0.1564345 0.0000000
f 3193/3193/3193 3194/3194/3194 3195/3195/3195
f 3193/3193/3193 3195/3195/3195 3196/3196/3196
v 0.1506841 -0.6585157 0.3100000
v 0.1729843 -0.7022823 0.3100000
v 0.1729843 -0.7022823 0.3700000
v 0.1506841 -0.6585157 0.3700000
vt 0.2700000 0.5200000
vt 0.2700000 0.7300000
vt 0.4800000 0.7300000
vt 0.4800000 0.5200000
vn -0.8910065 -0.4539905 0.0000000
vn -0.8910065 -0.4539905 0.0000000
vn -0.8910065 -0.4539905 0.0000000
vn -0.8910065 -0.4539905 0.0000000
f 3197/3197/3197 3198/3198/3198 3199/3199/3199
f 3197/3197/3197 3199/3199/3199 3200/3200/3200
v 0.1729843 -0.7022823 0.3100000
v 0.2077177 -0.7370157 0.3100000
v 0.2077177 -0.7370157 0.3700000
v 0.1729843 -0.7022823 0.3700000
vt 0.2700000 0.7300000
vt 0.2700000 0.5200000
vt 0.4800000 0.5200000
vt 0.4800000 0.7300000
vn -0.7071068 -0.7071068 0.0000000
vn -0.7071068 -0.7071068 0.0000000
vn -0.7071068 -0.7071068 0.0000000
vn -0.7071068 -0.7071068 0.0000000
f 3201/3201/3201 3202/3202/3202 3203/3203/3203
f 3201/3201/3201 3203/3203/3203 3204/3204/3204
v 0.2077177 -0.7370157 0.3100000
v 0.2514843 -0.7593159 0.3100000
v 0.2514843 -0.7593159 0.3700000
v 0.2077177 -0.7370157 0.3700000
vt 0.2700000 0.7300000
vt 0.2700000 0.5200000
vt 0.4800000 0.5200000
vt 0.4800000 0.7300000
vn -0.4539905 -0.8910065 0.0000000
vn -0.4539905 -0.8910065 0.0000000
vn -0.4539905 -0.8910065 0.0000000
vn -0.4539905 -0.8910065 0.0000000
f 3205/3205/3205 3206/3206/3206 3207/3207/3207
f 3205/3205/3205 3207/3207/3207 3208/3208/3208
v 0.2514843 -0.7593159 0.3100000
v 0.3000000 -0.7670000 0.3100000
v 0.3000000 -0.7670000 0.3700000
v 0.2514843 -0.7593159 0.3700000
vt 0.2700000 0.7300000
vt 0.2700000 0.5200000
vt 0.4800000 0.5200000
vt 0.4800000 0.7300000
vn -0.1564345 -0.9876883 0.0000000
vn -0.1564345 -0.9876883 0.0000000
vn -0.1564345 -0.9876883 0.0000000
vn -0.1564345 -0.9876883 0.0000000
f 3209/3209/3209 3210/3210/3210 3211/3211/3211
f 3209/3209/3209 3211/3211/3211 3212/3212/3212
v 0.3000000 -0.7670000 0.3100000
v 0.3485157 -0.7593159 0.3100000
v 0.3485157 -0.7593159 0.3700000
v 0.3000000 -0.7670000 0.3700000
vt 0.2700000 0.7300000
vt 0.2700000 0.5200000
vt 0.4800000 0.5200000
vt 0.4800000 0.7300000
vn 0.1564345 -0.9876883 0.0000000
vn 0.1564345 -0.9876883 0.0000000
vn 0.1564345 -0.9876883 0.0000000
vn 0.1564345 -0.9876883 0.0000000
f 3213/3213/3213 3214/3214/3214 3215/3215/3215
f 3213/3213/3213 3215/3215/3215 3216/3216/3216
v 0.3485157 -0.7593159 0.3100000
v 0.3922823 -0.7370157 0.3100000
v 0.3922823 -0.7370157 0.3700000
v 0.3485157 -0.7593159 0.3700000
vt 0.2700000 0.7300000
vt 0.2700000 0.5200000
vt 0.4800000 0.5200000
vt 0.4800000 0.7300000
vn 0.4539905 -0.8910065 0.0000000
vn 0.4539905 -0.8910065 0.0000000
vn 0.4539905 -0.8910065 0.0000000
vn 0.4539905 -0.8910065 0.0000000
f 3217/3217/3217 3218/3218/3218 3219/3219/3219
f 3217/3217/3217 3219/3219/3219 3220/3220/3220
v 0.3922823 -0.7370157 0.3100000
v 0.4270157 -0.7022823 0.3100000
v 0.4270157 -0.7022823 0.3700000
v 0.3922823 -0.7370157 0.3700000
vt 0.2700000 0.7300000
vt 0.2700000 0.5200000
vt 0.4800000 0.5200000
vt 0.4800000 0.7300000
vn 0.7071068 -0.7071068 0.0000000
vn 0.7071068 -0.7071068 0.0000000
vn 0.7071068 -0.7071068 0.0000000
vn 0.7071068 -0.7071068 0.0000000
f 3221/3221/3221 3222/3222/3222 3223/3223/3223
f 3221/3221/3221 3223/3223/3223 3224/3224/3224
v 0.4270157 -0.7022823 0.3100000
v 0.4493159 -0.6585157 0.3100000
v 0.4493159 -0.6585157 0.3700000
v 0.4270157 -0.7022823 0.3700000
vt 0.2700000 0.7300000
vt 0.2700000 0.5200000
vt 0.4800000 0.5200000
vt 0.4800000 0.7300000
vn 0.8910065 -0.4539905 0.0000000
vn 0.8910065 -0.4539905 0.0000000
vn 0.8910065 -0.4539905 0.0000000
vn 0.8910065 -0.4539905 0.0000000
f 3225/3225/3225 3226/3226/3226 3227/3227/3227
f 3225/3225/3225 3227/3227/3227 3228/3228/3228
v 0.4493159 -0.6585157 0.3100000
v 0.4570000 -0.6100000 0.3100000
v 0.4570000 -0.6100000 0.3700000
v 0.4493159 -0.6585157 0.3700000
vt 0.2700000 0.7300000
vt 0.2700000 0.5200000
vt 0.4800000 0.5200000
vt 0.4800000 0.7300000
vn 0.9876883 -0.1564345 0.0000000
vn 0.9876883 -0.1564345 0.0000000
vn 0.9876883 -0.1564345 0.0000000
vn 0.9876883 -0.1564345 0.0000000
f 3229/3229/3229 3230/3230/3230 3231/3231/3231
f 3229/3229/3229 3231/3231/3231 3232/3232/3232
v 0.3021024 0.3600000 -0.1425862
v 0.2588933 0.3600000 -0.1646024
v 0.2246024 0.3600000 -0.1988933
v 0.2025862 0.3600000 -0.2421024
v 0.1950000 0.3600000 -0.2900000
v 0.2025862 0.3600000 -0.3378976
v 0.2246024 0.3600000 -0.3811067
v 0.2588933 0.3600000 -0.4153976
v 0.3021024 0.3600000 -0.4374138
v 0.3500000 0.3600000 -0.4450000
v 0.3978976 0.3600000 -0.4374138
v 0.4411067 0.3600000 -0.4153976
v 0.4753976 0.3600000 -0.3811067
v 0.4974138 0.3600000 -0.3378976
v 0.5050000 0.3600000 -0.2900000
v 0.4974138 0.3600000 -0.2421024
v 0.4753976 0.3600000 -0.1988933
v 0.4411067 0.3600000 -0.1646024
v 0.3978976 0.3600000 -0.1425862
v 0.3500000 0.3600000 -0.1350000
vt 0.5925532 0.7751391
vt 0.5632825 0.7900532
vt 0.5400532 0.8132825
vt 0.5251391 0.8425532
vt 0.5200000 0.8750000
vt 0.5251391 0.9074468
vt 0.5400532 0.9367175
vt 0.5632825 0.9599468
vt 0.5925532 0.9748609
vt 0.6250000 0.9800000
vt 0.6574468 0.9748609
vt 0.6867175 0.9599468
vt 0.7099468 0.9367175
vt 0.7248609 0.9074468
vt 0.7300000 0.8750000
vt 0.7248609 0.8425532
vt 0.7099468 0.8132825
vt 0.6867175 0.7900532
vt 0.6574468 0.7751391
vt 0.6250000 0.7700000
vn 0.0000000 -1.0000000 0.0000000
vn 0.0000000 -1.0000000 0.0000000
vn 0.0000000 -1.0000000 0.0000000
vn 0.0000000 -1.0000000 0.0000000
vn 0.0000000 -1.0000000 0.0000000
vn 0.0000000 -1.0000000 0.0000000
vn 0.0000000 -1.0000000 0.0000000
vn 0.0000000 -1.0000000 0.0000000
vn 0.0000000 -1.0000000 0.0000000
vn 0.0000000 -1.0000000 0.0000000
vn 0.0000000 -1.0000000 0.0000000
vn 0.0000000 -1.0000000 0.0000000
vn 0.0000000 -1.0000000 0.0000000
vn 0.0000000 -1.0000000 0.0000000
vn 0.0000000 -1.0000000 0.0000000
vn 0.0000000 -1.0000000 0.0000000
vn 0.0000000 -1.0000000 0.0000000
vn 0.0000000 -1.0000000 0.0000000
vn 0.0000000 -1.0000000 0.0000000
vn 0.0000000 -1.0000000 0.0000000
f 3233/3233/3233 3234/3234/3234 3235/3235/3235
f 3233/3233/3233 3235/3235/3235 3236/3236/3236
f 3233/3233/3233 3236/3236/3236 3237/3237/3237
f 3233/3233/3233 3237/3237/3237 3238/3238/3238
f 3233/3233/3233 3238/3238/3238 3239/3239/3239
f 3233/3233/3233 3239/3239/3239 3240/3240/3240
f 3233/3233/3233 3240/3240/3240 3241/3241/3241
f 3233/3233/3233 3241/3241/3241 3242/3242/3242
f 3233/3233/3233 3242/3242/3242 3243/3243/3243
f 3233/3233/3233 3243/3243/3243 3244/3244/3244
f 3233/3233/3233 3244/3244/3244 3245/3245/3245
f 3233/3233/3233 3245/3245/3245 3246/3246/3246
f 3233/3233/3233 3246/3246/3246 3247/3247/3247
f 3233/3233/3233 3247/3247/3247 3248/3248/3248
f 3233/3233/3233 3248/3248/3248 3249/3249/3249
f 3233/3233/3233 3249/3249/3249 3250/3250/3250
f 3233/3233/3233 3250/3250/3250 3251/3251/3251
f 3233/3233/3233 3251/3251/3251 3252/3252/3252
v 0.3500000 0.3600000 -0.1350000
v 0.3978976 0.3600000 -0.1425862
v 0.3978976 0.6900000 -0.1425862
v 0.3500000 0.6900000 -0.1350000
vt 0.5200000 0.9800000
vt 0.5200000 0.7700000
vt 0.7300000 0.7700000
vt 0.7300000 0.9800000
vn 0.1564345 0.0000000 0.9876883
vn 0.1564345 0.0000000 0.9876883
vn 0.1564345 0.0000000 0.9876883
vn 0.1564345 0.0000000 0.9876883
f 3253/3253/3253 3254/3254/3254 3255/3255/3255
f 3253/3253/3253 3255/3255/3255 3256/3256/3256
v 0.3978976 0.3600000 -0.1425862
v 0.4411067 0.3600000 -0.1646024
v 0.4411067 0.6900000 -0.1646024
v 0.3978976 0.6900000 -0.1425862
vt 0.5200000 0.9800000
vt 0.5200000 0.7700000
vt 0.7300000 0.7700000
vt 0.7300000 0.9800000
vn 0.4539905 0.0000000 0.8910065
vn 0.4539905 0.0000000 0.8910065
vn 0.4539905 0.0000000 0.8910065
vn 0.4539905 0.0000000 0.8910065
f 3257/3257/3257 3258/3258/3258 3259/3259/3259
f 3257/3257/3257 3259/3259/3259 3260/3260/3260
v 0.4411067 0.3600000 -0.1646024
v 0.4753976 0.3600000 -0.1988933
v 0.4753976 0.6900000 -0.1988933
v 0.4411067 0.6900000 -0.1646024
vt 0.5200000 0.9800000
vt 0.5200000 0.7700000
vt 0.7300000 0.7700000
vt 0.7300000 0.9800000
vn 0.7071068 0.0000000 0.7071068
vn 0.7071068 0.0000000 0.7071068
vn 0.7071068 0.0000000 0.7071068
vn 0.7071068 0.0000000 0.7071068
f 3261/3261/3261 3262/3262/3262 3263/3263/3263
f 3261/3261/3261 3263/3263/3263 3264/3264/3264
v 0.4753976 0.3600000 -0.1988933
v 0.4974138 0.3600000 -0.2421024
v 0.4974138 0.6900000 -0.2421024
v 0.4753976 0.6900000 -0.1988933
vt 0.5200000 0.7700000
vt 0.5200000 0.9800000
vt 0.7300000 0.9800000
vt 0.7300000 0.7700000
vn 0.8910065 0.0000000 0.4539905
vn 0.8910065 0.0000000 0.4539905
vn 0.8910065 0.0000000 0.4539905
vn 0.8910065 0.0000000 0.4539905
f 3265/3265/3265 3266/3266/3266 3267/3267/3267
f 3265/3265/3265 3267/3267/3267 3268/3268/3268
v 0.4974138 0.3600000 -0.2421024
v 0.5050000 0.3600000 -0.2900000
v 0.5050000 0.6900000 -0.2900000
v 0.4974138 0.6900000 -0.2421024
vt 0.5200000 0.7700000
vt 0.5200000 0.9800000
vt 0.7300000 0.9800000
vt 0.7300000 0.7700000
vn 0.9876883 0.0000000 0.1564345
vn 0.9876883 0.0000000 0.1564345
vn 0.9876883 0.0000000 0.1564345
vn 0.9876883 0.0000000 0.1564345
f 3269/3269/3269 3270/3270/3270 3271/3271/3271
f 3269/3269/3269 3271/3271/3271 3272/3272/3272
v 0.5050000 0.3600000 -0.2900000
v 0.4974138 0.3600000 -0.3378976
v 0.4974138 0.6900000 -0.3378976
v 0.5050000 0.6900000 -0.2900000
vt 0.5200000 0.7700000
vt 0.5200000 0.9800000
vt 0.7300000 0.9800000
vt 0.7300000 0.7700000
vn 0.9876883 0.0000000 -0.1564345
vn 0.9876883 0.0000000 -0.1564345
vn 0.9876883 0.0000000 -0.1564345
vn 0.9876883 0.0000000 -0.1564345
f 3273/3273/3273 3274/3274/3274 3275/3275/3275
f 3273/3273/3273 3275/3275/3275 3276/3276/3276
v 0.4974138 0.3600000 -0.3378976
v 0.4753976 0.3600000 -0.3811067
v 0.4753976 0.6900000 -0.3811067
v 0.4974138 0.6900000 -0.3378976
vt 0.5200000 0.7700000
vt 0.5200000 0.9800000
vt 0.7300000 0.9800000
vt 0.7300000 0.7700000
vn 0.8910065 0.0000000 -0.4539905
vn 0.8910065 0.0000000 -0.4539905
vn 0.8910065 0.0000000 -0.4539905
vn 0.8910065 0.0000000 -0.4539905
f 3277/3277/3277 3278/3278/3278 3279/3279/3279
f 3277/3277/3277 3279/3279/3279 3280/3280/3280
v 0.4753976 0.3600000 -0.3811067
v 0.4411067 0.3600000 -0.4153976
v 0.4411067 0.6900000 -0.4153976
v 0.4753976 0.6900000 -0.3811067
vt 0.5200000 0.7700000
vt 0.5200000 0.9800000
vt 0.7300000 0.9800000
vt 0.7300000 0.7700000
vn 0.7071068 0.0000000 -0.7071068
vn 0.7071068 0.0000000 -0.7071068
vn 0.7071068 0.0000000 -0.7071068
vn 0.7071068 0.0000000 -0.7071068
f 3281/3281/3281 3282/3282/3282 3283/3283/3283
f 3281/3281/3281 3283/3283/3283 3284/3284/3284
v 0.4411067 0.3600000 -0.4153976
v 0.3978976 0.3600000 -0.4374138
v 0.3978976 0.6900000 -0.4374138
v 0.4411067 0.6900000 -0.4153976
vt 0.5200000 0.7700000
vt 0.5200000 0.9800000
vt 0.7300000 0.9800000
vt 0.7300000 0.7700000
vn 0.4539905 0.0000000 -0.8910065
vn 0.4539905 0.0000000 -0.8910065
vn 0.4539905 0.0000000 -0.8910065
vn 0.4539905 0.0000000 -0.8910065
f 3285/3285/3285 3286/3286/3286 3287/3287/3287
f 3285/3285/3285 3287/3287/3287 3288/3288/3288
v 0.3978976 0.3600000 -0.4374138
v 0.3500000 0.3600000 -0.4450000
v 0.3500000 0.6900000 -0.4450000
v 0.3978976 0.6900000 -0.4374138
vt 0.5200000 0.7700000
vt 0.5200000 0.9800000
vt 0.7300000 0.9800000
vt 0.7300000 0.7700000
vn 0.1564345 0.0000000 -0.9876883
vn 0.1564345 0.0000000 -0.9876883
vn 0.1564345 0.0000000 -0.9876883
vn 0.1564345 0.0000000 -0.9876883
f 3289/3289/3289 3290/3290/3290 3291/3291/3291
f 3289/3289/3289 3291/3291/3291 3292/3292/3292
v 0.3500000 0.3600000 -0.4450000
v 0.3021024 0.3600000 -0.4374138
v 0.3021024 0.6900000 -0.4374138
v 0.3500000 0.6900000 -0.4450000
vt 0.5200000 0.7700000
vt 0.5200000 0.9800000
vt 0.7300000 0.9800000
vt 0.7300000 0.7700000
vn -0.1564345 0.0000000 -0.9876883
vn -0.1564345 0.0000000 -0.9876883
vn -0.1564345 0.0000000 -0.9876883
vn -0.1564345 0.0000000 -0.9876883
f 3293/3293/3293 3294/3294/3294 3295/3295/3295
f 3293/3293/3293 3295/3295/3295 3296/3296/3296
v 0.3021024 0.3600000 -0.4374138
v 0.2588933 0.3600000 -0.4153976
v 0.2588933 0.6900000 -0.4153976
v 0.3021024 0.6900000 -0.4374138
vt 0.5200000 0.7700000
vt 0.5200000 0.9800000
vt 0.7300000 0.9800000
vt 0.7300000 0.7700000
vn -0.4539905 0.0000000 -0.8910065
vn -0.4539905 0.0000000 -0.8910065
vn -0.4539905 0.0000000 -0.8910065
vn -0.4539905 0.0000000 -0.8910065
f 3297/3297/3297 3298/3298/3298 3299/3299/3299
f 3297/3297/3297 3299/3299/3299 3300/3300/3300
v 0.2588933 0.3600000 -0.4153976
v 0.2246024 0.3600000 -0.3811067
v 0.2246024 0.6900000 -0.3811067
v 0.2588933 0.6900000 -0.4153976
vt 0.5200000 0.7700000
vt 0.5200000 0.9800000
vt 0.7300000 0.9800000
vt 0.7300000 0.7700000
vn -0.7071068 0.0000000 -0.7071068
vn -0.7071068 0.0000000 -0.7071068
vn -0.7071068 0.0000000 -0.7071068
vn -0.7071068 0.0000000 -0.7071068
f 3301/3301/3301 3302/3302/3302 3303/3303/3303
f 3301/3301/3301 3303/3303/3303 3304/3304/3304
v 0.2246024 0.3600000 -0.3811067
v 0.2025862 0.3600000 -0.3378976
v 0.2025862 0.6900000 -0.3378976
v 0.2246024 0.6900000 -0.3811067
vt 0.5200000 0.9800000
vt 0.5200000 0.7700000
vt 0.7300000 0.7700000
vt 0.7300000 0.9800000
vn -0.8910065 0.0000000 -0.4539905
vn -0.8910065 0.0000000 -0.4539905
vn -0.8910065 0.0000000 -0.4539905
vn -0.8910065 0.0000000 -0.4539905
f 3305/3305/3305 3306/3306/3306 3307/3307/3307
f 3305/3305/3305 3307/3307/3307 3308/3308/3308
v 0.2025862 0.3600000 -0.3378976
v 0.1950000 0.3600000 -0.2900000
v 0.1950000 0.6900000 -0.2900000
v 0.2025862 0.6900000 -0.3378976
vt 0.5200000 0.9800000
vt 0.5200000 0.7700000
vt 0.7300000 0.7700000
vt 0.7300000 0.9800000
vn -0.9876883 0.0000000 -0.1564345
vn -0.9876883 0.0000000 -0.1564345
vn -0.9876883 0.0000000 -0.1564345
vn -0.9876883 0.0000000 -0.1564345
f 3309/3309/3309 3310/3310/3310 3311/3311/3311
f 3309/3309/3309 3311/3311/3311 3312/3312/3312
v 0.1950000 0.3600000 -0.2900000
v 0.2025862 0.3600000 -0.2421024
v 0.2025862 0.6900000 -0.2421024
v 0.1950000 0.6900000 -0.2900000
vt 0.5200000 0.9800000
vt 0.5200000 0.7700000
vt 0.7300000 0.7700000
vt 0.7300000 0.9800000
vn -0.9876883 0.0000000 0.1564345
vn -0.9876883 0.0000000 0.1564345
vn -0.9876883 0.0000000 0.1564345
vn -0.9876883 0.0000000 0.1564345
f 3313/3313/3313 3314/3314/3314 3315/3315/3315
f 3313/3313/3313 3315/3315/3315 3316/3316/3316
v 0.2025862 0.3600000 -0.2421024
v 0.2246024 0.3600000 -0.1988933
v 0.2246024 0.6900000 -0.1988933
v 0.2025862 0.6900000 -0.2421024
vt 0.5200000 0.9800000
vt 0.5200000 0.7700000
vt 0.7300000 0.7700000
vt 0.7300000 0.9800000
vn -0.8910065 0.0000000 0.4539905
vn -0.8910065 0.0000000 0.4539905
vn -0.8910065 0.0000000 0.4539905
vn -0.8910065 0.0000000 0.4539905
f 3317/3317/3317 3318/3318/3318 3319/3319/3319
f 3317/3317/3317 3319/3319/3319 3320/3320/3320
v 0.2246024 0.3600000 -0.1988933
v 0.2588933 0.3600000 -0.1646024
v 0.2588933 0.6900000 -0.1646024
v 0.2246024 0.6900000 -0.1988933
vt 0.5200000 0.9800000
vt 0.5200000 0.7700000
vt 0.7300000 0.7700000
vt 0.7300000 0.9800000
vn -0.7071068 0.0000000 0.7071068
vn -0.7071068 0.0000000 0.7071068
vn -0.7071068 0.0000000 0.7071068
vn -0.7071068 0.0000000 0.7071068
f 3321/3321/3321 3322/3322/3322 3323/3323/3323
f 3321/3321/3321 3323/3323/3323 3324/3324/3324
v 0.2588933 0.3600000 -0.1646024
v 0.3021024 0.3600000 -0.1425862
v 0.3021024 0.6900000 -0.1425862
v 0.2588933 0.6900000 -0.1646024
vt 0.5200000 0.9800000
vt 0.5200000 0.7700000
vt 0.7300000 0.7700000
vt 0.7300000 0.9800000
vn -0.4539905 0.0000000 0.8910065
vn -0.4539905 0.0000000 0.8910065
vn -0.4539905 0.0000000 0.8910065
vn -0.4539905 0.0000000 0.8910065
f 3325/3325/3325 3326/3326/3326 3327/3327/3327
f 3325/3325/3325 3327/3327/3327 3328/3328/3328
v 0.3021024 0.3600000 -0.1425862
v 0.3500000 0.3600000 -0.1350000
v 0.3500000 0.6900000 -0.1350000
v 0.3021024 0.6900000 -0.1425862
vt 0.5200000 0.9800000
vt 0.5200000 0.7700000
vt 0.7300000 0.7700000
vt 0.7300000 0.9800000
vn -0.1564345 0.0000000 0.9876883
vn -0.1564345 0.0000000 0.9876883
vn -0.1564345 0.0000000 0.9876883
vn -0.1564345 0.0000000 0.9876883
f 3329/3329/3329 3330/3330/3330 3331/3331/3331
f 3329/3329/3329 3331/3331/3331 3332/3332/3332
v 0.3500000 0.6900000 -0.1350000
v 0.3978976 0.6900000 -0.1425862
v 0.3901722 0.7600000 -0.1663627
v 0.3500000 0.7600000 -0.1600000
vt 0.5200000 0.9800000
vt 0.7300000 0.9800000
vt 0.6961290 0.7700000
vt 0.5200000 0.7700000
vn 0.1475252 0.3326563 0.9314376
vn 0.1475252 0.3326563 0.9314376
vn 0.1475252 0.3326563 0.9314376
vn 0.1475252 0.3326563 0.9314376
f 3333/3333/3333 3334/3334/3334 3335/3335/3335
f 3333/3333/3333 3335/3335/3335 3336/3336/3336
v 0.3978976 0.6900000 -0.1425862
v 0.4411067 0.6900000 -0.1646024
v 0.4264121 0.7600000 -0.1848278
v 0.3901722 0.7600000 -0.1663627
vt 0.5200000 0.9481485
vt 0.5200000 0.7700000
vt 0.7300000 0.8305851
vt 0.7300000 0.9800000
vn 0.4281349 0.3326563 0.8402620
vn 0.4281349 0.3326563 0.8402620
vn 0.4281349 0.3326563 0.8402620
vn 0.4281349 0.3326563 0.8402620
f 3337/3337/3337 3338/3338/3338 3339/3339/3339
f 3337/3337/3337 3339/3339/3339 3340/3340/3340
v 0.4411067 0.6900000 -0.1646024
v 0.4753976 0.6900000 -0.1988933
v 0.4551722 0.7600000 -0.2135879
v 0.4264121 0.7600000 -0.1848278
vt 0.5200000 0.9170044
vt 0.5200000 0.7700000
vt 0.7300000 0.8567060
vt 0.7300000 0.9800000
vn 0.6668357 0.3326563 0.6668357
vn 0.6668357 0.3326563 0.6668357
vn 0.6668357 0.3326563 0.6668357
vn 0.6668357 0.3326563 0.6668357
f 3341/3341/3341 3342/3342/3342 3343/3343/3343
f 3341/3341/3341 3343/3343/3343 3344/3344/3344
v 0.4753976 0.6900000 -0.1988933
v 0.4974138 0.6900000 -0.2421024
v 0.4736373 0.7600000 -0.2498278
v 0.4551722 0.7600000 -0.2135879
vt 0.5200000 0.7700000
vt 0.5200000 0.9481485
vt 0.7300000 0.9800000
vt 0.7300000 0.8305851
vn 0.8402620 0.3326563 0.4281349
vn 0.8402620 0.3326563 0.4281349
vn 0.8402620 0.3326563 0.4281349
vn 0.8402620 0.3326563 0.4281349
f 3345/3345/3345 3346/3346/3346 3347/3347/3347
f 3345/3345/3345 3347/3347/3347 3348/3348/3348
v 0.4974138 0.6900000 -0.2421024
v 0.5050000 0.6900000 -0.2900000
v 0.4800000 0.7600000 -0.2900000
v 0.4736373 0.7600000 -0.2498278
vt 0.7300000 0.9800000
vt 0.5200000 0.9800000
vt 0.5200000 0.7700000
vt 0.6961290 0.7700000
vn 0.9314376 0.3326563 0.1475252
vn 0.9314376 0.3326563 0.1475252
vn 0.9314376 0.3326563 0.1475252
vn 0.9314376 0.3326563 0.1475252
f 3349/3349/3349 3350/3350/3350 3351/3351/3351
f 3349/3349/3349 3351/3351/3351 3352/3352/3352
v 0.5050000 0.6900000 -0.2900000
v 0.4974138 0.6900000 -0.3378976
v 0.4736373 0.7600000 -0.3301722
v 0.4800000 0.7600000 -0.2900000
vt 0.7300000 0.9800000
vt 0.5200000 0.9800000
vt 0.5538710 0.7700000
vt 0.7300000 0.7700000
vn 0.9314376 0.3326563 -0.1475252
vn 0.9314376 0.3326563 -0.1475252
vn 0.9314376 0.3326563 -0.1475252
vn 0.9314376 0.3326563 -0.1475252
f 3353/3353/3353 3354/3354/3354 3355/3355/3355
f 3353/3353/3353 3355/3355/3355 3356/3356/3356
v 0.4974138 0.6900000 -0.3378976
v 0.4753976 0.6900000 -0.3811067
v 0.4551722 0.7600000 -0.3664121
v 0.4736373 0.7600000 -0.3301722
vt 0.5200000 0.8018515
vt 0.5200000 0.9800000
vt 0.7300000 0.9194149
vt 0.7300000 0.7700000
vn 0.8402620 0.3326563 -0.4281349
vn 0.8402620 0.3326563 -0.4281349
vn 0.8402620 0.3326563 -0.4281349
vn 0.8402620 0.3326563 -0.4281349
f 3357/3357/3357 3358/3358/3358 3359/3359/3359
f 3357/3357/3357 3359/3359/3359 3360/3360/3360
v 0.4753976 0.6900000 -0.3811067
v 0.4411067 0.6900000 -0.4153976
v 0.4264121 0.7600000 -0.3951722
v 0.4551722 0.7600000 -0.3664121
vt 0.5200000 0.7700000
vt 0.5200000 0.9170044
vt 0.7300000 0.9800000
vt 0.7300000 0.8567060
vn 0.6668357 0.3326563 -0.6668357
vn 0.6668357 0.3326563 -0.6668357
vn 0.6668357 0.3326563 -0.6668357
vn 0.6668357 0.3326563 -0.6668357
f 3361/3361/3361 3362/3362/3362 3363/3363/3363
f 3361/3361/3361 3363/3363/3363 3364/3364/3364
v 0.4411067 0.6900000 -0.4153976
v 0.3978976 0.6900000 -0.4374138
v 0.3901722 0.7600000 -0.4136373
v 0.4264121 0.7600000 -0.3951722
vt 0.5200000 0.7700000
vt 0.5200000 0.9481485
vt 0.7300000 0.9800000
vt 0.7300000 0.8305851
vn 0.4281349 0.3326563 -0.8402620
vn 0.4281349 0.3326563 -0.8402620
vn 0.4281349 0.3326563 -0.8402620
vn 0.4281349 0.3326563 -0.8402620
f 3365/3365/3365 3366/3366/3366 3367/3367/3367
f 3365/3365/3365 3367/3367/3367 3368/3368/3368
v 0.3978976 0.6900000 -0.4374138
v 0.3500000 0.6900000 -0.4450000
v 0.3500000 0.7600000 -0.4200000
v 0.3901722 0.7600000 -0.4136373
vt 0.7300000 0.9800000
vt 0.5200000 0.9800000
vt 0.5200000 0.7700000
vt 0.6961290 0.7700000
vn 0.1475252 0.3326563 -0.9314376
vn 0.1475252 0.3326563 -0.9314376
vn 0.1475252 0.3326563 -0.9314376
vn 0.1475252 0.3326563 -0.9314376
f 3369/3369/3369 3370/3370/3370 3371/3371/3371
f 3369/3369/3369 3371/3371/3371 3372/3372/3372
v 0.3500000 0.6900000 -0.4450000
v 0.3021024 0.6900000 -0.4374138
v 0.3098278 0.7600000 -0.4136373
v 0.3500000 0.7600000 -0.4200000
vt 0.7300000 0.9800000
vt 0.5200000 0.9800000
vt 0.5538710 0.7700000
vt 0.7300000 0.7700000
vn -0.1475252 0.3326563 -0.9314376
vn -0.1475252 0.3326563 -0.9314376
vn -0.1475252 0.3326563 -0.9314376
vn -0.1475252 0.3326563 -0.9314376
f 3373/3373/3373 3374/3374/3374 3375/3375/3375
f 3373/3373/3373 3375/3375/3375 3376/3376/3376
v 0.3021024 0.6900000 -0.4374138
v 0.2588933 0.6900000 -0.4153976
v 0.2735879 0.7600000 -0.3951722
v 0.3098278 0.7600000 -0.4136373
vt 0.5200000 0.8018515
vt 0.5200000 0.9800000
vt 0.7300000 0.9194149
vt 0.7300000 0.7700000
vn -0.4281349 0.3326563 -0.8402620
vn -0.4281349 0.3326563 -0.8402620
vn -0.4281349 0.3326563 -0.8402620
vn -0.4281349 0.3326563 -0.8402620
f 3377/3377/3377 3378/3378/3378 3379/3379/3379
f 3377/3377/3377 3379/3379/3379 3380/3380/3380
v 0.2588933 0.6900000 -0.4153976
v 0.2246024 0.6900000 -0.3811067
v 0.2448278 0.7600000 -0.3664121
v 0.2735879 0.7600000 -0.3951722
vt 0.5200000 0.8329956
vt 0.5200000 0.9800000
vt 0.7300000 0.8932940
vt 0.7300000 0.7700000
vn -0.6668357 0.3326563 -0.6668357
vn -0.6668357 0.3326563 -0.6668357
vn -0.6668357 0.3326563 -0.6668357
vn -0.6668357 0.3326563 -0.6668357
f 3381/3381/3381 3382/3382/3382 3383/3383/3383
f 3381/3381/3381 3383/3383/3383 3384/3384/3384
v 0.2246024 0.6900000 -0.3811067
v 0.2025862 0.6900000 -0.3378976
v 0.2263627 0.7600000 -0.3301722
v 0.2448278 0.7600000 -0.3664121
vt 0.5200000 0.9800000
vt 0.5200000 0.8018515
vt 0.7300000 0.7700000
vt 0.7300000 0.9194149
vn -0.8402620 0.3326563 -0.4281349
vn -0.8402620 0.3326563 -0.4281349
vn -0.8402620 0.3326563 -0.4281349
vn -0.8402620 0.3326563 -0.4281349
f 3385/3385/3385 3386/3386/3386 3387/3387/3387
f 3385/3385/3385 3387/3387/3387 3388/3388/3388
v 0.2025862 0.6900000 -0.3378976
v 0.1950000 0.6900000 -0.2900000
v 0.2200000 0.7600000 -0.2900000
v 0.2263627 0.7600000 -0.3301722
vt 0.5200000 0.9800000
vt 0.7300000 0.9800000
vt 0.7300000 0.7700000
vt 0.5538710 0.7700000
vn -0.9314376 0.3326563 -0.1475252
vn -0.9314376 0.3326563 -0.1475252
vn -0.9314376 0.3326563 -0.1475252
vn -0.9314376 0.3326563 -0.1475252
f 3389/3389/3389 3390/3390/3390 3391/3391/3391
f 3389/3389/3389 3391/3391/3391 3392/3392/3392
v 0.1950000 0.6900000 -0.2900000
v 0.2025862 0.6900000 -0.2421024
v 0.2263627 0.7600000 -0.2498278
v 0.2200000 0.7600000 -0.2900000
vt 0.5200000 0.9800000
vt 0.7300000 0.9800000
vt 0.6961290 0.7700000
vt 0.5200000 0.7700000
vn -0.9314376 0.3326563 0.1475252
vn -0.9314376 0.3326563 0.1475252
vn -0.9314376 0.3326563 0.1475252
vn -0.9314376 0.3326563 0.1475252
f 3393/3393/3393 3394/3394/3394 3395/3395/3395
f 3393/3393/3393 3395/3395/3395 3396/3396/3396
v 0.2025862 0.6900000 -0.2421024
v 0.2246024 0.6900000 -0.1988933
v 0.2448278 0.7600000 -0.2135879
v 0.2263627 0.7600000 -0.2498278
vt 0.5200000 0.9481485
vt 0.5200000 0.7700000
vt 0.7300000 0.8305851
vt 0.7300000 0.9800000
vn -0.8402620 0.3326563 0.4281349
vn -0.8402620 0.3326563 0.4281349
vn -0.8402620 0.3326563 0.4281349
vn -0.8402620 0.3326563 0.4281349
f 3397/3397/3397 3398/3398/3398 3399/3399/3399
f 3397/3397/3397 3399/3399/3399 3400/3400/3400
v 0.2246024 0.6900000 -0.1988933
v 0.2588933 0.6900000 -0.1646024
v 0.2735879 0.7600000 -0.1848278
v 0.2448278 0.7600000 -0.2135879
vt 0.5200000 0.9170044
vt 0.5200000 0.7700000
vt 0.7300000 0.8567060
vt 0.7300000 0.9800000
vn -0.6668357 0.3326563 0.6668357
vn -0.6668357 0.3326563 0.6668357
vn -0.6668357 0.3326563 0.6668357
vn -0.6668357 0.3326563 0.6668357
f 3401/3401/3401 3402/3402/3402 3403/3403/3403
f 3401/3401/3401 3403/3403/3403 3404/3404/3404
v 0.2588933 0.6900000 -0.1646024
v 0.3021024 0.6900000 -0.1425862
v 0.3098278 0.7600000 -0.1663627
v 0.2735879 0.7600000 -0.1848278
vt 0.5200000 0.9800000
vt 0.5200000 0.8018515
vt 0.7300000 0.7700000
vt 0.7300000 0.9194149
vn -0.4281349 0.3326563 0.8402620
vn -0.4281349 0.3326563 0.8402620
vn -0.4281349 0.3326563 0.8402620
vn -0.4281349 0.3326563 0.8402620
f 3405/3405/3405 3406/3406/3406 3407/3407/3407
f 3405/3405/3405 3407/3407/3407 3408/3408/3408
v 0.3021024 0.6900000 -0.1425862
v 0.3500000 0.6900000 -0.1350000
v 0.3500000 0.7600000 -0.1600000
v 0.3098278 0.7600000 -0.1663627
vt 0.5200000 0.9800000
vt 0.7300000 0.9800000
vt 0.7300000 0.7700000
vt 0.5538710 0.7700000
vn -0.1475252 0.3326563 0.9314376
vn -0.1475252 0.3326563 0.9314376
vn -0.1475252 0.3326563 0.9314376
vn -0.1475252 0.3326563 0.9314376
f 3409/3409/3409 3410/3410/3410 3411/3411/3411
f 3409/3409/3409 3411/3411/3411 3412/3412/3412
v 0.3500000 0.7600000 -0.1600000
v 0.3901722 0.7600000 -0.1663627
v 0.3731763 0.8100000 -0.2186708
v 0.3500000 0.8100000 -0.2150000
vt 0.5200000 0.7700000
vt 0.7300000 0.7927738
vt 0.6411538 0.9800000
vt 0.5200000 0.9668613
vn 0.1059413 0.7357760 0.6688872
vn 0.1059413 0.7357760 0.6688872
vn 0.1059413 0.7357760 0.6688872
vn 0.1059413 0.7357760 0.6688872
f 3413/3413/3413 3414/3414/3414 3415/3415/3415
f 3413/3413/3413 3415/3415/3415 3416/3416/3416
v 0.3901722 0.7600000 -0.1663627
v 0.4264121 0.7600000 -0.1848278
v 0.3940839 0.8100000 -0.2293237
v 0.3731763 0.8100000 -0.2186708
vt 0.5870441 0.7700000
vt 0.7300000 0.8315885
vt 0.6024746 0.9800000
vt 0.5200000 0.9444682
vn 0.3074537 0.7357760 0.6034119
vn 0.3074537 0.7357760 0.6034119
vn 0.3074537 0.7357760 0.6034119
vn 0.3074537 0.7357760 0.6034119
f 3417/3417/3417 3418/3418/3418 3419/3419/3419
f 3417/3417/3417 3419/3419/3419 3420/3420/3420
v 0.4264121 0.7600000 -0.1848278
v 0.4551722 0.7600000 -0.2135879
v 0.4106763 0.8100000 -0.2459161
v 0.3940839 0.8100000 -0.2293237
vt 0.6311329 0.7700000
vt 0.7300000 0.8688671
vt 0.5770387 0.9800000
vt 0.5200000 0.9229613
vn 0.4788704 0.7357760 0.4788704
vn 0.4788704 0.7357760 0.4788704
vn 0.4788704 0.7357760 0.4788704
vn 0.4788704 0.7357760 0.4788704
f 3421/3421/3421 3422/3422/3422 3423/3423/3423
f 3421/3421/3421 3423/3423/3423 3424/3424/3424
v 0.4551722 0.7600000 -0.2135879
v 0.4736373 0.7600000 -0.2498278
v 0.4213292 0.8100000 -0.2668237
v 0.4106763 0.8100000 -0.2459161
vt 0.7300000 0.8315885
vt 0.5870441 0.7700000
vt 0.5200000 0.9444682
vt 0.6024746 0.9800000
vn 0.6034119 0.7357760 0.3074537
vn 0.6034119 0.7357760 0.3074537
vn 0.6034119 0.7357760 0.3074537
vn 0.6034119 0.7357760 0.3074537
f 3425/3425/3425 3426/3426/3426 3427/3427/3427
f 3425/3425/3425 3427/3427/3427 3428/3428/3428
v 0.4736373 0.7600000 -0.2498278
v 0.4800000 0.7600000 -0.2900000
v 0.4250000 0.8100000 -0.2900000
v 0.4213292 0.8100000 -0.2668237
vt 0.7300000 0.7927738
vt 0.5200000 0.7700000
vt 0.5200000 0.9668613
vt 0.6411538 0.9800000
vn 0.6688872 0.7357760 0.1059413
vn 0.6688872 0.7357760 0.1059413
vn 0.6688872 0.7357760 0.1059413
vn 0.6688872 0.7357760 0.1059413
f 3429/3429/3429 3430/3430/3430 3431/3431/3431
f 3429/3429/3429 3431/3431/3431 3432/3432/3432
v 0.4800000 0.7600000 -0.2900000
v 0.4736373 0.7600000 -0.3301722
v 0.4213292 0.8100000 -0.3131763
v 0.4250000 0.8100000 -0.2900000
vt 0.7300000 0.7700000
vt 0.5200000 0.7927738
vt 0.6088462 0.9800000
vt 0.7300000 0.9668613
vn 0.6688872 0.7357760 -0.1059413
vn 0.6688872 0.7357760 -0.1059413
vn 0.6688872 0.7357760 -0.1059413
vn 0.6688872 0.7357760 -0.1059413
f 3433/3433/3433 3434/3434/3434 3435/3435/3435
f 3433/3433/3433 3435/3435/3435 3436/3436/3436
v 0.4736373 0.7600000 -0.3301722
v 0.4551722 0.7600000 -0.3664121
v 0.4106763 0.8100000 -0.3340839
v 0.4213292 0.8100000 -0.3131763
vt 0.6629559 0.7700000
vt 0.5200000 0.8315885
vt 0.6475254 0.9800000
vt 0.7300000 0.9444682
vn 0.6034119 0.7357760 -0.3074537
vn 0.6034119 0.7357760 -0.3074537
vn 0.6034119 0.7357760 -0.3074537
vn 0.6034119 0.7357760 -0.3074537
f 3437/3437/3437 3438/3438/3438 3439/3439/3439
f 3437/3437/3437 3439/3439/3439 3440/3440/3440
v 0.4551722 0.7600000 -0.3664121
v 0.4264121 0.7600000 -0.3951722
v 0.3940839 0.8100000 -0.3506763
v 0.4106763 0.8100000 -0.3340839
vt 0.7300000 0.8811329
vt 0.6311329 0.9800000
vt 0.5200000 0.8270387
vt 0.5770387 0.7700000
vn 0.4788704 0.7357760 -0.4788704
vn 0.4788704 0.7357760 -0.4788704
vn 0.4788704 0.7357760 -0.4788704
vn 0.4788704 0.7357760 -0.4788704
f 3441/3441/3441 3442/3442/3442 3443/3443/3443
f 3441/3441/3441 3443/3443/3443 3444/3444/3444
v 0.4264121 0.7600000 -0.3951722
v 0.3901722 0.7600000 -0.4136373
v 0.3731763 0.8100000 -0.3613292
v 0.3940839 0.8100000 -0.3506763
vt 0.7300000 0.9184115
vt 0.5870441 0.9800000
vt 0.5200000 0.8055318
vt 0.6024746 0.7700000
vn 0.3074537 0.7357760 -0.6034119
vn 0.3074537 0.7357760 -0.6034119
vn 0.3074537 0.7357760 -0.6034119
vn 0.3074537 0.7357760 -0.6034119
f 3445/3445/3445 3446/3446/3446 3447/3447/3447
f 3445/3445/3445 3447/3447/3447 3448/3448/3448
v 0.3901722 0.7600000 -0.4136373
v 0.3500000 0.7600000 -0.4200000
v 0.3500000 0.8100000 -0.3650000
v 0.3731763 0.8100000 -0.3613292
vt 0.7300000 0.9572262
vt 0.5200000 0.9800000
vt 0.5200000 0.7831387
vt 0.6411538 0.7700000
vn 0.1059413 0.7357760 -0.6688872
vn 0.1059413 0.7357760 -0.6688872
vn 0.1059413 0.7357760 -0.6688872
vn 0.1059413 0.7357760 -0.6688872
f 3449/3449/3449 3450/3450/3450 3451/3451/3451
f 3449/3449/3449 3451/3451/3451 3452/3452/3452
v 0.3500000 0.7600000 -0.4200000
v 0.3098278 0.7600000 -0.4136373
v 0.3268237 0.8100000 -0.3613292
v 0.3500000 0.8100000 -0.3650000
vt 0.7300000 0.9800000
vt 0.5200000 0.9572262
vt 0.6088462 0.7700000
vt 0.7300000 0.7831387
vn -0.1059413 0.7357760 -0.6688872
vn -0.1059413 0.7357760 -0.6688872
vn -0.1059413 0.7357760 -0.6688872
vn -0.1059413 0.7357760 -0.6688872
f 3453/3453/3453 3454/3454/3454 3455/3455/3455
f 3453/3453/3453 3455/3455/3455 3456/3456/3456
v 0.3098278 0.7600000 -0.4136373
v 0.2735879 0.7600000 -0.3951722
v 0.3059161 0.8100000 -0.3506763
v 0.3268237 0.8100000 -0.3613292
vt 0.6629559 0.9800000
vt 0.5200000 0.9184115
vt 0.6475254 0.7700000
vt 0.7300000 0.8055318
vn -0.3074537 0.7357760 -0.6034119
vn -0.3074537 0.7357760 -0.6034119
vn -0.3074537 0.7357760 -0.6034119
vn -0.3074537 0.7357760 -0.6034119
f 3457/3457/3457 3458/3458/3458 3459/3459/3459
f 3457/3457/3457 3459/3459/3459 3460/3460/3460
v 0.2735879 0.7600000 -0.3951722
v 0.2448278 0.7600000 -0.3664121
v 0.2893237 0.8100000 -0.3340839
v 0.3059161 0.8100000 -0.3506763
vt 0.6188671 0.9800000
vt 0.5200000 0.8811329
vt 0.6729613 0.7700000
vt 0.7300000 0.8270387
vn -0.4788704 0.7357760 -0.4788704
vn -0.4788704 0.7357760 -0.4788704
vn -0.4788704 0.7357760 -0.4788704
vn -0.4788704 0.7357760 -0.4788704
f 3461/3461/3461 3462/3462/3462 3463/3463/3463
f 3461/3461/3461 3463/3463/3463 3464/3464/3464
v 0.2448278 0.7600000 -0.3664121
v 0.2263627 0.7600000 -0.3301722
v 0.2786708 0.8100000 -0.3131763
v 0.2893237 0.8100000 -0.3340839
vt 0.5200000 0.9184115
vt 0.6629559 0.9800000
vt 0.7300000 0.8055318
vt 0.6475254 0.7700000
vn -0.6034119 0.7357760 -0.3074537
vn -0.6034119 0.7357760 -0.3074537
vn -0.6034119 0.7357760 -0.3074537
vn -0.6034119 0.7357760 -0.3074537
f 3465/3465/3465 3466/3466/3466 3467/3467/3467
f 3465/3465/3465 3467/3467/3467 3468/3468/3468
v 0.2263627 0.7600000 -0.3301722
v 0.2200000 0.7600000 -0.2900000
v 0.2750000 0.8100000 -0.2900000
v 0.2786708 0.8100000 -0.3131763
vt 0.5200000 0.9572262
vt 0.7300000 0.9800000
vt 0.7300000 0.7831387
vt 0.6088462 0.7700000
vn -0.6688872 0.7357760 -0.1059413
vn -0.6688872 0.7357760 -0.1059413
vn -0.6688872 0.7357760 -0.1059413
vn -0.6688872 0.7357760 -0.1059413
f 3469/3469/3469 3470/3470/3470 3471/3471/3471
f 3469/3469/3469 3471/3471/3471 3472/3472/3472
v 0.2200000 0.7600000 -0.2900000
v 0.2263627 0.7600000 -0.2498278
v 0.2786708 0.8100000 -0.2668237
v 0.2750000 0.8100000 -0.2900000
vt 0.5200000 0.9800000
vt 0.7300000 0.9572262
vt 0.6411538 0.7700000
vt 0.5200000 0.7831387
vn -0.6688872 0.7357760 0.1059413
vn -0.6688872 0.7357760 0.1059413
vn -0.6688872 0.7357760 0.1059413
vn -0.6688872 0.7357760 0.1059413
f 3473/3473/3473 3474/3474/3474 3475/3475/3475
f 3473/3473/3473 3475/3475/3475 3476/3476/3476
v 0.2263627 0.7600000 -0.2498278
v 0.2448278 0.7600000 -0.2135879
v 0.2893237 0.8100000 -0.2459161
v 0.2786708 0.8100000 -0.2668237
vt 0.5870441 0.9800000
vt 0.7300000 0.9184115
vt 0.6024746 0.7700000
vt 0.5200000 0.8055318
vn -0.6034119 0.7357760 0.3074537
vn -0.6034119 0.7357760 0.3074537
vn -0.6034119 0.7357760 0.3074537
vn -0.6034119 0.7357760 0.3074537
f 3477/3477/3477 3478/3478/3478 3479/3479/3479
f 3477/3477/3477 3479/3479/3479 3480/3480/3480
v 0.2448278 0.7600000 -0.2135879
v 0.2735879 0.7600000 -0.1848278
v 0.3059161 0.8100000 -0.2293237
v 0.2893237 0.8100000 -0.2459161
vt 0.6311329 0.9800000
vt 0.7300000 0.8811329
vt 0.5770387 0.7700000
vt 0.5200000 0.8270387
vn -0.4788704 0.7357760 0.4788704
vn -0.4788704 0.7357760 0.4788704
vn -0.4788704 0.7357760 0.4788704
vn -0.4788704 0.7357760 0.4788704
f 3481/3481/3481 3482/3482/3482 3483/3483/3483
f 3481/3481/3481 3483/3483/3483 3484/3484/3484
v 0.2735879 0.7600000 -0.1848278
v 0.3098278 0.7600000 -0.1663627
v 0.3268237 0.8100000 -0.2186708
v 0.3059161 0.8100000 -0.2293237
vt 0.5200000 0.8315885
vt 0.6629559 0.7700000
vt 0.7300000 0.9444682
vt 0.6475254 0.9800000
vn -0.3074537 0.7357760 0.6034119
vn -0.3074537 0.7357760 0.6034119
vn -0.3074537 0.7357760 0.6034119
vn -0.3074537 0.7357760 0.6034119
f 3485/3485/3485 3486/3486/3486 3487/3487/3487
f 3485/3485/3485 3487/3487/3487 3488/3488/3488
v 0.3098278 0.7600000 -0.1663627
v 0.3500000 0.7600000 -0.1600000
v 0.3500000 0.8100000 -0.2150000
v 0.3268237 0.8100000 -0.2186708
vt 0.5200000 0.7927738
vt 0.7300000 0.7700000
vt 0.7300000 0.9668613
vt 0.6088462 0.9800000
vn -0.1059413 0.7357760 0.6688872
vn -0.1059413 0.7357760 0.6688872
vn -0.1059413 0.7357760 0.6688872
vn -0.1059413 0.7357760 0.6688872
f 3489/3489/3489 3490/3490/3490 3491/3491/3491
f 3489/3489/3489 3491/3491/3491 3492/3492/3492
v 0.3500000 0.8100000 -0.2150000
v 0.3731763 0.8100000 -0.2186708
v 0.3940839 0.8100000 -0.2293237
v 0.4106763 0.8100000 -0.2459161
v 0.4213292 0.8100000 -0.2668237
v 0.4250000 0.8100000 -0.2900000
v 0.4213292 0.8100000 -0.3131763
v 0.4106763 0.8100000 -0.3340839
v 0.3940839 0.8100000 -0.3506763
v 0.3731763 0.8100000 -0.3613292
v 0.3500000 0.8100000 -0.3650000
v 0.3268237 0.8100000 -0.3613292
v 0.3059161 0.8100000 -0.3506763
v 0.2893237 0.8100000 -0.3340839
v 0.2786708 0.8100000 -0.3131763
v 0.2750000 0.8100000 -0.2900000
v 0.2786708 0.8100000 -0.2668237
v 0.2893237 0.8100000 -0.2459161
v 0.3059161 0.8100000 -0.2293237
v 0.3268237 0.8100000 -0.2186708
vt 0.6250000 0.7700000
vt 0.6574468 0.7751391
vt 0.6867175 0.7900532
vt 0.7099468 0.8132825
vt 0.7248609 0.8425532
vt 0.7300000 0.8750000
vt 0.7248609 0.9074468
vt 0.7099468 0.9367175
vt 0.6867175 0.9599468
vt 0.6574468 0.9748609
vt 0.6250000 0.9800000
vt 0.5925532 0.9748609
vt 0.5632825 0.9599468
vt 0.5400532 0.9367175
vt 0.5251391 0.9074468
vt 0.5200000 0.8750000
vt 0.5251391 0.8425532
vt 0.5400532 0.8132825
vt 0.5632825 0.7900532
vt 0.5925532 0.7751391
vn 0.0000000 1.0000000 0.0000000
vn 0.0000000 1.0000000 0.0000000
vn 0.0000000 1.0000000 0.0000000
vn 0.0000000 1.0000000 0.0000000
vn 0.0000000 1.0000000 0.0000000
vn 0.0000000 1.0000000 0.0000000
vn 0.0000000 1.0000000 0.0000000
vn 0.0000000 1.0000000 0.0000000
vn 0.0000000 1.0000000 0.0000000
vn 0.0000000 1.0000000 0.0000000
vn 0.0000000 1.0000000 0.0000000
vn 0.0000000 1.0000000 0.0000000
vn 0.0000000 1.0000000 0.0000000
vn 0.0000000 1.0000000 0.0000000
vn 0.0000000 1.0000000 0.0000000
vn 0.0000000 1.0000000 0.0000000
vn 0.0000000 1.0000000 0.0000000
vn 0.0000000 1.0000000 0.0000000
vn 0.0000000 1.0000000 0.0000000
vn 0.0000000 1.0000000 0.0000000
f 3493/3493/3493 3494/3494/3494 3495/3495/3495
f 3493/3493/3493 3495/3495/3495 3496/3496/3496
f 3493/3493/3493 3496/3496/3496 3497/3497/3497
f 3493/3493/3493 3497/3497/3497 3498/3498/3498
f 3493/3493/3493 3498/3498/3498 3499/3499/3499
f 3493/3493/3493 3499/3499/3499 3500/3500/3500
f 3493/3493/3493 3500/3500/3500 3501/3501/3501
f 3493/3493/3493 3501/3501/3501 3502/3502/3502
f 3493/3493/3493 3502/3502/3502 3503/3503/3503
f 3493/3493/3493 3503/3503/3503 3504/3504/3504
f 3493/3493/3493 3504/3504/3504 3505/3505/3505
f 3493/3493/3493 3505/3505/3505 3506/3506/3506
f 3493/3493/3493 3506/3506/3506 3507/3507/3507
f 3493/3493/3493 3507/3507/3507 3508/3508/3508
f 3493/3493/3493 3508/3508/3508 3509/3509/3509
f 3493/3493/3493 3509/3509/3509 3510/3510/3510
f 3493/3493/3493 3510/3510/3510 3511/3511/3511
f 3493/3493/3493 3511/3511/3511 3512/3512/3512
v 0.3500000 0.6700000 -0.1320000
v 0.3988247 0.6700000 -0.1397331
v 0.3988247 0.7000000 -0.1397331
v 0.3500000 0.7000000 -0.1320000
vt 0.2700000 0.7300000
vt 0.2700000 0.5200000
vt 0.4800000 0.5200000
vt 0.4800000 0.7300000
vn 0.1564345 0.0000000 0.9876883
vn 0.1564345 0.0000000 0.9876883
vn 0.1564345 0.0000000 0.9876883
vn 0.1564345 0.0000000 0.9876883
f 3513/3513/3513 3514/3514/3514 3515/3515/3515
f 3513/3513/3513 3515/3515/3515 3516/3516/3516
v 0.3988247 0.6700000 -0.1397331
v 0.4428701 0.6700000 -0.1621753
v 0.4428701 0.7000000 -0.1621753
v 0.3988247 0.7000000 -0.1397331
vt 0.2700000 0.7300000
vt 0.2700000 0.5200000
vt 0.4800000 0.5200000
vt 0.4800000 0.7300000
vn 0.4539905 0.0000000 0.8910065
vn 0.4539905 0.0000000 0.8910065
vn 0.4539905 0.0000000 0.8910065
vn 0.4539905 0.0000000 0.8910065
f 3517/3517/3517 3518/3518/3518 3519/3519/3519
f 3517/3517/3517 3519/3519/3519 3520/3520/3520
v 0.4428701 0.6700000 -0.1621753
v 0.4778247 0.6700000 -0.1971299
v 0.4778247 0.7000000 -0.1971299
v 0.4428701 0.7000000 -0.1621753
vt 0.2700000 0.5200000
vt 0.2700000 0.7300000
vt 0.4800000 0.7300000
vt 0.4800000 0.5200000
vn 0.7071068 0.0000000 0.7071068
vn 0.7071068 0.0000000 0.7071068
vn 0.7071068 0.0000000 0.7071068
vn 0.7071068 0.0000000 0.7071068
f 3521/3521/3521 3522/3522/3522 3523/3523/3523
f 3521/3521/3521 3523/3523/3523 3524/3524/3524
v 0.4778247 0.6700000 -0.1971299
v 0.5002669 0.6700000 -0.2411753
v 0.5002669 0.7000000 -0.2411753
v 0.4778247 0.7000000 -0.1971299
vt 0.2700000 0.5200000
vt 0.2700000 0.7300000
vt 0.4800000 0.7300000
vt 0.4800000 0.5200000
vn 0.8910065 0.0000000 0.4539905
vn 0.8910065 0.0000000 0.4539905
vn 0.8910065 0.0000000 0.4539905
vn 0.8910065 0.0000000 0.4539905
f 3525/3525/3525 3526/3526/3526 3527/3527/3527
f 3525/3525/3525 3527/3527/3527 3528/3528/3528
v 0.5002669 0.6700000 -0.2411753
v 0.5080000 0.6700000 -0.2900000
v 0.5080000 0.7000000 -0.2900000
v 0.5002669 0.7000000 -0.2411753
vt 0.2700000 0.5200000
vt 0.2700000 0.7300000
vt 0.4800000 0.7300000
vt 0.4800000 0.5200000
vn 0.9876883 0.0000000 0.1564345
vn 0.9876883 0.0000000 0.1564345
vn 0.9876883 0.0000000 0.1564345
vn 0.9876883 0.0000000 0.1564345
f 3529/3529/3529 3530/3530/3530 3531/3531/3531
f 3529/3529/3529 3531/3531/3531 3532/3532/3532
v 0.5080000 0.6700000 -0.2900000
v 0.5002669 0.6700000 -0.3388247
v 0.5002669 0.7000000 -0.3388247
v 0.5080000 0.7000000 -0.2900000
vt 0.2700000 0.5200000
vt 0.2700000 0.7300000
vt 0.4800000 0.7300000
vt 0.4800000 0.5200000
vn 0.9876883 0.0000000 -0.1564345
vn 0.9876883 0.0000000 -0.1564345
vn 0.9876883 0.0000000 -0.1564345
vn 0.9876883 0.0000000 -0.1564345
f 3533/3533/3533 3534/3534/3534 3535/3535/3535
f 3533/3533/3533 3535/3535/3535 3536/3536/3536
v 0.5002669 0.6700000 -0.3388247
v 0.4778247 0.6700000 -0.3828701
v 0.4778247 0.7000000 -0.3828701
v 0.5002669 0.7000000 -0.3388247
vt 0.2700000 0.5200000
vt 0.2700000 0.7300000
vt 0.4800000 0.7300000
vt 0.4800000 0.5200000
vn 0.8910065 0.0000000 -0.4539905
vn 0.8910065 0.0000000 -0.4539905
vn 0.8910065 0.0000000 -0.4539905
vn 0.8910065 0.0000000 -0.4539905
f 3537/3537/3537 3538/3538/3538 3539/3539/3539
f 3537/3537/3537 3539/3539/3539 3540/3540/3540
v 0.4778247 0.6700000 -0.3828701
v 0.4428701 0.6700000 -0.4178247
v 0.4428701 0.7000000 -0.4178247
v 0.4778247 0.7000000 -0.3828701
vt 0.2700000 0.5200000
vt 0.2700000 0.7300000
vt 0.4800000 0.7300000
vt 0.4800000 0.5200000
vn 0.7071068 0.0000000 -0.7071068
vn 0.7071068 0.0000000 -0.7071068
vn 0.7071068 0.0000000 -0.7071068
vn 0.7071068 0.0000000 -0.7071068
f 3541/3541/3541 3542/3542/3542 3543/3543/3543
f 3541/3541/3541 3543/3543/3543 3544/3544/3544
v 0.4428701 0.6700000 -0.4178247
v 0.3988247 0.6700000 -0.4402669
v 0.3988247 0.7000000 -0.4402669
v 0.4428701 0.7000000 -0.4178247
vt 0.2700000 0.5200000
vt 0.2700000 0.7300000
vt 0.4800000 0.7300000
vt 0.4800000 0.5200000
vn 0.4539905 0.0000000 -0.8910065
vn 0.4539905 0.0000000 -0.8910065
vn 0.4539905 0.0000000 -0.8910065
vn 0.4539905 0.0000000 -0.8910065
f 3545/3545/3545 3546/3546/3546 3547/3547/3547
f 3545/3545/3545 3547/3547/3547 3548/3548/3548
v 0.3988247 0.6700000 -0.4402669
v 0.3500000 0.6700000 -0.4480000
v 0.3500000 0.7000000 -0.4480000
v 0.3988247 0.7000000 -0.4402669
vt 0.2700000 0.5200000
vt 0.2700000 0.7300000
vt 0.4800000 0.7300000
vt 0.4800000 0.5200000
vn 0.1564345 0.0000000 -0.9876883
vn 0.1564345 0.0000000 -0.9876883
vn 0.1564345 0.0000000 -0.9876883
vn 0.1564345 0.0000000 -0.9876883
f 3549/3549/3549 3550/3550/3550 3551/3551/3551
f 3549/3549/3549 3551/3551/3551 3552/3552/3552
v 0.3500000 0.6700000 -0.4480000
v 0.3011753 0.6700000 -0.4402669
v 0.3011753 0.7000000 -0.4402669
v 0.3500000 0.7000000 -0.4480000
vt 0.2700000 0.5200000
vt 0.2700000 0.7300000
vt 0.4800000 0.7300000
vt 0.4800000 0.5200000
vn -0.1564345 0.0000000 -0.9876883
vn -0.1564345 0.0000000 -0.9876883
vn -0.1564345 0.0000000 -0.9876883
vn -0.1564345 0.0000000 -0.9876883
f 3553/3553/3553 3554/3554/3554 3555/3555/3555
f 3553/3553/3553 3555/3555/3555 3556/3556/3556
v 0.3011753 0.6700000 -0.4402669
v 0.2571299 0.6700000 -0.4178247
v 0.2571299 0.7000000 -0.4178247
v 0.3011753 0.7000000 -0.4402669
vt 0.2700000 0.5200000
vt 0.2700000 0.7300000
vt 0.4800000 0.7300000
vt 0.4800000 0.5200000
vn -0.4539905 0.0000000 -0.8910065
vn -0.4539905 0.0000000 -0.8910065
vn -0.4539905 0.0000000 -0.8910065
vn -0.4539905 0.0000000 -0.8910065
f 3557/3557/3557 3558/3558/3558 3559/3559/3559
f 3557/3557/3557 3559/3559/3559 3560/3560/3560
v 0.2571299 0.6700000 -0.4178247
v 0.2221753 0.6700000 -0.3828701
v 0.2221753 0.7000000 -0.3828701
v 0.2571299 0.7000000 -0.4178247
vt 0.2700000 0.7300000
vt 0.2700000 0.5200000
vt 0.4800000 0.5200000
vt 0.4800000 0.7300000
vn -0.7071068 0.0000000 -0.7071068
vn -0.7071068 0.0000000 -0.7071068
vn -0.7071068 0.0000000 -0.7071068
vn -0.7071068 0.0000000 -0.7071068
f 3561/3561/3561 3562/3562/3562 3563/3563/3563
f 3561/3561/3561 3563/3563/3563 3564/3564/3564
v 0.2221753 0.6700000 -0.3828701
v 0.1997331 0.6700000 -0.3388247
v 0.1997331 0.7000000 -0.3388247
v 0.2221753 0.7000000 -0.3828701
vt 0.2700000 0.7300000
vt 0.2700000 0.5200000
vt 0.4800000 0.5200000
vt 0.4800000 0.7300000
vn -0.8910065 0.0000000 -0.4539905
vn -0.8910065 0.0000000 -0.4539905
vn -0.8910065 0.0000000 -0.4539905
vn -0.8910065 0.0000000 -0.4539905
f 3565/3565/3565 3566/3566/3566 3567/3567/3567
f 3565/3565/3565 3567/3567/3567 3568/3568/3568
v 0.1997331 0.6700000 -0.3388247
v 0.1920000 0.6700000 -0.2900000
v 0.1920000 0.7000000 -0.2900000
v 0.1997331 0.7000000 -0.3388247
vt 0.2700000 0.7300000
vt 0.2700000 0.5200000
vt 0.4800000 0.5200000
vt 0.4800000 0.7300000
vn -0.9876883 0.0000000 -0.1564345
vn -0.9876883 0.0000000 -0.1564345
vn -0.9876883 0.0000000 -0.1564345
vn -0.9876883 0.0000000 -0.1564345
f 3569/3569/3569 3570/3570/3570 3571/3571/3571
f 3569/3569/3569 3571/3571/3571 3572/3572/3572
v 0.1920000 0.6700000 -0.2900000
v 0.1997331 0.6700000 -0.2411753
v 0.1997331 0.7000000 -0.2411753
v 0.1920000 0.7000000 -0.2900000
vt 0.2700000 0.7300000
vt 0.2700000 0.5200000
vt 0.4800000 0.5200000
vt 0.4800000 0.7300000
vn -0.9876883 0.0000000 0.1564345
vn -0.9876883 0.0000000 0.1564345
vn -0.9876883 0.0000000 0.1564345
vn -0.9876883 0.0000000 0.1564345
f 3573/3573/3573 3574/3574/3574 3575/3575/3575
f 3573/3573/3573 3575/3575/3575 3576/3576/3576
v 0.1997331 0.6700000 -0.2411753
v 0.2221753 0.6700000 -0.1971299
v 0.2221753 0.7000000 -0.1971299
v 0.1997331 0.7000000 -0.2411753
vt 0.2700000 0.7300000
vt 0.2700000 0.5200000
vt 0.4800000 0.5200000
vt 0.4800000 0.7300000
vn -0.8910065 0.0000000 0.4539905
vn -0.8910065 0.0000000 0.4539905
vn -0.8910065 0.0000000 0.4539905
vn -0.8910065 0.0000000 0.4539905
f 3577/3577/3577 3578/3578/3578 3579/3579/3579
f 3577/3577/3577 3579/3579/3579 3580/3580/3580
v 0.2221753 0.6700000 -0.1971299
v 0.2571299 0.6700000 -0.1621753
v 0.2571299 0.7000000 -0.1621753
v 0.2221753 0.7000000 -0.1971299
vt 0.2700000 0.7300000
vt 0.2700000 0.5200000
vt 0.4800000 0.5200000
vt 0.4800000 0.7300000
vn -0.7071068 0.0000000 0.7071068
vn -0.7071068 0.0000000 0.7071068
vn -0.7071068 0.0000000 0.7071068
vn -0.7071068 0.0000000 0.7071068
f 3581/3581/3581 3582/3582/3582 3583/3583/3583
f 3581/3581/3581 3583/3583/3583 3584/3584/3584
v 0.2571299 0.6700000 -0.1621753
v 0.3011753 0.6700000 -0.1397331
v 0.3011753 0.7000000 -0.1397331
v 0.2571299 0.7000000 -0.1621753
vt 0.2700000 0.7300000
vt 0.2700000 0.5200000
vt 0.4800000 0.5200000
vt 0.4800000 0.7300000
vn -0.4539905 0.0000000 0.8910065
vn -0.4539905 0.0000000 0.8910065
vn -0.4539905 0.0000000 0.8910065
vn -0.4539905 0.0000000 0.8910065
f 3585/3585/3585 3586/3586/3586 3587/3587/3587
f 3585/3585/3585 3587/3587/3587 3588/3588/3588
v 0.3011753 0.6700000 -0.1397331
v 0.3500000 0.6700000 -0.1320000
v 0.3500000 0.7000000 -0.1320000
v 0.3011753 0.7000000 -0.1397331
vt 0.2700000 0.7300000
vt 0.2700000 0.5200000
vt 0.4800000 0.5200000
vt 0.4800000 0.7300000
vn -0.1564345 0.0000000 0.9876883
vn -0.1564345 0.0000000 0.9876883
vn -0.1564345 0.0000000 0.9876883
vn -0.1564345 0.0000000 0.9876883
f 3589/3589/3589 3590/3590/3590 3591/3591/3591
f 3589/3589/3589 3591/3591/3591 3592/3592/3592
v 0.4531479 0.1567376 -0.7000000
v 0.4332624 0.1177101 -0.7000000
v 0.4022899 0.0867376 -0.7000000
v 0.3632624 0.0668521 -0.7000000
v 0.3200000 0.0600000 -0.7000000
v 0.2767376 0.0668521 -0.7000000
v 0.2377101 0.0867376 -0.7000000
v 0.2067376 0.1177101 -0.7000000
v 0.1868521 0.1567376 -0.7000000
v 0.1800000 0.2000000 -0.7000000
v 0.1868521 0.2432624 -0.7000000
v 0.2067376 0.2822899 -0.7000000
v 0.2377101 0.3132624 -0.7000000
v 0.2767376 0.3331479 -0.7000000
v 0.3200000 0.3400000 -0.7000000
v 0.3632624 0.3331479 -0.7000000
v 0.4022899 0.3132624 -0.7000000
v 0.4332624 0.2822899 -0.7000000
v 0.4531479 0.2432624 -0.7000000
v 0.4600000 0.2000000 -0.7000000
vt 0.7248609 0.9074468
vt 0.7099468 0.9367175
vt 0.6867175 0.9599468
vt 0.6574468 0.9748609
vt 0.6250000 0.9800000
vt 0.5925532 0.9748609
vt 0.5632825 0.9599468
vt 0.5400532 0.9367175
vt 0.5251391 0.9074468
vt 0.5200000 0.8750000
vt 0.5251391 0.8425532
vt 0.5400532 0.8132825
vt 0.5632825 0.7900532
vt 0.5925532 0.7751391
vt 0.6250000 0.7700000
vt 0.6574468 0.7751391
vt 0.6867175 0.7900532
vt 0.7099468 0.8132825
vt 0.7248609 0.8425532
vt 0.7300000 0.8750000
vn 0.0000000 0.0000000 -1.0000000
vn 0.0000000 0.0000000 -1.0000000
vn 0.0000000 0.0000000 -1.0000000
vn 0.0000000 0.0000000 -1.0000000
vn 0.0000000 0.0000000 -1.0000000
vn 0.0000000 0.0000000 -1.0000000
vn 0.0000000 0.0000000 -1.0000000
vn 0.0000000 0.0000000 -1.0000000
vn 0.0000000 0.0000000 -1.0000000
vn 0.0000000 0.0000000 -1.0000000
vn 0.0000000 0.0000000 -1.0000000
vn 0.0000000 0.0000000 -1.0000000
vn 0.0000000 0.0000000 -1.0000000
vn 0.0000000 0.0000000 -1.0000000
vn 0.0000000 0.0000000 -1.0000000
vn 0.0000000 0.0000000 -1.0000000
vn 0.0000000 0.0000000 -1.0000000
vn 0.0000000 0.0000000 -1.0000000
vn 0.0000000 0.0000000 -1.0000000
vn 0.0000000 0.0000000 -1.0000000
f 3593/3593/3593 3594/3594/3594 3595/3595/3595
f 3593/3593/3593 3595/3595/3595 3596/3596/3596
f 3593/3593/3593 3596/3596/3596 3597/3597/3597
f 3593/3593/3593 3597/3597/3597 3598/3598/3598
f 3593/3593/3593 3598/3598/3598 3599/3599/3599
f 3593/3593/3593 3599/3599/3599 3600/3600/3600
f 3593/3593/3593 3600/3600/3600 3601/3601/3601
f 3593/3593/3593 3601/3601/3601 3602/3602/3602
f 3593/3593/3593 3602/3602/3602 3603/3603/3603
f 3593/3593/3593 3603/3603/3603 3604/3604/3604
f 3593/3593/3593 3604/3604/3604 3605/3605/3605
f 3593/3593/3593 3605/3605/3605 3606/3606/3606
f 3593/3593/3593 3606/3606/3606 3607/3607/3607
f 3593/3593/3593 3607/3607/3607 3608/3608/3608
f 3593/3593/3593 3608/3608/3608 3609/3609/3609
f 3593/3593/3593 3609/3609/3609 3610/3610/3610
f 3593/3593/3593 3610/3610/3610 3611/3611/3611
f 3593/3593/3593 3611/3611/3611 3612/3612/3612
v 0.4600000 0.2000000 -0.7000000
v 0.4531479 0.2432624 -0.7000000
v 0.5007007 0.2587132 -0.5600000
v 0.5100000 0.2000000 -0.5600000
vt 0.5200000 0.9800000
vt 0.6747368 0.9800000
vt 0.7300000 0.7700000
vt 0.5200000 0.7700000
vn 0.9314376 0.1475252 -0.3326563
vn 0.9314376 0.1475252 -0.3326563
vn 0.9314376 0.1475252 -0.3326563
vn 0.9314376 0.1475252 -0.3326563
f 3613/3613/3613 3614/3614/3614 3615/3615/3615
f 3613/3613/3613 3615/3615/3615 3616/3616/3616
v 0.4531479 0.2432624 -0.7000000
v 0.4332624 0.2822899 -0.7000000
v 0.4737132 0.3116792 -0.5600000
v 0.5007007 0.2587132 -0.5600000
vt 0.5200000 0.9800000
vt 0.5200000 0.8602080
vt 0.7300000 0.7700000
vt 0.7300000 0.9325748
vn 0.8402620 0.4281349 -0.3326563
vn 0.8402620 0.4281349 -0.3326563
vn 0.8402620 0.4281349 -0.3326563
vn 0.8402620 0.4281349 -0.3326563
f 3617/3617/3617 3618/3618/3618 3619/3619/3619
f 3617/3617/3617 3619/3619/3619 3620/3620/3620
v 0.4332624 0.2822899 -0.7000000
v 0.4022899 0.3132624 -0.7000000
v 0.4316792 0.3537132 -0.5600000
v 0.4737132 0.3116792 -0.5600000
vt 0.5200000 0.8889343
vt 0.5200000 0.9800000
vt 0.7300000 0.8935892
vt 0.7300000 0.7700000
vn 0.6668357 0.6668357 -0.3326563
vn 0.6668357 0.6668357 -0.3326563
vn 0.6668357 0.6668357 -0.3326563
vn 0.6668357 0.6668357 -0.3326563
f 3621/3621/3621 3622/3622/3622 3623/3623/3623
f 3621/3621/3621 3623/3623/3623 3624/3624/3624
v 0.4022899 0.3132624 -0.7000000
v 0.3632624 0.3331479 -0.7000000
v 0.3787132 0.3807007 -0.5600000
v 0.4316792 0.3537132 -0.5600000
vt 0.5200000 0.8602080
vt 0.5200000 0.9800000
vt 0.7300000 0.9325748
vt 0.7300000 0.7700000
vn 0.4281349 0.8402620 -0.3326563
vn 0.4281349 0.8402620 -0.3326563
vn 0.4281349 0.8402620 -0.3326563
vn 0.4281349 0.8402620 -0.3326563
f 3625/3625/3625 3626/3626/3626 3627/3627/3627
f 3625/3625/3625 3627/3627/3627 3628/3628/3628
v 0.3632624 0.3331479 -0.7000000
v 0.3200000 0.3400000 -0.7000000
v 0.3200000 0.3900000 -0.5600000
v 0.3787132 0.3807007 -0.5600000
vt 0.6747368 0.9800000
vt 0.5200000 0.9800000
vt 0.5200000 0.7700000
vt 0.7300000 0.7700000
vn 0.1475252 0.9314376 -0.3326563
vn 0.1475252 0.9314376 -0.3326563
vn 0.1475252 0.9314376 -0.3326563
vn 0.1475252 0.9314376 -0.3326563
f 3629/3629/3629 3630/3630/3630 3631/3631/3631
f 3629/3629/3629 3631/3631/3631 3632/3632/3632
v 0.3200000 0.3400000 -0.7000000
v 0.2767376 0.3331479 -0.7000000
v 0.2612868 0.3807007 -0.5600000
v 0.3200000 0.3900000 -0.5600000
vt 0.7300000 0.9800000
vt 0.5752632 0.9800000
vt 0.5200000 0.7700000
vt 0.7300000 0.7700000
vn -0.1475252 0.9314376 -0.3326563
vn -0.1475252 0.9314376 -0.3326563
vn -0.1475252 0.9314376 -0.3326563
vn -0.1475252 0.9314376 -0.3326563
f 3633/3633/3633 3634/3634/3634 3635/3635/3635
f 3633/3633/3633 3635/3635/3635 3636/3636/3636
v 0.2767376 0.3331479 -0.7000000
v 0.2377101 0.3132624 -0.7000000
v 0.2083208 0.3537132 -0.5600000
v 0.2612868 0.3807007 -0.5600000
vt 0.5200000 0.7700000
vt 0.5200000 0.8897920
vt 0.7300000 0.9800000
vt 0.7300000 0.8174252
vn -0.4281349 0.8402620 -0.3326563
vn -0.4281349 0.8402620 -0.3326563
vn -0.4281349 0.8402620 -0.3326563
vn -0.4281349 0.8402620 -0.3326563
f 3637/3637/3637 3638/3638/3638 3639/3639/3639
f 3637/3637/3637 3639/3639/3639 3640/3640/3640
v 0.2377101 0.3132624 -0.7000000
v 0.2067376 0.2822899 -0.7000000
v 0.1662868 0.3116792 -0.5600000
v 0.2083208 0.3537132 -0.5600000
vt 0.5200000 0.7700000
vt 0.5200000 0.8610657
vt 0.7300000 0.9800000
vt 0.7300000 0.8564108
vn -0.6668357 0.6668357 -0.3326563
vn -0.6668357 0.6668357 -0.3326563
vn -0.6668357 0.6668357 -0.3326563
vn -0.6668357 0.6668357 -0.3326563
f 3641/3641/3641 3642/3642/3642 3643/3643/3643
f 3641/3641/3641 3643/3643/3643 3644/3644/3644
v 0.2067376 0.2822899 -0.7000000
v 0.1868521 0.2432624 -0.7000000
v 0.1392993 0.2587132 -0.5600000
v 0.1662868 0.3116792 -0.5600000
vt 0.5200000 0.8602080
vt 0.5200000 0.9800000
vt 0.7300000 0.9325748
vt 0.7300000 0.7700000
vn -0.8402620 0.4281349 -0.3326563
vn -0.8402620 0.4281349 -0.3326563
vn -0.8402620 0.4281349 -0.3326563
vn -0.8402620 0.4281349 -0.3326563
f 3645/3645/3645 3646/3646/3646 3647/3647/3647
f 3645/3645/3645 3647/3647/3647 3648/3648/3648
v 0.1868521 0.2432624 -0.7000000
v 0.1800000 0.2000000 -0.7000000
v 0.1300000 0.2000000 -0.5600000
v 0.1392993 0.2587132 -0.5600000
vt 0.6747368 0.9800000
vt 0.5200000 0.9800000
vt 0.5200000 0.7700000
vt 0.7300000 0.7700000
vn -0.9314376 0.1475252 -0.3326563
vn -0.9314376 0.1475252 -0.3326563
vn -0.9314376 0.1475252 -0.3326563
vn -0.9314376 0.1475252 -0.3326563
f 3649/3649/3649 3650/3650/3650 3651/3651/3651
f 3649/3649/3649 3651/3651/3651 3652/3652/3652
v 0.1800000 0.2000000 -0.7000000
v 0.1868521 0.1567376 -0.7000000
v 0.1392993 0.1412868 -0.5600000
v 0.1300000 0.2000000 -0.5600000
vt 0.7300000 0.9800000
vt 0.5752632 0.9800000
vt 0.5200000 0.7700000
vt 0.7300000 0.7700000
vn -0.9314376 -0.1475252 -0.3326563
vn -0.9314376 -0.1475252 -0.3326563
vn -0.9314376 -0.1475252 -0.3326563
vn -0.9314376 -0.1475252 -0.3326563
f 3653/3653/3653 3654/3654/3654 3655/3655/3655
f 3653/3653/3653 3655/3655/3655 3656/3656/3656
v 0.1868521 0.1567376 -0.7000000
v 0.2067376 0.1177101 -0.7000000
v 0.1662868 0.0883208 -0.5600000
v 0.1392993 0.1412868 -0.5600000
vt 0.5200000 0.7700000
vt 0.5200000 0.8897920
vt 0.7300000 0.9800000
vt 0.7300000 0.8174252
vn -0.8402620 -0.4281349 -0.3326563
vn -0.8402620 -0.4281349 -0.3326563
vn -0.8402620 -0.4281349 -0.3326563
vn -0.8402620 -0.4281349 -0.3326563
f 3657/3657/3657 3658/3658/3658 3659/3659/3659
f 3657/3657/3657 3659/3659/3659 3660/3660/3660
v 0.2067376 0.1177101 -0.7000000
v 0.2377101 0.0867376 -0.7000000
v 0.2083208 0.0462868 -0.5600000
v 0.1662868 0.0883208 -0.5600000
vt 0.5200000 0.8610657
vt 0.5200000 0.7700000
vt 0.7300000 0.8564108
vt 0.7300000 0.9800000
vn -0.6668357 -0.6668357 -0.3326563
vn -0.6668357 -0.6668357 -0.3326563
vn -0.6668357 -0.6668357 -0.3326563
vn -0.6668357 -0.6668357 -0.3326563
f 3661/3661/3661 3662/3662/3662 3663/3663/3663
f 3661/3661/3661 3663/3663/3663 3664/3664/3664
v 0.2377101 0.0867376 -0.7000000
v 0.2767376 0.0668521 -0.7000000
v 0.2612868 0.0192993 -0.5600000
v 0.2083208 0.0462868 -0.5600000
vt 0.5200000 0.8897920
vt 0.5200000 0.7700000
vt 0.7300000 0.8174252
vt 0.7300000 0.9800000
vn -0.4281349 -0.8402620 -0.3326563
vn -0.4281349 -0.8402620 -0.3326563
vn -0.4281349 -0.8402620 -0.3326563
vn -0.4281349 -0.8402620 -0.3326563
f 3665/3665/3665 3666/3666/3666 3667/3667/3667
f 3665/3665/3665 3667/3667/3667 3668/3668/3668
v 0.2767376 0.0668521 -0.7000000
v 0.3200000 0.0600000 -0.7000000
v 0.3200000 0.0100000 -0.5600000
v 0.2612868 0.0192993 -0.5600000
vt 0.5752632 0.9800000
vt 0.7300000 0.9800000
vt 0.7300000 0.7700000
vt 0.5200000 0.7700000
vn -0.1475252 -0.9314376 -0.3326563
vn -0.1475252 -0.9314376 -0.3326563
vn -0.1475252 -0.9314376 -0.3326563
vn -0.1475252 -0.9314376 -0.3326563
f 3669/3669/3669 3670/3670/3670 3671/3671/3671
f 3669/3669/3669 3671/3671/3671 3672/3672/3672
v 0.3200000 0.0600000 -0.7000000
v 0.3632624 0.0668521 -0.7000000
v 0.3787132 0.0192993 -0.5600000
v 0.3200000 0.0100000 -0.5600000
vt 0.5200000 0.9800000
vt 0.6747368 0.9800000
vt 0.7300000 0.7700000
vt 0.5200000 0.7700000
vn 0.1475252 -0.9314376 -0.3326563
vn 0.1475252 -0.9314376 -0.3326563
vn 0.1475252 -0.9314376 -0.3326563
vn 0.1475252 -0.9314376 -0.3326563
f 3673/3673/3673 3674/3674/3674 3675/3675/3675
f 3673/3673/3673 3675/3675/3675 3676/3676/3676
v 0.3632624 0.0668521 -0.7000000
v 0.4022899 0.0867376 -0.7000000
v 0.4316792 0.0462868 -0.5600000
v 0.3787132 0.0192993 -0.5600000
vt 0.5200000 0.9800000
vt 0.5200000 0.8602080
vt 0.7300000 0.7700000
vt 0.7300000 0.9325748
vn 0.4281349 -0.8402620 -0.3326563
vn 0.4281349 -0.8402620 -0.3326563
vn 0.4281349 -0.8402620 -0.3326563
vn 0.4281349 -0.8402620 -0.3326563
f 3677/3677/3677 3678/3678/3678 3679/3679/3679
f 3677/3677/3677 3679/3679/3679 3680/3680/3680
v 0.4022899 0.0867376 -0.7000000
v 0.4332624 0.1177101 -0.7000000
v 0.4737132 0.0883208 -0.5600000
v 0.4316792 0.0462868 -0.5600000
vt 0.5200000 0.9800000
vt 0.5200000 0.8889343
vt 0.7300000 0.7700000
vt 0.7300000 0.8935892
vn 0.6668357 -0.6668357 -0.3326563
vn 0.6668357 -0.6668357 -0.3326563
vn 0.6668357 -0.6668357 -0.3326563
vn 0.6668357 -0.6668357 -0.3326563
f 3681/3681/3681 3682/3682/3682 3683/3683/3683
f 3681/3681/3681 3683/3683/3683 3684/3684/3684
v 0.4332624 0.1177101 -0.7000000
v 0.4531479 0.1567376 -0.7000000
v 0.5007007 0.1412868 -0.5600000
v 0.4737132 0.0883208 -0.5600000
vt 0.5200000 0.8897920
vt 0.5200000 0.7700000
vt 0.7300000 0.8174252
vt 0.7300000 0.9800000
vn 0.8402620 -0.4281349 -0.3326563
vn 0.8402620 -0.4281349 -0.3326563
vn 0.8402620 -0.4281349 -0.3326563
vn 0.8402620 -0.4281349 -0.3326563
f 3685/3685/3685 3686/3686/3686 3687/3687/3687
f 3685/3685/3685 3687/3687/3687 3688/3688/3688
v 0.4531479 0.1567376 -0.7000000
v 0.4600000 0.2000000 -0.7000000
v 0.5100000 0.2000000 -0.5600000
v 0.5007007 0.1412868 -0.5600000
vt 0.5752632 0.9800000
vt 0.7300000 0.9800000
vt 0.7300000 0.7700000
vt 0.5200000 0.7700000
vn 0.9314376 -0.1475252 -0.3326563
vn 0.9314376 -0.1475252 -0.3326563
vn 0.9314376 -0.1475252 -0.3326563
vn 0.9314376 -0.1475252 -0.3326563
f 3689/3689/3689 3690/3690/3690 3691/3691/3691
f 3689/3689/3689 3691/3691/3691 3692/3692/3692
v 0.5100000 0.2000000 -0.5600000
v 0.5007007 0.2587132 -0.5600000
v 0.5007007 0.2587132 -0.4300000
v 0.5100000 0.2000000 -0.4300000
vt 0.5200000 0.9800000
vt 0.5200000 0.7700000
vt 0.7300000 0.7700000
vt 0.7300000 0.9800000
vn 0.9876883 0.1564345 0.0000000
vn 0.9876883 0.1564345 0.0000000
vn 0.9876883 0.1564345 0.0000000
vn 0.9876883 0.1564345 0.0000000
f 3693/3693/3693 3694/3694/3694 3695/3695/3695
f 3693/3693/3693 3695/3695/3695 3696/3696/3696
v 0.5007007 0.2587132 -0.5600000
v 0.4737132 0.3116792 -0.5600000
v 0.4737132 0.3116792 -0.4300000
v 0.5007007 0.2587132 -0.4300000
vt 0.5200000 0.9800000
vt 0.5200000 0.7700000
vt 0.7300000 0.7700000
vt 0.7300000 0.9800000
vn 0.8910065 0.4539905 0.0000000
vn 0.8910065 0.4539905 0.0000000
vn 0.8910065 0.4539905 0.0000000
vn 0.8910065 0.4539905 0.0000000
f 3697/3697/3697 3698/3698/3698 3699/3699/3699
f 3697/3697/3697 3699/3699/3699 3700/3700/3700
v 0.4737132 0.3116792 -0.5600000
v 0.4316792 0.3537132 -0.5600000
v 0.4316792 0.3537132 -0.4300000
v 0.4737132 0.3116792 -0.4300000
vt 0.5200000 0.7700000
vt 0.5200000 0.9800000
vt 0.7300000 0.9800000
vt 0.7300000 0.7700000
vn 0.7071068 0.7071068 0.0000000
vn 0.7071068 0.7071068 0.0000000
vn 0.7071068 0.7071068 0.0000000
vn 0.7071068 0.7071068 0.0000000
f 3701/3701/3701 3702/3702/3702 3703/3703/3703
f 3701/3701/3701 3703/3703/3703 3704/3704/3704
v 0.4316792 0.3537132 -0.5600000
v 0.3787132 0.3807007 -0.5600000
v 0.3787132 0.3807007 -0.4300000
v 0.4316792 0.3537132 -0.4300000
vt 0.5200000 0.7700000
vt 0.5200000 0.9800000
vt 0.7300000 0.9800000
vt 0.7300000 0.7700000
vn 0.4539905 0.8910065 0.0000000
vn 0.4539905 0.8910065 0.0000000
vn 0.4539905 0.8910065 0.0000000
vn 0.4539905 0.8910065 0.0000000
f 3705/3705/3705 3706/3706/3706 3707/3707/3707
f 3705/3705/3705 3707/3707/3707 3708/3708/3708
v 0.3787132 0.3807007 -0.5600000
v 0.3200000 0.3900000 -0.5600000
v 0.3200000 0.3900000 -0.4300000
v 0.3787132 0.3807007 -0.4300000
vt 0.5200000 0.7700000
vt 0.5200000 0.9800000
vt 0.7300000 0.9800000
vt 0.7300000 0.7700000
vn 0.1564345 0.9876883 0.0000000
vn 0.1564345 0.9876883 0.0000000
vn 0.1564345 0.9876883 0.0000000
vn 0.1564345 0.9876883 0.0000000
f 3709/3709/3709 3710/3710/3710 3711/3711/3711
f 3709/3709/3709 3711/3711/3711 3712/3712/3712
v 0.3200000 0.3900000 -0.5600000
v 0.2612868 0.3807007 -0.5600000
v 0.2612868 0.3807007 -0.4300000
v 0.3200000 0.3900000 -0.4300000
vt 0.5200000 0.7700000
vt 0.5200000 0.9800000
vt 0.7300000 0.9800000
vt 0.7300000 0.7700000
vn -0.1564345 0.9876883 0.0000000
vn -0.1564345 0.9876883 0.0000000
vn -0.1564345 0.9876883 0.0000000
vn -0.1564345 0.9876883 0.0000000
f 3713/3713/3713 3714/3714/3714 3715/3715/3715
f 3713/3713/3713 3715/3715/3715 3716/3716/3716
v 0.2612868 0.3807007 -0.5600000
v 0.2083208 0.3537132 -0.5600000
v 0.2083208 0.3537132 -0.4300000
v 0.2612868 0.3807007 -0.4300000
vt 0.5200000 0.7700000
vt 0.5200000 0.9800000
vt 0.7300000 0.9800000
vt 0.7300000 0.7700000
vn -0.4539905 0.8910065 0.0000000
vn -0.4539905 0.8910065 0.0000000
vn -0.4539905 0.8910065 0.0000000
vn -0.4539905 0.8910065 0.0000000
f 3717/3717/3717 3718/3718/3718 3719/3719/3719
f 3717/3717/3717 3719/3719/3719 3720/3720/3720
v 0.2083208 0.3537132 -0.5600000
v 0.1662868 0.3116792 -0.5600000
v 0.1662868 0.3116792 -0.4300000
v 0.2083208 0.3537132 -0.4300000
vt 0.5200000 0.7700000
vt 0.5200000 0.9800000
vt 0.7300000 0.9800000
vt 0.7300000 0.7700000
vn -0.7071068 0.7071068 0.0000000
vn -0.7071068 0.7071068 0.0000000
vn -0.7071068 0.7071068 0.0000000
vn -0.7071068 0.7071068 0.0000000
f 3721/3721/3721 3722/3722/3722 3723/3723/3723
f 3721/3721/3721 3723/3723/3723 3724/3724/3724
v 0.1662868 0.3116792 -0.5600000
v 0.1392993 0.2587132 -0.5600000
v 0.1392993 0.2587132 -0.4300000
v 0.1662868 0.3116792 -0.4300000
vt 0.5200000 0.7700000
vt 0.5200000 0.9800000
vt 0.7300000 0.9800000
vt 0.7300000 0.7700000
vn -0.8910065 0.4539905 0.0000000
vn -0.8910065 0.4539905 0.0000000
vn -0.8910065 0.4539905 0.0000000
vn -0.8910065 0.4539905 0.0000000
f 3725/3725/3725 3726/3726/3726 3727/3727/3727
f 3725/3725/3725 3727/3727/3727 3728/3728/3728
v 0.1392993 0.2587132 -0.5600000
v 0.1300000 0.2000000 -0.5600000
v 0.1300000 0.2000000 -0.4300000
v 0.1392993 0.2587132 -0.4300000
vt 0.5200000 0.7700000
vt 0.5200000 0.9800000
vt 0.7300000 0.9800000
vt 0.7300000 0.7700000
vn -0.9876883 0.1564345 0.0000000
vn -0.9876883 0.1564345 0.0000000
vn -0.9876883 0.1564345 0.0000000
vn -0.9876883 0.1564345 0.0000000
f 3729/3729/3729 3730/3730/3730 3731/3731/3731
f 3729/3729/3729 3731/3731/3731 3732/3732/3732
v 0.1300000 0.2000000 -0.5600000
v 0.1392993 0.1412868 -0.5600000
v 0.1392993 0.1412868 -0.4300000
v 0.1300000 0.2000000 -0.4300000
vt 0.5200000 0.7700000
vt 0.5200000 0.9800000
vt 0.7300000 0.9800000
vt 0.7300000 0.7700000
vn -0.9876883 -0.1564345 0.0000000
vn -0.9876883 -0.1564345 0.0000000
vn -0.9876883 -0.1564345 0.0000000
vn -0.9876883 -0.1564345 0.0000000
f 3733/3733/3733 3734/3734/3734 3735/3735/3735
f 3733/3733/3733 3735/3735/3735 3736/3736/3736
v 0.1392993 0.1412868 -0.5600000
v 0.1662868 0.0883208 -0.5600000
v 0.1662868 0.0883208 -0.4300000
v 0.1392993 0.1412868 -0.4300000
vt 0.5200000 0.7700000
vt 0.5200000 0.9800000
vt 0.7300000 0.9800000
vt 0.7300000 0.7700000
vn -0.8910065 -0.4539905 0.0000000
vn -0.8910065 -0.4539905 0.0000000
vn -0.8910065 -0.4539905 0.0000000
vn -0.8910065 -0.4539905 0.0000000
f 3737/3737/3737 3738/3738/3738 3739/3739/3739
f 3737/3737/3737 3739/3739/3739 3740/3740/3740
v 0.1662868 0.0883208 -0.5600000
v 0.2083208 0.0462868 -0.5600000
v 0.2083208 0.0462868 -0.4300000
v 0.1662868 0.0883208 -0.4300000
vt 0.5200000 0.7700000
vt 0.5200000 0.9800000
vt 0.7300000 0.9800000
vt 0.7300000 0.7700000
vn -0.7071068 -0.7071068 0.0000000
vn -0.7071068 -0.7071068 0.0000000
vn -0.7071068 -0.7071068 0.0000000
vn -0.7071068 -0.7071068 0.0000000
f 3741/3741/3741 3742/3742/3742 3743/3743/3743
f 3741/3741/3741 3743/3743/3743 3744/3744/3744
v 0.2083208 0.0462868 -0.5600000
v 0.2612868 0.0192993 -0.5600000
v 0.2612868 0.0192993 -0.4300000
v 0.2083208 0.0462868 -0.4300000
vt 0.5200000 0.9800000
vt 0.5200000 0.7700000
vt 0.7300000 0.7700000
vt 0.7300000 0.9800000
vn -0.4539905 -0.8910065 0.0000000
vn -0.4539905 -0.8910065 0.0000000
vn -0.4539905 -0.8910065 0.0000000
vn -0.4539905 -0.8910065 0.0000000
f 3745/3745/3745 3746/3746/3746 3747/3747/3747
f 3745/3745/3745 3747/3747/3747 3748/3748/3748
v 0.2612868 0.0192993 -0.5600000
v 0.3200000 0.0100000 -0.5600000
v 0.3200000 0.0100000 -0.4300000
v 0.2612868 0.0192993 -0.4300000
vt 0.5200000 0.9800000
vt 0.5200000 0.7700000
vt 0.7300000 0.7700000
vt 0.7300000 0.9800000
vn -0.1564345 -0.9876883 0.0000000
vn -0.1564345 -0.9876883 0.0000000
vn -0.1564345 -0.9876883 0.0000000
vn -0.1564345 -0.9876883 0.0000000
f 3749/3749/3749 3750/3750/3750 3751/3751/3751
f 3749/3749/3749 3751/3751/3751 3752/3752/3752
v 0.3200000 0.0100000 -0.5600000
v 0.3787132 0.0192993 -0.5600000
v 0.3787132 0.0192993 -0.4300000
v 0.3200000 0.0100000 -0.4300000
vt 0.5200000 0.9800000
vt 0.5200000 0.7700000
vt 0.7300000 0.7700000
vt 0.7300000 0.9800000
vn 0.1564345 -0.9876883 0.0000000
vn 0.1564345 -0.9876883 0.0000000
vn 0.1564345 -0.9876883 0.0000000
vn 0.1564345 -0.9876883 0.0000000
f 3753/3753/3753 3754/3754/3754 3755/3755/3755
f 3753/3753/3753 3755/3755/3755 3756/3756/3756
v 0.3787132 0.0192993 -0.5600000
v 0.4316792 0.0462868 -0.5600000
v 0.4316792 0.0462868 -0.4300000
v 0.3787132 0.0192993 -0.4300000
vt 0.5200000 0.9800000
vt 0.5200000 0.7700000
vt 0.7300000 0.7700000
vt 0.7300000 0.9800000
vn 0.4539905 -0.8910065 0.0000000
vn 0.4539905 -0.8910065 0.0000000
vn 0.4539905 -0.8910065 0.0000000
vn 0.4539905 -0.8910065 0.0000000
f 3757/3757/3757 3758/3758/3758 3759/3759/3759
f 3757/3757/3757 3759/3759/3759 3760/3760/3760
v 0.4316792 0.0462868 -0.5600000
v 0.4737132 0.0883208 -0.5600000
v 0.4737132 0.0883208 -0.4300000
v 0.4316792 0.0462868 -0.4300000
vt 0.5200000 0.9800000
vt 0.5200000 0.7700000
vt 0.7300000 0.7700000
vt 0.7300000 0.9800000
vn 0.7071068 -0.7071068 0.0000000
vn 0.7071068 -0.7071068 0.0000000
vn 0.7071068 -0.7071068 0.0000000
vn 0.7071068 -0.7071068 0.0000000
f 3761/3761/3761 3762/3762/3762 3763/3763/3763
f 3761/3761/3761 3763/3763/3763 3764/3764/3764
v 0.4737132 0.0883208 -0.5600000
v 0.5007007 0.1412868 -0.5600000
v 0.5007007 0.1412868 -0.4300000
v 0.4737132 0.0883208 -0.4300000
vt 0.5200000 0.9800000
vt 0.5200000 0.7700000
vt 0.7300000 0.7700000
vt 0.7300000 0.9800000
vn 0.8910065 -0.4539905 0.0000000
vn 0.8910065 -0.4539905 0.0000000
vn 0.8910065 -0.4539905 0.0000000
vn 0.8910065 -0.4539905 0.0000000
f 3765/3765/3765 3766/3766/3766 3767/3767/3767
f 3765/3765/3765 3767/3767/3767 3768/3768/3768
v 0.5007007 0.1412868 -0.5600000
v 0.5100000 0.2000000 -0.5600000
v 0.5100000 0.2000000 -0.4300000
v 0.5007007 0.1412868 -0.4300000
vt 0.5200000 0.9800000
vt 0.5200000 0.7700000
vt 0.7300000 0.7700000
vt 0.7300000 0.9800000
vn 0.9876883 -0.1564345 0.0000000
vn 0.9876883 -0.1564345 0.0000000
vn 0.9876883 -0.1564345 0.0000000
vn 0.9876883 -0.1564345 0.0000000
f 3769/3769/3769 3770/3770/3770 3771/3771/3771
f 3769/3769/3769 3771/3771/3771 3772/3772/3772
v 0.5100000 0.2000000 -0.4300000
v 0.5007007 0.2587132 -0.4300000
v 0.4737132 0.3116792 -0.4300000
v 0.4316792 0.3537132 -0.4300000
v 0.3787132 0.3807007 -0.4300000
v 0.3200000 0.3900000 -0.4300000
v 0.2612868 0.3807007 -0.4300000
v 0.2083208 0.3537132 -0.4300000
v 0.1662868 0.3116792 -0.4300000
v 0.1392993 0.2587132 -0.4300000
v 0.1300000 0.2000000 -0.4300000
v 0.1392993 0.1412868 -0.4300000
v 0.1662868 0.0883208 -0.4300000
v 0.2083208 0.0462868 -0.4300000
v 0.2612868 0.0192993 -0.4300000
v 0.3200000 0.0100000 -0.4300000
v 0.3787132 0.0192993 -0.4300000
v 0.4316792 0.0462868 -0.4300000
v 0.4737132 0.0883208 -0.4300000
v 0.5007007 0.1412868 -0.4300000
vt 0.7300000 0.8750000
vt 0.7248609 0.8425532
vt 0.7099468 0.8132825
vt 0.6867175 0.7900532
vt 0.6574468 0.7751391
vt 0.6250000 0.7700000
vt 0.5925532 0.7751391
vt 0.5632825 0.7900532
vt 0.5400532 0.8132825
vt 0.5251391 0.8425532
vt 0.5200000 0.8750000
vt 0.5251391 0.9074468
vt 0.5400532 0.9367175
vt 0.5632825 0.9599468
vt 0.5925532 0.9748609
vt 0.6250000 0.9800000
vt 0.6574468 0.9748609
vt 0.6867175 0.9599468
vt 0.7099468 0.9367175
vt 0.7248609 0.9074468
vn 0.0000000 0.0000000 1.0000000
vn 0.0000000 0.0000000 1.0000000
vn 0.0000000 0.0000000 1.0000000
vn 0.0000000 0.0000000 1.0000000
vn 0.0000000 0.0000000 1.0000000
vn 0.0000000 0.0000000 1.0000000
vn 0.0000000 0.0000000 1.0000000
vn 0.0000000 0.0000000 1.0000000
vn 0.0000000 0.0000000 1.0000000
vn 0.0000000 0.0000000 1.0000000
vn 0.0000000 0.0000000 1.0000000
vn 0.0000000 0.0000000 1.0000000
vn 0.0000000 0.0000000 1.0000000
vn 0.0000000 0.0000000 1.0000000
vn 0.0000000 0.0000000 1.0000000
vn 0.0000000 0.0000000 1.0000000
vn 0.0000000 0.0000000 1.0000000
vn 0.0000000 0.0000000 1.0000000
vn 0.0000000 0.0000000 1.0000000
vn 0.0000000 0.0000000 1.0000000
f 3773/3773/3773 3774/3774/3774 3775/3775/3775
f 3773/3773/3773 3775/3775/3775 3776/3776/3776
f 3773/3773/3773 3776/3776/3776 3777/3777/3777
f 3773/3773/3773 3777/3777/3777 3778/3778/3778
f 3773/3773/3773 3778/3778/3778 3779/3779/3779
f 3773/3773/3773 3779/3779/3779 3780/3780/3780
f 3773/3773/3773 3780/3780/3780 3781/3781/3781
f 3773/3773/3773 3781/3781/3781 3782/3782/3782
f 3773/3773/3773 3782/3782/3782 3783/3783/3783
f 3773/3773/3773 3783/3783/3783 3784/3784/3784
f 3773/3773/3773 3784/3784/3784 3785/3785/3785
f 3773/3773/3773 3785/3785/3785 3786/3786/3786
f 3773/3773/3773 3786/3786/3786 3787/3787/3787
f 3773/3773/3773 3787/3787/3787 3788/3788/3788
f 3773/3773/3773 3788/3788/3788 3789/3789/3789
f 3773/3773/3773 3789/3789/3789 3790/3790/3790
f 3773/3773/3773 3790/3790/3790 3791/3791/3791
f 3773/3773/3773 3791/3791/3791 3792/3792/3792
v 0.4151057 0.1690983 -0.7050000
v 0.4009017 0.1412215 -0.7050000
v 0.3787785 0.1190983 -0.7050000
v 0.3509017 0.1048943 -0.7050000
v 0.3200000 0.1000000 -0.7050000
v 0.2890983 0.1048943 -0.7050000
v 0.2612215 0.1190983 -0.7050000
v 0.2390983 0.1412215 -0.7050000
v 0.2248943 0.1690983 -0.7050000
v 0.2200000 0.2000000 -0.7050000
v 0.2248943 0.2309017 -0.7050000
v 0.2390983 0.2587785 -0.7050000
v 0.2612215 0.2809017 -0.7050000
v 0.2890983 0.2951057 -0.7050000
v 0.3200000 0.3000000 -0.7050000
v 0.3509017 0.2951057 -0.7050000
v 0.3787785 0.2809017 -0.7050000
v 0.4009017 0.2587785 -0.7050000
v 0.4151057 0.2309017 -0.7050000
v 0.4200000 0.2000000 -0.7050000
vt 0.9748609 0.4074468
vt 0.9599468 0.4367175
vt 0.9367175 0.4599468
vt 0.9074468 0.4748609
vt 0.8750000 0.4800000
vt 0.8425532 0.4748609
vt 0.8132825 0.4599468
vt 0.7900532 0.4367175
vt 0.7751391 0.4074468
vt 0.7700000 0.3750000
vt 0.7751391 0.3425532
vt 0.7900532 0.3132825
vt 0.8132825 0.2900532
vt 0.8425532 0.2751391
vt 0.8750000 0.2700000
vt 0.9074468 0.2751391
vt 0.9367175 0.2900532
vt 0.9599468 0.3132825
vt 0.9748609 0.3425532
vt 0.9800000 0.3750000
vn 0.0000000 0.0000000 -1.0000000
vn 0.0000000 0.0000000 -1.0000000
vn 0.0000000 0.0000000 -1.0000000
vn 0.0000000 0.0000000 -1.0000000
vn 0.0000000 0.0000000 -1.0000000
vn 0.0000000 0.0000000 -1.0000000
vn 0.0000000 0.0000000 -1.0000000
vn 0.0000000 0.0000000 -1.0000000
vn 0.0000000 0.0000000 -1.0000000
vn 0.0000000 0.0000000 -1.0000000
vn 0.0000000 0.0000000 -1.0000000
vn 0.0000000 0.0000000 -1.0000000
vn 0.0000000 0.0000000 -1.0000000
vn 0.0000000 0.0000000 -1.0000000
vn 0.0000000 0.0000000 -1.0000000
vn 0.0000000 0.0000000 -1.0000000
vn 0.0000000 0.0000000 -1.0000000
vn 0.0000000 0.0000000 -1.0000000
vn 0.0000000 0.0000000 -1.0000000
vn 0.0000000 0.0000000 -1.0000000
f 3793/3793/3793 3794/3794/3794 3795/3795/3795
f 3793/3793/3793 3795/3795/3795 3796/3796/3796
f 3793/3793/3793 3796/3796/3796 3797/3797/3797
f 3793/3793/3793 3797/3797/3797 3798/3798/3798
f 3793/3793/3793 3798/3798/3798 3799/3799/3799
f 3793/3793/3793 3799/3799/3799 3800/3800/3800
f 3793/3793/3793 3800/3800/3800 3801/3801/3801
f 3793/3793/3793 3801/3801/3801 3802/3802/3802
f 3793/3793/3793 3802/3802/3802 3803/3803/3803
f 3793/3793/3793 3803/3803/3803 3804/3804/3804
f 3793/3793/3793 3804/3804/3804 3805/3805/3805
f 3793/3793/3793 3805/3805/3805 3806/3806/3806
f 3793/3793/3793 3806/3806/3806 3807/3807/3807
f 3793/3793/3793 3807/3807/3807 3808/3808/3808
f 3793/3793/3793 3808/3808/3808 3809/3809/3809
f 3793/3793/3793 3809/3809/3809 3810/3810/3810
f 3793/3793/3793 3810/3810/3810 3811/3811/3811
f 3793/3793/3793 3811/3811/3811 3812/3812/3812
v 0.4200000 0.2000000 -0.7050000
v 0.4151057 0.2309017 -0.7050000
v 0.4151057 0.2309017 -0.7000000
v 0.4200000 0.2000000 -0.7000000
vt 0.7700000 0.4800000
vt 0.7700000 0.2700000
vt 0.9800000 0.2700000
vt 0.9800000 0.4800000
vn 0.9876883 0.1564345 0.0000000
vn 0.9876883 0.1564345 0.0000000
vn 0.9876883 0.1564345 0.0000000
vn 0.9876883 0.1564345 0.0000000
f 3813/3813/3813 3814/3814/3814 3815/3815/3815
f 3813/3813/3813 3815/3815/3815 3816/3816/3816
v 0.4151057 0.2309017 -0.7050000
v 0.4009017 0.2587785 -0.7050000
v 0.4009017 0.2587785 -0.7000000
v 0.4151057 0.2309017 -0.7000000
vt 0.7700000 0.4800000
vt 0.7700000 0.2700000
vt 0.9800000 0.2700000
vt 0.9800000 0.4800000
vn 0.8910065 0.4539905 0.0000000
vn 0.8910065 0.4539905 0.0000000
vn 0.8910065 0.4539905 0.0000000
vn 0.8910065 0.4539905 0.0000000
f 3817/3817/3817 3818/3818/3818 3819/3819/3819
f 3817/3817/3817 3819/3819/3819 3820/3820/3820
v 0.4009017 0.2587785 -0.7050000
v 0.3787785 0.2809017 -0.7050000
v 0.3787785 0.2809017 -0.7000000
v 0.4009017 0.2587785 -0.7000000
vt 0.7700000 0.2700000
vt 0.7700000 0.4800000
vt 0.9800000 0.4800000
vt 0.9800000 0.2700000
vn 0.7071068 0.7071068 0.0000000
vn 0.7071068 0.7071068 0.0000000
vn 0.7071068 0.7071068 0.0000000
vn 0.7071068 0.7071068 0.0000000
f 3821/3821/3821 3822/3822/3822 3823/3823/3823
f 3821/3821/3821 3823/3823/3823 3824/3824/3824
v 0.3787785 0.2809017 -0.7050000
v 0.3509017 0.2951057 -0.7050000
v 0.3509017 0.2951057 -0.7000000
v 0.3787785 0.2809017 -0.7000000
vt 0.7700000 0.2700000
vt 0.7700000 0.4800000
vt 0.9800000 0.4800000
vt 0.9800000 0.2700000
vn 0.4539905 0.8910065 0.0000000
vn 0.4539905 0.8910065 0.0000000
vn 0.4539905 0.8910065 0.0000000
vn 0.4539905 0.8910065 0.0000000
f 3825/3825/3825 3826/3826/3826 3827/3827/3827
f 3825/3825/3825 3827/3827/3827 3828/3828/3828
v 0.3509017 0.2951057 -0.7050000
v 0.3200000 0.3000000 -0.7050000
v 0.3200000 0.3000000 -0.7000000
v 0.3509017 0.2951057 -0.7000000
vt 0.7700000 0.2700000
vt 0.7700000 0.4800000
vt 0.9800000 0.4800000
vt 0.9800000 0.2700000
vn 0.1564345 0.9876883 0.0000000
vn 0.1564345 0.9876883 0.0000000
vn 0.1564345 0.9876883 0.0000000
vn 0.1564345 0.9876883 0.0000000
f 3829/3829/3829 3830/3830/3830 3831/3831/3831
f 3829/3829/3829 3831/3831/3831 3832/3832/3832
v 0.3200000 0.3000000 -0.7050000
v 0.2890983 0.2951057 -0.7050000
v 0.2890983 0.2951057 -0.7000000
v 0.3200000 0.3000000 -0.7000000
vt 0.7700000 0.2700000
vt 0.7700000 0.4800000
vt 0.9800000 0.4800000
vt 0.9800000 0.2700000
vn -0.1564345 0.9876883 0.0000000
vn -0.1564345 0.9876883 0.0000000
vn -0.1564345 0.9876883 0.0000000
vn -0.1564345 0.9876883 0.0000000
f 3833/3833/3833 3834/3834/3834 3835/3835/3835
f 3833/3833/3833 3835/3835/3835 3836/3836/3836
v 0.2890983 0.2951057 -0.7050000
v 0.2612215 0.2809017 -0.7050000
v 0.2612215 0.2809017 -0.7000000
v 0.2890983 0.2951057 -0.7000000
vt 0.7700000 0.2700000
vt 0.7700000 0.4800000
vt 0.9800000 0.4800000
vt 0.9800000 0.2700000
vn -0.4539905 0.8910065 0.0000000
vn -0.4539905 0.8910065 0.0000000
vn -0.4539905 0.8910065 0.0000000
vn -0.4539905 0.8910065 0.0000000
f 3837/3837/3837 3838/3838/3838 3839/3839/3839
f 3837/3837/3837 3839/3839/3839 3840/3840/3840
v 0.2612215 0.2809017 -0.7050000
v 0.2390983 0.2587785 -0.7050000
v 0.2390983 0.2587785 -0.7000000
v 0.2612215 0.2809017 -0.7000000
vt 0.7700000 0.2700000
vt 0.7700000 0.4800000
vt 0.9800000 0.4800000
vt 0.9800000 0.2700000
vn -0.7071068 0.7071068 0.0000000
vn -0.7071068 0.7071068 0.0000000
vn -0.7071068 0.7071068 0.0000000
vn -0.7071068 0.7071068 0.0000000
f 3841/3841/3841 3842/3842/3842 3843/3843/3843
f 3841/3841/3841 3843/3843/3843 3844/3844/3844
v 0.2390983 0.2587785 -0.7050000
v 0.2248943 0.2309017 -0.7050000
v 0.2248943 0.2309017 -0.7000000
v 0.2390983 0.2587785 -0.7000000
vt 0.7700000 0.2700000
vt 0.7700000 0.4800000
vt 0.9800000 0.4800000
vt 0.9800000 0.2700000
vn -0.8910065 0.4539905 0.0000000
vn -0.8910065 0.4539905 0.0000000
vn -0.8910065 0.4539905 0.0000000
vn -0.8910065 0.4539905 0.0000000
f 3845/3845/3845 3846/3846/3846 3847/3847/3847
f 3845/3845/3845 3847/3847/3847 3848/3848/3848
v 0.2248943 0.2309017 -0.7050000
v 0.2200000 0.2000000 -0.7050000
v 0.2200000 0.2000000 -0.7000000
v 0.2248943 0.2309017 -0.7000000
vt 0.7700000 0.2700000
vt 0.7700000 0.4800000
vt 0.9800000 0.4800000
vt 0.9800000 0.2700000
vn -0.9876883 0.1564345 0.0000000
vn -0.9876883 0.1564345 0.0000000
vn -0.9876883 0.1564345 0.0000000
vn -0.9876883 0.1564345 0.0000000
f 3849/3849/3849 3850/3850/3850 3851/3851/3851
f 3849/3849/3849 3851/3851/3851 3852/3852/3852
v 0.2200000 0.2000000 -0.7050000
v 0.2248943 0.1690983 -0.7050000
v 0.2248943 0.1690983 -0.7000000
v 0.2200000 0.2000000 -0.7000000
vt 0.7700000 0.2700000
vt 0.7700000 0.4800000
vt 0.9800000 0.4800000
vt 0.9800000 0.2700000
vn -0.9876883 -0.1564345 0.0000000
vn -0.9876883 -0.1564345 0.0000000
vn -0.9876883 -0.1564345 0.0000000
vn -0.9876883 -0.1564345 0.0000000
f 3853/3853/3853 3854/3854/3854 3855/3855/3855
f 3853/3853/3853 3855/3855/3855 3856/3856/3856
v 0.2248943 0.1690983 -0.7050000
v 0.2390983 0.1412215 -0.7050000
v 0.2390983 0.1412215 -0.7000000
v 0.2248943 0.1690983 -0.7000000
vt 0.7700000 0.2700000
vt 0.7700000 0.4800000
vt 0.9800000 0.4800000
vt 0.9800000 0.2700000
vn -0.8910065 -0.4539905 0.0000000
vn -0.8910065 -0.4539905 0.0000000
vn -0.8910065 -0.4539905 0.0000000
vn -0.8910065 -0.4539905 0.0000000
f 3857/3857/3857 3858/3858/3858 3859/3859/3859
f 3857/3857/3857 3859/3859/3859 3860/3860/3860
v 0.2390983 0.1412215 -0.7050000
v 0.2612215 0.1190983 -0.7050000
v 0.2612215 0.1190983 -0.7000000
v 0.2390983 0.1412215 -0.7000000
vt 0.7700000 0.4800000
vt 0.7700000 0.2700000
vt 0.9800000 0.2700000
vt 0.9800000 0.4800000
vn -0.7071068 -0.7071068 0.0000000
vn -0.7071068 -0.7071068 0.0000000
vn -0.7071068 -0.7071068 0.0000000
vn -0.7071068 -0.7071068 0.0000000
f 3861/3861/3861 3862/3862/3862 3863/3863/3863
f 3861/3861/3861 3863/3863/3863 3864/3864/3864
v 0.2612215 0.1190983 -0.7050000
v 0.2890983 0.1048943 -0.7050000
v 0.2890983 0.1048943 -0.7000000
v 0.2612215 0.1190983 -0.7000000
vt 0.7700000 0.4800000
vt 0.7700000 0.2700000
vt 0.9800000 0.2700000
vt 0.9800000 0.4800000
vn -0.4539905 -0.8910065 0.0000000
vn -0.4539905 -0.8910065 0.0000000
vn -0.4539905 -0.8910065 0.0000000
vn -0.4539905 -0.8910065 0.0000000
f 3865/3865/3865 3866/3866/3866 3867/3867/3867
f 3865/3865/3865 3867/3867/3867 3868/3868/3868
v 0.2890983 0.1048943 -0.7050000
v 0.3200000 0.1000000 -0.7050000
v 0.3200000 0.1000000 -0.7000000
v 0.2890983 0.1048943 -0.7000000
vt 0.7700000 0.4800000
vt 0.7700000 0.2700000
vt 0.9800000 0.2700000
vt 0.9800000 0.4800000
vn -0.1564345 -0.9876883 0.0000000
vn -0.1564345 -0.9876883 0.0000000
vn -0.1564345 -0.9876883 0.0000000
vn -0.1564345 -0.9876883 0.0000000
f 3869/3869/3869 3870/3870/3870 3871/3871/3871
f 3869/3869/3869 3871/3871/3871 3872/3872/3872
v 0.3200000 0.1000000 -0.7050000
v 0.3509017 0.1048943 -0.7050000
v 0.3509017 0.1048943 -0.7000000
v 0.3200000 0.1000000 -0.7000000
vt 0.7700000 0.4800000
vt 0.7700000 0.2700000
vt 0.9800000 0.2700000
vt 0.9800000 0.4800000
vn 0.1564345 -0.9876883 0.0000000
vn 0.1564345 -0.9876883 0.0000000
vn 0.1564345 -0.9876883 0.0000000
vn 0.1564345 -0.9876883 0.0000000
f 3873/3873/3873 3874/3874/3874 3875/3875/3875
f 3873/3873/3873 3875/3875/3875 3876/3876/3876
v 0.3509017 0.1048943 -0.7050000
v 0.3787785 0.1190983 -0.7050000
v 0.3787785 0.1190983 -0.7000000
v 0.3509017 0.1048943 -0.7000000
vt 0.7700000 0.4800000
vt 0.7700000 0.2700000
vt 0.9800000 0.2700000
vt 0.9800000 0.4800000
vn 0.4539905 -0.8910065 0.0000000
vn 0.4539905 -0.8910065 0.0000000
vn 0.4539905 -0.8910065 0.0000000
vn 0.4539905 -0.8910065 0.0000000
f 3877/3877/3877 3878/3878/3878 3879/3879/3879
f 3877/3877/3877 3879/3879/3879 3880/3880/3880
v 0.3787785 0.1190983 -0.7050000
v 0.4009017 0.1412215 -0.7050000
v 0.4009017 0.1412215 -0.7000000
v 0.3787785 0.1190983 -0.7000000
vt 0.7700000 0.4800000
vt 0.7700000 0.2700000
vt 0.9800000 0.2700000
vt 0.9800000 0.4800000
vn 0.7071068 -0.7071068 0.0000000
vn 0.7071068 -0.7071068 0.0000000
vn 0.7071068 -0.7071068 0.0000000
vn 0.7071068 -0.7071068 0.0000000
f 3881/3881/3881 3882/3882/3882 3883/3883/3883
f 3881/3881/3881 3883/3883/3883 3884/3884/3884
v 0.4009017 0.1412215 -0.7050000
v 0.4151057 0.1690983 -0.7050000
v 0.4151057 0.1690983 -0.7000000
v 0.4009017 0.1412215 -0.7000000
vt 0.7700000 0.4800000
vt 0.7700000 0.2700000
vt 0.9800000 0.2700000
vt 0.9800000 0.4800000
vn 0.8910065 -0.4539905 0.0000000
vn 0.8910065 -0.4539905 0.0000000
vn 0.8910065 -0.4539905 0.0000000
vn 0.8910065 -0.4539905 0.0000000
f 3885/3885/3885 3886/3886/3886 3887/3887/3887
f 3885/3885/3885 3887/3887/3887 3888/3888/3888
v 0.4151057 0.1690983 -0.7050000
v 0.4200000 0.2000000 -0.7050000
v 0.4200000 0.2000000 -0.7000000
v 0.4151057 0.1690983 -0.7000000
vt 0.7700000 0.4800000
vt 0.7700000 0.2700000
vt 0.9800000 0.2700000
vt 0.9800000 0.4800000
vn 0.9876883 -0.1564345 0.0000000
vn 0.9876883 -0.1564345 0.0000000
vn 0.9876883 -0.1564345 0.0000000
vn 0.9876883 -0.1564345 0.0000000
f 3889/3889/3889 3890/3890/3890 3891/3891/3891
f 3889/3889/3889 3891/3891/3891 3892/3892/3892
v 0.4200000 0.2000000 -0.7000000
v 0.4151057 0.2309017 -0.7000000
v 0.4009017 0.2587785 -0.7000000
v 0.3787785 0.2809017 -0.7000000
v 0.3509017 0.2951057 -0.7000000
v 0.3200000 0.3000000 -0.7000000
v 0.2890983 0.2951057 -0.7000000
v 0.2612215 0.2809017 -0.7000000
v 0.2390983 0.2587785 -0.7000000
v 0.2248943 0.2309017 -0.7000000
v 0.2200000 0.2000000 -0.7000000
v 0.2248943 0.1690983 -0.7000000
v 0.2390983 0.1412215 -0.7000000
v 0.2612215 0.1190983 -0.7000000
v 0.2890983 0.1048943 -0.7000000
v 0.3200000 0.1000000 -0.7000000
v 0.3509017 0.1048943 -0.7000000
v 0.3787785 0.1190983 -0.7000000
v 0.4009017 0.1412215 -0.7000000
v 0.4151057 0.1690983 -0.7000000
vt 0.9800000 0.3750000
vt 0.9748609 0.3425532
vt 0.9599468 0.3132825
vt 0.9367175 0.2900532
vt 0.9074468 0.2751391
vt 0.8750000 0.2700000
vt 0.8425532 0.2751391
vt 0.8132825 0.2900532
vt 0.7900532 0.3132825
vt 0.7751391 0.3425532
vt 0.7700000 0.3750000
vt 0.7751391 0.4074468
vt 0.7900532 0.4367175
vt 0.8132825 0.4599468
vt 0.8425532 0.4748609
vt 0.8750000 0.4800000
vt 0.9074468 0.4748609
vt 0.9367175 0.4599468
vt 0.9599468 0.4367175
vt 0.9748609 0.4074468
vn 0.0000000 0.0000000 1.0000000
vn 0.0000000 0.0000000 1.0000000
vn 0.0000000 0.0000000 1.0000000
vn 0.0000000 0.0000000 1.0000000
vn 0.0000000 0.0000000 1.0000000
vn 0.0000000 0.0000000 1.0000000
vn 0.0000000 0.0000000 1.0000000
vn 0.0000000 0.0000000 1.0000000
vn 0.0000000 0.0000000 1.0000000
vn 0.0000000 0.0000000 1.0000000
vn 0.0000000 0.0000000 1.0000000
vn 0.0000000 0.0000000 1.0000000
vn 0.0000000 0.0000000 1.0000000
vn 0.0000000 0.0000000 1.0000000
vn 0.0000000 0.0000000 1.0000000
vn 0.0000000 0.0000000 1.0000000
vn 0.0000000 0.0000000 1.0000000
vn 0.0000000 0.0000000 1.0000000
vn 0.0000000 0.0000000 1.0000000
vn 0.0000000 0.0000000 1.0000000
f 3893/3893/3893 3894/3894/3894 3895/3895/3895
f 3893/3893/3893 3895/3895/3895 3896/3896/3896
f 3893/3893/3893 3896/3896/3896 3897/3897/3897
f 3893/3893/3893 3897/3897/3897 3898/3898/3898
f 3893/3893/3893 3898/3898/3898 3899/3899/3899
f 3893/3893/3893 3899/3899/3899 3900/3900/3900
f 3893/3893/3893 3900/3900/3900 3901/3901/3901
f 3893/3893/3893 3901/3901/3901 3902/3902/3902
f 3893/3893/3893 3902/3902/3902 3903/3903/3903
f 3893/3893/3893 3903/3903/3903 3904/3904/3904
f 3893/3893/3893 3904/3904/3904 3905/3905/3905
f 3893/3893/3893 3905/3905/3905 3906/3906/3906
f 3893/3893/3893 3906/3906/3906 3907/3907/3907
f 3893/3893/3893 3907/3907/3907 3908/3908/3908
f 3893/3893/3893 3908/3908/3908 3909/3909/3909
f 3893/3893/3893 3909/3909/3909 3910/3910/3910
f 3893/3893/3893 3910/3910/3910 3911/3911/3911
f 3893/3893/3893 3911/3911/3911 3912/3912/3912
v 0.5700000 0.2077686 -0.0863549
v 0.5700000 0.1871751 -0.1171751
v 0.5700000 0.1563549 -0.1377686
v 0.5700000 0.1200000 -0.1450000
v 0.5700000 0.0836451 -0.1377686
v 0.5700000 0.0528249 -0.1171751
v 0.5700000 0.0322314 -0.0863549
v 0.5700000 0.0250000 -0.0500000
v 0.5700000 0.0322314 -0.0136451
v 0.5700000 0.0528249 0.0171751
v 0.5700000 0.0836451 0.0377686
v 0.5700000 0.1200000 0.0450000
v 0.5700000 0.1563549 0.0377686
v 0.5700000 0.1871751 0.0171751
v 0.5700000 0.2077686 -0.0136451
v 0.5700000 0.2150000 -0.0500000
vt 0.2220074 0.6651818
vt 0.1992462 0.6992462
vt 0.1651818 0.7220074
vt 0.1250000 0.7300000
vt 0.0848182 0.7220074
vt 0.0507538 0.6992462
vt 0.0279926 0.6651818
vt 0.0200000 0.6250000
vt 0.0279926 0.5848182
vt 0.0507538 0.5507538
vt 0.0848182 0.5279926
vt 0.1250000 0.5200000
vt 0.1651818 0.5279926
vt 0.1992462 0.5507538
vt 0.2220074 0.5848182
vt 0.2300000 0.6250000
vn -1.0000000 0.0000000 0.0000000
vn -1.0000000 0.0000000 0.0000000
vn -1.0000000 0.0000000 0.0000000
vn -1.0000000 0.0000000 0.0000000
vn -1.0000000 0.0000000 0.0000000
vn -1.0000000 0.0000000 0.0000000
vn -1.0000000 0.0000000 0.0000000
vn -1.0000000 0.0000000 0.0000000
vn -1.0000000 0.0000000 0.0000000
vn -1.0000000 0.0000000 0.0000000
vn -1.0000000 0.0000000 0.0000000
vn -1.0000000 0.0000000 0.0000000
vn -1.0000000 0.0000000 0.0000000
vn -1.0000000 0.0000000 0.0000000
vn -1.0000000 0.0000000 0.0000000
vn -1.0000000 0.0000000 0.0000000
f 3913/3913/3913 3914/3914/3914 3915/3915/3915
f 3913/3913/3913 3915/3915/3915 3916/3916/3916
f 3913/3913/3913 3916/3916/3916 3917/3917/3917
f 3913/3913/3913 3917/3917/3917 3918/3918/3918
f 3913/3913/3913 3918/3918/3918 3919/3919/3919
f 3913/3913/3913 3919/3919/3919 3920/3920/3920
f 3913/3913/3913 3920/3920/3920 3921/3921/3921
f 3913/3913/3913 3921/3921/3921 3922/3922/3922
f 3913/3913/3913 3922/3922/3922 3923/3923/3923
f 3913/3913/3913 3923/3923/3923 3924/3924/3924
f 3913/3913/3913 3924/3924/3924 3925/3925/3925
f 3913/3913/3913 3925/3925/3925 3926/3926/3926
f 3913/3913/3913 3926/3926/3926 3927/3927/3927
f 3913/3913/3913 3927/3927/3927 3928/3928/3928
v 0.5700000 0.2150000 -0.0500000
v 0.5700000 0.2077686 -0.0136451
v 0.7700000 0.2077686 -0.0136451
v 0.7700000 0.2150000 -0.0500000
vt 0.0200000 0.7300000
vt 0.0200000 0.5200000
vt 0.2300000 0.5200000
vt 0.2300000 0.7300000
vn 0.0000000 0.9807853 0.1950903
vn 0.0000000 0.9807853 0.1950903
vn 0.0000000 0.9807853 0.1950903
vn 0.0000000 0.9807853 0.1950903
f 3929/3929/3929 3930/3930/3930 3931/3931/3931
f 3929/3929/3929 3931/3931/3931 3932/3932/3932
v 0.5700000 0.2077686 -0.0136451
v 0.5700000 0.1871751 0.0171751
v 0.7700000 0.1871751 0.0171751
v 0.7700000 0.2077686 -0.0136451
vt 0.0200000 0.7300000
vt 0.0200000 0.5200000
vt 0.2300000 0.5200000
vt 0.2300000 0.7300000
vn 0.0000000 0.8314696 0.5555702
vn 0.0000000 0.8314696 0.5555702
vn 0.0000000 0.8314696 0.5555702
vn 0.0000000 0.8314696 0.5555702
f 3933/3933/3933 3934/3934/3934 3935/3935/3935
f 3933/3933/3933 3935/3935/3935 3936/3936/3936
v 0.5700000 0.1871751 0.0171751
v 0.5700000 0.1563549 0.0377686
v 0.7700000 0.1563549 0.0377686
v 0.7700000 0.1871751 0.0171751
vt 0.0200000 0.5200000
vt 0.0200000 0.7300000
vt 0.2300000 0.7300000
vt 0.2300000 0.5200000
vn 0.0000000 0.5555702 0.8314696
vn 0.0000000 0.5555702 0.8314696
vn 0.0000000 0.5555702 0.8314696
vn 0.0000000 0.5555702 0.8314696
f 3937/3937/3937 3938/3938/3938 3939/3939/3939
f 3937/3937/3937 3939/3939/3939 3940/3940/3940
v 0.5700000 0.1563549 0.0377686
v 0.5700000 0.1200000 0.0450000
v 0.7700000 0.1200000 0.0450000
v 0.7700000 0.1563549 0.0377686
vt 0.0200000 0.5200000
vt 0.0200000 0.7300000
vt 0.2300000 0.7300000
vt 0.2300000 0.5200000
vn 0.0000000 0.1950903 0.9807853
vn 0.0000000 0.1950903 0.9807853
vn 0.0000000 0.1950903 0.9807853
vn 0.0000000 0.1950903 0.9807853
f 3941/3941/3941 3942/3942/3942 3943/3943/3943
f 3941/3941/3941 3943/3943/3943 3944/3944/3944
v 0.5700000 0.1200000 0.0450000
v 0.5700000 0.0836451 0.0377686
v 0.7700000 0.0836451 0.0377686
v 0.7700000 0.1200000 0.0450000
vt 0.0200000 0.5200000
vt 0.0200000 0.7300000
vt 0.2300000 0.7300000
vt 0.2300000 0.5200000
vn 0.0000000 -0.1950903 0.9807853
vn 0.0000000 -0.1950903 0.9807853
vn 0.0000000 -0.1950903 0.9807853
vn 0.0000000 -0.1950903 0.9807853
f 3945/3945/3945 3946/3946/3946 3947/3947/3947
f 3945/3945/3945 3947/3947/3947 3948/3948/3948
v 0.5700000 0.0836451 0.0377686
v 0.5700000 0.0528249 0.0171751
v 0.7700000 0.0528249 0.0171751
v 0.7700000 0.0836451 0.0377686
vt 0.0200000 0.5200000
vt 0.0200000 0.7300000
vt 0.2300000 0.7300000
vt 0.2300000 0.5200000
vn 0.0000000 -0.5555702 0.8314696
vn 0.0000000 -0.5555702 0.8314696
vn 0.0000000 -0.5555702 0.8314696
vn 0.0000000 -0.5555702 0.8314696
f 3949/3949/3949 3950/3950/3950 3951/3951/3951
f 3949/3949/3949 3951/3951/3951 3952/3952/3952
v 0.5700000 0.0528249 0.0171751
v 0.5700000 0.0322314 -0.0136451
v 0.7700000 0.0322314 -0.0136451
v 0.7700000 0.0528249 0.0171751
vt 0.0200000 0.5200000
vt 0.0200000 0.7300000
vt 0.2300000 0.7300000
vt 0.2300000 0.5200000
vn 0.0000000 -0.8314696 0.5555702
vn 0.0000000 -0.8314696 0.5555702
vn 0.0000000 -0.8314696 0.5555702
vn 0.0000000 -0.8314696 0.5555702
f 3953/3953/3953 3954/3954/3954 3955/3955/3955
f 3953/3953/3953 3955/3955/3955 3956/3956/3956
v 0.5700000 0.0322314 -0.0136451
v 0.5700000 0.0250000 -0.0500000
v 0.7700000 0.0250000 -0.0500000
v 0.7700000 0.0322314 -0.0136451
vt 0.0200000 0.5200000
vt 0.0200000 0.7300000
vt 0.2300000 0.7300000
vt 0.2300000 0.5200000
vn 0.0000000 -0.9807853 0.1950903
vn 0.0000000 -0.9807853 0.1950903
vn 0.0000000 -0.9807853 0.1950903
vn 0.0000000 -0.9807853 0.1950903
f 3957/3957/3957 3958/3958/3958 3959/3959/3959
f 3957/3957/3957 3959/3959/3959 3960/3960/3960
v 0.5700000 0.0250000 -0.0500000
v 0.5700000 0.0322314 -0.0863549
v 0.7700000 0.0322314 -0.0863549
v 0.7700000 0.0250000 -0.0500000
vt 0.0200000 0.5200000
vt 0.0200000 0.7300000
vt 0.2300000 0.7300000
vt 0.2300000 0.5200000
vn 0.0000000 -0.9807853 -0.1950903
vn 0.0000000 -0.9807853 -0.1950903
vn 0.0000000 -0.9807853 -0.1950903
vn 0.0000000 -0.9807853 -0.1950903
f 3961/3961/3961 3962/3962/3962 3963/3963/3963
f 3961/3961/3961 3963/3963/3963 3964/3964/3964
v 0.5700000 0.0322314 -0.0863549
v 0.5700000 0.0528249 -0.1171751
v 0.7700000 0.0528249 -0.1171751
v 0.7700000 0.0322314 -0.0863549
vt 0.0200000 0.5200000
vt 0.0200000 0.7300000
vt 0.2300000 0.7300000
vt 0.2300000 0.5200000
vn 0.0000000 -0.8314696 -0.5555702
vn 0.0000000 -0.8314696 -0.5555702
vn 0.0000000 -0.8314696 -0.5555702
vn 0.0000000 -0.8314696 -0.5555702
f 3965/3965/3965 3966/3966/3966 3967/3967/3967
f 3965/3965/3965 3967/3967/3967 3968/3968/3968
v 0.5700000 0.0528249 -0.1171751
v 0.5700000 0.0836451 -0.1377686
v 0.7700000 0.0836451 -0.1377686
v 0.7700000 0.0528249 -0.1171751
vt 0.0200000 0.7300000
vt 0.0200000 0.5200000
vt 0.2300000 0.5200000
vt 0.2300000 0.7300000
vn 0.0000000 -0.5555702 -0.8314696
vn 0.0000000 -0.5555702 -0.8314696
vn 0.0000000 -0.5555702 -0.8314696
vn 0.0000000 -0.5555702 -0.8314696
f 3969/3969/3969 3970/3970/3970 3971/3971/3971
f 3969/3969/3969 3971/3971/3971 3972/3972/3972
v 0.5700000 0.0836451 -0.1377686
v 0.5700000 0.1200000 -0.1450000
v 0.7700000 0.1200000 -0.1450000
v 0.7700000 0.0836451 -0.1377686
vt 0.0200000 0.7300000
vt 0.0200000 0.5200000
vt 0.2300000 0.5200000
vt 0.2300000 0.7300000
vn 0.0000000 -0.1950903 -0.9807853
vn 0.0000000 -0.1950903 -0.9807853
vn 0.0000000 -0.1950903 -0.9807853
vn 0.0000000 -0.1950903 -0.9807853
f 3973/3973/3973 3974/3974/3974 3975/3975/3975
f 3973/3973/3973 3975/3975/3975 3976/3976/3976
v 0.5700000 0.1200000 -0.1450000
v 0.5700000 0.1563549 -0.1377686
v 0.7700000 0.1563549 -0.1377686
v 0.7700000 0.1200000 -0.1450000
vt 0.0200000 0.7300000
vt 0.0200000 0.5200000
vt 0.2300000 0.5200000
vt 0.2300000 0.7300000
vn 0.0000000 0.1950903 -0.9807853
vn 0.0000000 0.1950903 -0.9807853
vn 0.0000000 0.1950903 -0.9807853
vn 0.0000000 0.1950903 -0.9807853
f 3977/3977/3977 3978/3978/3978 3979/3979/3979
f 3977/3977/3977 3979/3979/3979 3980/3980/3980
v 0.5700000 0.1563549 -0.1377686
v 0.5700000 0.1871751 -0.1171751
v 0.7700000 0.1871751 -0.1171751
v 0.7700000 0.1563549 -0.1377686
vt 0.0200000 0.7300000
vt 0.0200000 0.5200000
vt 0.2300000 0.5200000
vt 0.2300000 0.7300000
vn 0.0000000 0.5555702 -0.8314696
vn 0.0000000 0.5555702 -0.8314696
vn 0.0000000 0.5555702 -0.8314696
vn 0.0000000 0.5555702 -0.8314696
f 3981/3981/3981 3982/3982/3982 3983/3983/3983
f 3981/3981/3981 3983/3983/3983 3984/3984/3984
v 0.5700000 0.1871751 -0.1171751
v 0.5700000 0.2077686 -0.0863549
v 0.7700000 0.2077686 -0.0863549
v 0.7700000 0.1871751 -0.1171751
vt 0.0200000 0.7300000
vt 0.0200000 0.5200000
vt 0.2300000 0.5200000
vt 0.2300000 0.7300000
vn 0.0000000 0.8314696 -0.5555702
vn 0.0000000 0.8314696 -0.5555702
vn 0.0000000 0.8314696 -0.5555702
vn 0.0000000 0.8314696 -0.5555702
f 3985/3985/3985 3986/3986/3986 3987/3987/3987
f 3985/3985/3985 3987/3987/3987 3988/3988/3988
v 0.5700000 0.2077686 -0.0863549
v 0.5700000 0.2150000 -0.0500000
v 0.7700000 0.2150000 -0.0500000
v 0.7700000 0.2077686 -0.0863549
vt 0.0200000 0.7300000
vt 0.0200000 0.5200000
vt 0.2300000 0.5200000
vt 0.2300000 0.7300000
vn 0.0000000 0.9807853 -0.1950903
vn 0.0000000 0.9807853 -0.1950903
vn 0.0000000 0.9807853 -0.1950903
vn 0.0000000 0.9807853 -0.1950903
f 3989/3989/3989 3990/3990/3990 3991/3991/3991
f 3989/3989/3989 3991/3991/3991 3992/3992/3992
v 0.7700000 0.2150000 -0.0500000
v 0.7700000 0.2077686 -0.0136451
v 0.7700000 0.1846716 -0.0232122
v 0.7700000 0.1900000 -0.0500000
vt 0.2300000 0.7300000
vt 0.1799281 0.5200000
vt 0.0200000 0.5752632
vt 0.0568951 0.7300000
vn 1.0000000 0.0000000 0.0000000
vn 1.0000000 0.0000000 0.0000000
vn 1.0000000 0.0000000 0.0000000
vn 1.0000000 0.0000000 0.0000000
f 3993/3993/3993 3994/3994/3994 3995/3995/3995
f 3993/3993/3993 3995/3995/3995 3996/3996/3996
v 0.7700000 0.2077686 -0.0136451
v 0.7700000 0.1871751 0.0171751
v 0.7700000 0.1694975 -0.0005025
v 0.7700000 0.1846716 -0.0232122
vt 0.2300000 0.6802545
vt 0.1170004 0.5200000
vt 0.0200000 0.6119178
vt 0.1032629 0.7300000
vn 1.0000000 0.0000000 0.0000000
vn 1.0000000 0.0000000 0.0000000
vn 1.0000000 0.0000000 0.0000000
vn 1.0000000 0.0000000 0.0000000
f 3997/3997/3997 3998/3998/3998 3999/3999/3999
f 3997/3997/3997 3999/3999/3999 4000/4000/4000
v 0.7700000 0.1871751 0.0171751
v 0.7700000 0.1563549 0.0377686
v 0.7700000 0.1467878 0.0146716
v 0.7700000 0.1694975 -0.0005025
vt 0.2300000 0.6329996
vt 0.0697455 0.5200000
vt 0.0200000 0.6467371
vt 0.1380822 0.7300000
vn 1.0000000 0.0000000 0.0000000
vn 1.0000000 0.0000000 0.0000000
vn 1.0000000 0.0000000 0.0000000
vn 1.0000000 0.0000000 0.0000000
f 4001/4001/4001 4002/4002/4002 4003/4003/4003
f 4001/4001/4001 4003/4003/4003 4004/4004/4004
v 0.7700000 0.1563549 0.0377686
v 0.7700000 0.1200000 0.0450000
v 0.7700000 0.1200000 0.0200000
v 0.7700000 0.1467878 0.0146716
vt 0.2300000 0.5700719
vt 0.0200000 0.5200000
vt 0.0200000 0.6931049
vt 0.1747368 0.7300000
vn 1.0000000 0.0000000 0.0000000
vn 1.0000000 0.0000000 0.0000000
vn 1.0000000 0.0000000 0.0000000
vn 1.0000000 0.0000000 0.0000000
f 4005/4005/4005 4006/4006/4006 4007/4007/4007
f 4005/4005/4005 4007/4007/4007 4008/4008/4008
v 0.7700000 0.1200000 0.0450000
v 0.7700000 0.0836451 0.0377686
v 0.7700000 0.0932122 0.0146716
v 0.7700000 0.1200000 0.0200000
vt 0.2300000 0.5200000
vt 0.0200000 0.5700719
vt 0.0752632 0.7300000
vt 0.2300000 0.6931049
vn 1.0000000 0.0000000 0.0000000
vn 1.0000000 0.0000000 0.0000000
vn 1.0000000 0.0000000 0.0000000
vn 1.0000000 0.0000000 0.0000000
f 4009/4009/4009 4010/4010/4010 4011/4011/4011
f 4009/4009/4009 4011/4011/4011 4012/4012/4012
v 0.7700000 0.0836451 0.0377686
v 0.7700000 0.0528249 0.0171751
v 0.7700000 0.0705025 -0.0005025
v 0.7700000 0.0932122 0.0146716
vt 0.1802545 0.5200000
vt 0.0200000 0.6329996
vt 0.1119178 0.7300000
vt 0.2300000 0.6467371
vn 1.0000000 0.0000000 0.0000000
vn 1.0000000 0.0000000 0.0000000
vn 1.0000000 0.0000000 0.0000000
vn 1.0000000 0.0000000 0.0000000
f 4013/4013/4013 4014/4014/4014 4015/4015/4015
f 4013/4013/4013 4015/4015/4015 4016/4016/4016
v 0.7700000 0.0528249 0.0171751
v 0.7700000 0.0322314 -0.0136451
v 0.7700000 0.0553284 -0.0232122
v 0.7700000 0.0705025 -0.0005025
vt 0.1329996 0.5200000
vt 0.0200000 0.6802545
vt 0.1467371 0.7300000
vt 0.2300000 0.6119178
vn 1.0000000 0.0000000 0.0000000
vn 1.0000000 0.0000000 0.0000000
vn 1.0000000 0.0000000 0.0000000
vn 1.0000000 0.0000000 0.0000000
f 4017/4017/4017 4018/4018/4018 4019/4019/4019
f 4017/4017/4017 4019/4019/4019 4020/4020/4020
v 0.7700000 0.0322314 -0.0136451
v 0.7700000 0.0250000 -0.0500000
v 0.7700000 0.0500000 -0.0500000
v 0.7700000 0.0553284 -0.0232122
vt 0.0700719 0.5200000
vt 0.0200000 0.7300000
vt 0.1931049 0.7300000
vt 0.2300000 0.5752632
vn 1.0000000 0.0000000 0.0000000
vn 1.0000000 0.0000000 0.0000000
vn 1.0000000 0.0000000 0.0000000
vn 1.0000000 0.0000000 0.0000000
f 4021/4021/4021 4022/4022/4022 4023/4023/4023
f 4021/4021/4021 4023/4023/4023 4024/4024/4024
v 0.7700000 0.0250000 -0.0500000
v 0.7700000 0.0322314 -0.0863549
v 0.7700000 0.0553284 -0.0767878
v 0.7700000 0.0500000 -0.0500000
vt 0.0200000 0.5200000
vt 0.0700719 0.7300000
vt 0.2300000 0.6747368
vt 0.1931049 0.5200000
vn 1.0000000 0.0000000 0.0000000
vn 1.0000000 0.0000000 0.0000000
vn 1.0000000 0.0000000 0.0000000
vn 1.0000000 0.0000000 0.0000000
f 4025/4025/4025 4026/4026/4026 4027/4027/4027
f 4025/4025/4025 4027/4027/4027 4028/4028/4028
v 0.7700000 0.0322314 -0.0863549
v 0.7700000 0.0528249 -0.1171751
v 0.7700000 0.0705025 -0.0994975
v 0.7700000 0.0553284 -0.0767878
vt 0.0200000 0.5697455
vt 0.1329996 0.7300000
vt 0.2300000 0.6380822
vt 0.1467371 0.5200000
vn 1.0000000 0.0000000 0.0000000
vn 1.0000000 0.0000000 0.0000000
vn 1.0000000 0.0000000 0.0000000
vn 1.0000000 0.0000000 0.0000000
f 4029/4029/4029 4030/4030/4030 4031/4031/4031
f 4029/4029/4029 4031/4031/4031 4032/4032/4032
v 0.7700000 0.0528249 -0.1171751
v 0.7700000 0.0836451 -0.1377686
v 0.7700000 0.0932122 -0.1146716
v 0.7700000 0.0705025 -0.0994975
vt 0.0200000 0.6170004
vt 0.1802545 0.7300000
vt 0.2300000 0.6032629
vt 0.1119178 0.5200000
vn 1.0000000 -0.0000000 0.0000000
vn 1.0000000 -0.0000000 0.0000000
vn 1.0000000 -0.0000000 0.0000000
vn 1.0000000 -0.0000000 0.0000000
f 4033/4033/4033 4034/4034/4034 4035/4035/4035
f 4033/4033/4033 4035/4035/4035 4036/4036/4036
v 0.7700000 0.0836451 -0.1377686
v 0.7700000 0.1200000 -0.1450000
v 0.7700000 0.1200000 -0.1200000
v 0.7700000 0.0932122 -0.1146716
vt 0.0200000 0.6799281
vt 0.2300000 0.7300000
vt 0.2300000 0.5568951
vt 0.0752632 0.5200000
vn 1.0000000 -0.0000000 0.0000000
vn 1.0000000 -0.0000000 0.0000000
vn 1.0000000 -0.0000000 0.0000000
vn 1.0000000 -0.0000000 0.0000000
f 4037/4037/4037 4038/4038/4038 4039/4039/4039
f 4037/4037/4037 4039/4039/4039 4040/4040/4040
v 0.7700000 0.1200000 -0.1450000
v 0.7700000 0.1563549 -0.1377686
v 0.7700000 0.1467878 -0.1146716
v 0.7700000 0.1200000 -0.1200000
vt 0.0200000 0.7300000
vt 0.2300000 0.6799281
vt 0.1747368 0.5200000
vt 0.0200000 0.5568951
vn 1.0000000 0.0000000 0.0000000
vn 1.0000000 0.0000000 0.0000000
vn 1.0000000 0.0000000 0.0000000
vn 1.0000000 0.0000000 0.0000000
f 4041/4041/4041 4042/4042/4042 4043/4043/4043
f 4041/4041/4041 4043/4043/4043 4044/4044/4044
v 0.7700000 0.1563549 -0.1377686
v 0.7700000 0.1871751 -0.1171751
v 0.7700000 0.1694975 -0.0994975
v 0.7700000 0.1467878 -0.1146716
vt 0.0697455 0.7300000
vt 0.2300000 0.6170004
vt 0.1380822 0.5200000
vt 0.0200000 0.6032629
vn 1.0000000 0.0000000 0.0000000
vn 1.0000000 0.0000000 0.0000000
vn 1.0000000 0.0000000 0.0000000
vn 1.0000000 0.0000000 0.0000000
f 4045/4045/4045 4046/4046/4046 4047/4047/4047
f 4045/4045/4045 4047/4047/4047 4048/4048/4048
v 0.7700000 0.1871751 -0.1171751
v 0.7700000 0.2077686 -0.0863549
v 0.7700000 0.1846716 -0.0767878
v 0.7700000 0.1694975 -0.0994975
vt 0.1170004 0.7300000
vt 0.2300000 0.5697455
vt 0.1032629 0.5200000
vt 0.0200000 0.6380822
vn 1.0000000 0.0000000 -0.0000000
vn 1.0000000 0.0000000 -0.0000000
vn 1.0000000 0.0000000 -0.0000000
vn 1.0000000 0.0000000 -0.0000000
f 4049/4049/4049 4050/4050/4050 4051/4051/4051
f 4049/4049/4049 4051/4051/4051 4052/4052/4052
v 0.7700000 0.2077686 -0.0863549
v 0.7700000 0.2150000 -0.0500000
v 0.7700000 0.1900000 -0.0500000
v 0.7700000 0.1846716 -0.0767878
vt 0.1799281 0.7300000
vt 0.2300000 0.5200000
vt 0.0568951 0.5200000
vt 0.0200000 0.6747368
vn 1.0000000 0.0000000 -0.0000000
vn 1.0000000 0.0000000 -0.0000000
vn 1.0000000 0.0000000 -0.0000000
vn 1.0000000 0.0000000 -0.0000000
f 4053/4053/4053 4054/4054/4054 4055/4055/4055
f 4053/4053/4053 4055/4055/4055 4056/4056/4056
v 0.7700000 0.1900000 -0.0500000
v 0.7700000 0.1846716 -0.0232122
v 1.0400000 0.1846716 -0.0232122
v 1.0400000 0.1900000 -0.0500000
vt 0.0200000 0.7300000
vt 0.0200000 0.5200000
vt 0.2300000 0.5200000
vt 0.2300000 0.7300000
vn 0.0000000 0.9807853 0.1950903
vn 0.0000000 0.9807853 0.1950903
vn 0.0000000 0.9807853 0.1950903
vn 0.0000000 0.9807853 0.1950903
f 4057/4057/4057 4058/4058/4058 4059/4059/4059
f 4057/4057/4057 4059/4059/4059 4060/4060/4060
v 0.7700000 0.1846716 -0.0232122
v 0.7700000 0.1694975 -0.0005025
v 1.0400000 0.1694975 -0.0005025
v 1.0400000 0.1846716 -0.0232122
vt 0.0200000 0.7300000
vt 0.0200000 0.5200000
vt 0.2300000 0.5200000
vt 0.2300000 0.7300000
vn 0.0000000 0.8314696 0.5555702
vn 0.0000000 0.8314696 0.5555702
vn 0.0000000 0.8314696 0.5555702
vn 0.0000000 0.8314696 0.5555702
f 4061/4061/4061 4062/4062/4062 4063/4063/4063
f 4061/4061/4061 4063/4063/4063 4064/4064/4064
v 0.7700000 0.1694975 -0.0005025
v 0.7700000 0.1467878 0.0146716
v 1.0400000 0.1467878 0.0146716
v 1.0400000 0.1694975 -0.0005025
vt 0.0200000 0.5200000
vt 0.0200000 0.7300000
vt 0.2300000 0.7300000
vt 0.2300000 0.5200000
vn 0.0000000 0.5555702 0.8314696
vn 0.0000000 0.5555702 0.8314696
vn 0.0000000 0.5555702 0.8314696
vn 0.0000000 0.5555702 0.8314696
f 4065/4065/4065 4066/4066/4066 4067/4067/4067
f 4065/4065/4065 4067/4067/4067 4068/4068/4068
v 0.7700000 0.1467878 0.0146716
v 0.7700000 0.1200000 0.0200000
v 1.0400000 0.1200000 0.0200000
v 1.0400000 0.1467878 0.0146716
vt 0.0200000 0.5200000
vt 0.0200000 0.7300000
vt 0.2300000 0.7300000
vt 0.2300000 0.5200000
vn 0.0000000 0.1950903 0.9807853
vn 0.0000000 0.1950903 0.9807853
vn 0.0000000 0.1950903 0.9807853
vn 0.0000000 0.1950903 0.9807853
f 4069/4069/4069 4070/4070/4070 4071/4071/4071
f 4069/4069/4069 4071/4071/4071 4072/4072/4072
v 0.7700000 0.1200000 0.0200000
v 0.7700000 0.0932122 0.0146716
v 1.0400000 0.0932122 0.0146716
v 1.0400000 0.1200000 0.0200000
vt 0.0200000 0.5200000
vt 0.0200000 0.7300000
vt 0.2300000 0.7300000
vt 0.2300000 0.5200000
vn 0.0000000 -0.1950903 0.9807853
vn 0.0000000 -0.1950903 0.9807853
vn 0.0000000 -0.1950903 0.9807853
vn 0.0000000 -0.1950903 0.9807853
f 4073/4073/4073 4074/4074/4074 4075/4075/4075
f 4073/4073/4073 4075/4075/4075 4076/4076/4076
v 0.7700000 0.0932122 0.0146716
v 0.7700000 0.0705025 -0.0005025
v 1.0400000 0.0705025 -0.0005025
v 1.0400000 0.0932122 0.0146716
vt 0.0200000 0.5200000
vt 0.0200000 0.7300000
vt 0.2300000 0.7300000
vt 0.2300000 0.5200000
vn 0.0000000 -0.5555702 0.8314696
vn 0.0000000 -0.5555702 0.8314696
vn 0.0000000 -0.5555702 0.8314696
vn 0.0000000 -0.5555702 0.8314696
f 4077/4077/4077 4078/4078/4078 4079/4079/4079
f 4077/4077/4077 4079/4079/4079 4080/4080/4080
v 0.7700000 0.0705025 -0.0005025
v 0.7700000 0.0553284 -0.0232122
v 1.0400000 0.0553284 -0.0232122
v 1.0400000 0.0705025 -0.0005025
vt 0.0200000 0.5200000
vt 0.0200000 0.7300000
vt 0.2300000 0.7300000
vt 0.2300000 0.5200000
vn 0.0000000 -0.8314696 0.5555702
vn 0.0000000 -0.8314696 0.5555702
vn 0.0000000 -0.8314696 0.5555702
vn 0.0000000 -0.8314696 0.5555702
f 4081/4081/4081 4082/4082/4082 4083/4083/4083
f 4081/4081/4081 4083/4083/4083 4084/4084/4084
v 0.7700000 0.0553284 -0.0232122
v 0.7700000 0.0500000 -0.0500000
v 1.0400000 0.0500000 -0.0500000
v 1.0400000 0.0553284 -0.0232122
vt 0.0200000 0.5200000
vt 0.0200000 0.7300000
vt 0.2300000 0.7300000
vt 0.2300000 0.5200000
vn 0.0000000 -0.9807853 0.1950903
vn 0.0000000 -0.9807853 0.1950903
vn 0.0000000 -0.9807853 0.1950903
vn 0.0000000 -0.9807853 0.1950903
f 4085/4085/4085 4086/4086/4086 4087/4087/4087
f 4085/4085/4085 4087/4087/4087 4088/4088/4088
v 0.7700000 0.0500000 -0.0500000
v 0.7700000 0.0553284 -0.0767878
v 1.0400000 0.0553284 -0.0767878
v 1.0400000 0.0500000 -0.0500000
vt 0.0200000 0.5200000
vt 0.0200000 0.7300000
vt 0.2300000 0.7300000
vt 0.2300000 0.5200000
vn 0.0000000 -0.9807853 -0.1950903
vn 0.0000000 -0.9807853 -0.1950903
vn 0.0000000 -0.9807853 -0.1950903
vn 0.0000000 -0.9807853 -0.1950903
f 4089/4089/4089 4090/4090/4090 4091/4091/4091
f 4089/4089/4089 4091/4091/4091 4092/4092/4092
v 0.7700000 0.0553284 -0.0767878
v 0.7700000 0.0705025 -0.0994975
v 1.0400000 0.0705025 -0.0994975
v 1.0400000 0.0553284 -0.0767878
vt 0.0200000 0.5200000
vt 0.0200000 0.7300000
vt 0.2300000 0.7300000
vt 0.2300000 0.5200000
vn 0.0000000 -0.8314696 -0.5555702
vn 0.0000000 -0.8314696 -0.5555702
vn 0.0000000 -0.8314696 -0.5555702
vn 0.0000000 -0.8314696 -0.5555702
f 4093/4093/4093 4094/4094/4094 4095/4095/4095
f 4093/4093/4093 4095/4095/4095 4096/4096/4096
v 0.7700000 0.0705025 -0.0994975
v 0.7700000 0.0932122 -0.1146716
v 1.0400000 0.0932122 -0.1146716
v 1.0400000 0.0705025 -0.0994975
vt 0.0200000 0.7300000
vt 0.0200000 0.5200000
vt 0.2300000 0.5200000
vt 0.2300000 0.7300000
vn 0.0000000 -0.5555702 -0.8314696
vn 0.0000000 -0.5555702 -0.8314696
vn 0.0000000 -0.5555702 -0.8314696
vn 0.0000000 -0.5555702 -0.8314696
f 4097/4097/4097 4098/4098/4098 4099/4099/4099
f 4097/4097/4097 4099/4099/4099 4100/4100/4100
v 0.7700000 0.0932122 -0.1146716
v 0.7700000 0.1200000 -0.1200000
v 1.0400000 0.1200000 -0.1200000
v 1.0400000 0.0932122 -0.1146716
vt 0.0200000 0.7300000
vt 0.0200000 0.5200000
vt 0.2300000 0.5200000
vt 0.2300000 0.7300000
vn 0.0000000 -0.1950903 -0.9807853
vn 0.0000000 -0.1950903 -0.9807853
vn 0.0000000 -0.1950903 -0.9807853
vn 0.0000000 -0.1950903 -0.9807853
f 4101/4101/4101 4102/4102/4102 4103/4103/4103
f 4101/4101/4101 4103/4103/4103 4104/4104/4104
v 0.7700000 0.1200000 -0.1200000
v 0.7700000 0.1467878 -0.1146716
v 1.0400000 0.1467878 -0.1146716
v 1.0400000 0.1200000 -0.1200000
vt 0.0200000 0.7300000
vt 0.0200000 0.5200000
vt 0.2300000 0.5200000
vt 0.2300000 0.7300000
vn 0.0000000 0.1950903 -0.9807853
vn 0.0000000 0.1950903 -0.9807853
vn 0.0000000 0.1950903 -0.9807853
vn 0.0000000 0.1950903 -0.9807853
f 4105/4105/4105 4106/4106/4106 4107/4107/4107
f 4105/4105/4105 4107/4107/4107 4108/4108/4108
v 0.7700000 0.1467878 -0.1146716
v 0.7700000 0.1694975 -0.0994975
v 1.0400000 0.1694975 -0.0994975
v 1.0400000 0.1467878 -0.1146716
vt 0.0200000 0.7300000
vt 0.0200000 0.5200000
vt 0.2300000 0.5200000
vt 0.2300000 0.7300000
vn 0.0000000 0.5555702 -0.8314696
vn 0.0000000 0.5555702 -0.8314696
vn 0.0000000 0.5555702 -0.8314696
vn 0.0000000 0.5555702 -0.8314696
f 4109/4109/4109 4110/4110/4110 4111/4111/4111
f 4109/4109/4109 4111/4111/4111 4112/4112/4112
v 0.7700000 0.1694975 -0.0994975
v 0.7700000 0.1846716 -0.0767878
v 1.0400000 0.1846716 -0.0767878
v 1.0400000 0.1694975 -0.0994975
vt 0.0200000 0.7300000
vt 0.0200000 0.5200000
vt 0.2300000 0.5200000
vt 0.2300000 0.7300000
vn 0.0000000 0.8314696 -0.5555702
vn 0.0000000 0.8314696 -0.5555702
vn 0.0000000 0.8314696 -0.5555702
vn 0.0000000 0.8314696 -0.5555702
f 4113/4113/4113 4114/4114/4114 4115/4115/4115
f 4113/4113/4113 4115/4115/4115 4116/4116/4116
v 0.7700000 0.1846716 -0.0767878
v 0.7700000 0.1900000 -0.0500000
v 1.0400000 0.1900000 -0.0500000
v 1.0400000 0.1846716 -0.0767878
vt 0.0200000 0.7300000
vt 0.0200000 0.5200000
vt 0.2300000 0.5200000
vt 0.2300000 0.7300000
vn 0.0000000 0.9807853 -0.1950903
vn 0.0000000 0.9807853 -0.1950903
vn 0.0000000 0.9807853 -0.1950903
vn 0.0000000 0.9807853 -0.1950903
f 4117/4117/4117 4118/4118/4118 4119/4119/4119
f 4117/4117/4117 4119/4119/4119 4120/4120/4120
v 1.0400000 0.1900000 -0.0500000
v 1.0400000 0.1846716 -0.0232122
v 1.0400000 0.1694975 -0.0005025
v 1.0400000 0.1467878 0.0146716
v 1.0400000 0.1200000 0.0200000
v 1.0400000 0.0932122 0.0146716
v 1.0400000 0.0705025 -0.0005025
v 1.0400000 0.0553284 -0.0232122
v 1.0400000 0.0500000 -0.0500000
v 1.0400000 0.0553284 -0.0767878
v 1.0400000 0.0705025 -0.0994975
v 1.0400000 0.0932122 -0.1146716
v 1.0400000 0.1200000 -0.1200000
v 1.0400000 0.1467878 -0.1146716
v 1.0400000 0.1694975 -0.0994975
v 1.0400000 0.1846716 -0.0767878
vt 0.2300000 0.6250000
vt 0.2220074 0.5848182
vt 0.1992462 0.5507538
vt 0.1651818 0.5279926
vt 0.1250000 0.5200000
vt 0.0848182 0.5279926
vt 0.0507538 0.5507538
vt 0.0279926 0.5848182
vt 0.0200000 0.6250000
vt 0.0279926 0.6651818
vt 0.0507538 0.6992462
vt 0.0848182 0.7220074
vt 0.1250000 0.7300000
vt 0.1651818 0.7220074
vt 0.1992462 0.6992462
vt 0.2220074 0.6651818
vn 1.0000000 0.0000000 0.0000000
vn 1.0000000 0.0000000 0.0000000
vn 1.0000000 0.0000000 0.0000000
vn 1.0000000 0.0000000 0.0000000
vn 1.0000000 0.0000000 0.0000000
vn 1.0000000 0.0000000 0.0000000
vn 1.0000000 0.0000000 0.0000000
vn 1.0000000 0.0000000 0.0000000
vn 1.0000000 0.0000000 0.0000000
vn 1.0000000 0.0000000 0.0000000
vn 1.0000000 0.0000000 0.0000000
vn 1.0000000 0.0000000 0.0000000
vn 1.0000000 0.0000000 0.0000000
vn 1.0000000 0.0000000 0.0000000
vn 1.0000000 0.0000000 0.0000000
vn 1.0000000 0.0000000 0.0000000
f 4121/4121/4121 4122/4122/4122 4123/4123/4123
f 4121/4121/4121 4123/4123/4123 4124/4124/4124
f 4121/4121/4121 4124/4124/4124 4125/4125/4125
f 4121/4121/4121 4125/4125/4125 4126/4126/4126
f 4121/4121/4121 4126/4126/4126 4127/4127/4127
f 4121/4121/4121 4127/4127/4127 4128/4128/4128
f 4121/4121/4121 4128/4128/4128 4129/4129/4129
f 4121/4121/4121 4129/4129/4129 4130/4130/4130
f 4121/4121/4121 4130/4130/4130 4131/4131/4131
f 4121/4121/4121 4131/4131/4131 4132/4132/4132
f 4121/4121/4121 4132/4132/4132 4133/4133/4133
f 4121/4121/4121 4133/4133/4133 4134/4134/4134
f 4121/4121/4121 4134/4134/4134 4135/4135/4135
f 4121/4121/4121 4135/4135/4135 4136/4136/4136
v 0.7100000 0.0500000 -0.1000000
v 0.9100000 0.0500000 -0.1000000
v 0.9100000 -0.3500000 -0.1000000
v 0.7100000 -0.3500000 -0.1000000
vt 0.5200000 0.7700000
vt 0.7300000 0.7700000
vt 0.7300000 0.9800000
vt 0.5200000 0.9800000
vn 0.0000000 0.0000000 -1.0000000
vn 0.0000000 0.0000000 -1.0000000
vn 0.0000000 0.0000000 -1.0000000
vn 0.0000000 0.0000000 -1.0000000
f 4137/4137/4137 4138/4138/4138 4139/4139/4139
f 4137/4137/4137 4139/4139/4139 4140/4140/4140
v 0.7100000 -0.3500000 0.1600000
v 0.9100000 -0.3500000 0.1600000
v 0.9100000 0.0500000 0.1600000
v 0.7100000 0.0500000 0.1600000
vt 0.2700000 0.7300000
vt 0.4800000 0.7300000
vt 0.4800000 0.5200000
vt 0.2700000 0.5200000
vn 0.0000000 0.0000000 1.0000000
vn 0.0000000 0.0000000 1.0000000
vn 0.0000000 0.0000000 1.0000000
vn 0.0000000 0.0000000 1.0000000
f 4141/4141/4141 4142/4142/4142 4143/4143/4143
f 4141/4141/4141 4143/4143/4143 4144/4144/4144
v 0.7100000 -0.3500000 -0.1000000
v 0.9100000 -0.3500000 -0.1000000
v 0.9100000 -0.3500000 0.1600000
v 0.7100000 -0.3500000 0.1600000
vt 0.2700000 0.7300000
vt 0.4800000 0.7300000
vt 0.4800000 0.5200000
vt 0.2700000 0.5200000
vn 0.0000000 -1.0000000 0.0000000
vn 0.0000000 -1.0000000 0.0000000
vn 0.0000000 -1.0000000 0.0000000
vn 0.0000000 -1.0000000 0.0000000
f 4145/4145/4145 4146/4146/4146 4147/4147/4147
f 4145/4145/4145 4147/4147/4147 4148/4148/4148
v 0.9100000 -0.3500000 -0.1000000
v 0.9100000 0.0500000 -0.1000000
v 0.9100000 0.0500000 0.1600000
v 0.9100000 -0.3500000 0.1600000
vt 0.2700000 0.7300000
vt 0.4800000 0.7300000
vt 0.4800000 0.5200000
vt 0.2700000 0.5200000
vn 1.0000000 0.0000000 0.0000000
vn 1.0000000 0.0000000 0.0000000
vn 1.0000000 0.0000000 0.0000000
vn 1.0000000 0.0000000 0.0000000
f 4149/4149/4149 4150/4150/4150 4151/4151/4151
f 4149/4149/4149 4151/4151/4151 4152/4152/4152
v 0.9100000 0.0500000 -0.1000000
v 0.7100000 0.0500000 -0.1000000
v 0.7100000 0.0500000 0.1600000
v 0.9100000 0.0500000 0.1600000
vt 0.4800000 0.7300000
vt 0.2700000 0.7300000
vt 0.2700000 0.5200000
vt 0.4800000 0.5200000
vn 0.0000000 1.0000000 0.0000000
vn 0.0000000 1.0000000 0.0000000
vn 0.0000000 1.0000000 0.0000000
vn 0.0000000 1.0000000 0.0000000
f 4153/4153/4153 4154/4154/4154 4155/4155/4155
f 4153/4153/4153 4155/4155/4155 4156/4156/4156
v 0.7100000 0.0500000 -0.1000000
v 0.7100000 -0.3500000 -0.1000000
v 0.7100000 -0.3500000 0.1600000
v 0.7100000 0.0500000 0.1600000
vt 0.4800000 0.7300000
vt 0.2700000 0.7300000
vt 0.2700000 0.5200000
vt 0.4800000 0.5200000
vn -1.0000000 0.0000000 0.0000000
vn -1.0000000 0.0000000 0.0000000
vn -1.0000000 0.0000000 0.0000000
vn -1.0000000 0.0000000 0.0000000
f 4157/4157/4157 4158/4158/4158 4159/4159/4159
f 4157/4157/4157 4159/4159/4159 4160/4160/4160
v 0.9297185 -0.2701170 0.1000000
v 0.9142339 -0.3075000 0.1000000
v 0.8896016 -0.3396016 0.1000000
v 0.8575000 -0.3642339 0.1000000
v 0.8201170 -0.3797185 0.1000000
v 0.7800000 -0.3850000 0.1000000
v 0.7398830 -0.3797185 0.1000000
v 0.7025000 -0.3642339 0.1000000
v 0.6703984 -0.3396016 0.1000000
v 0.6457661 -0.3075000 0.1000000
v 0.6302815 -0.2701170 0.1000000
v 0.6250000 -0.2300000 0.1000000
v 0.6302815 -0.1898830 0.1000000
v 0.6457661 -0.1525000 0.1000000
v 0.6703984 -0.1203984 0.1000000
v 0.7025000 -0.0957661 0.1000000
v 0.7398830 -0.0802815 0.1000000
v 0.7800000 -0.0750000 0.1000000
v 0.8201170 -0.0802815 0.1000000
v 0.8575000 -0.0957661 0.1000000
v 0.8896016 -0.1203984 0.1000000
v 0.9142339 -0.1525000 0.1000000
v 0.9297185 -0.1898830 0.1000000
v 0.9350000 -0.2300000 0.1000000
vt 0.7264222 0.9021760
vt 0.7159327 0.9275000
vt 0.6992462 0.9492462
vt 0.6775000 0.9659327
vt 0.6521760 0.9764222
vt 0.6250000 0.9800000
vt 0.5978240 0.9764222
vt 0.5725000 0.9659327
vt 0.5507538 0.9492462
vt 0.5340673 0.9275000
vt 0.5235778 0.9021760
vt 0.5200000 0.8750000
vt 0.5235778 0.8478240
vt 0.5340673 0.8225000
vt 0.5507538 0.8007538
vt 0.5725000 0.7840673
vt 0.5978240 0.7735778
vt 0.6250000 0.7700000
vt 0.6521760 0.7735778
vt 0.6775000 0.7840673
vt 0.6992462 0.8007538
vt 0.7159327 0.8225000
vt 0.7264222 0.8478240
vt 0.7300000 0.8750000
vn 0.0000000 0.0000000 -1.0000000
vn 0.0000000 0.0000000 -1.0000000
vn 0.0000000 0.0000000 -1.0000000
vn 0.0000000 0.0000000 -1.0000000
vn 0.0000000 0.0000000 -1.0000000
vn 0.0000000 0.0000000 -1.0000000
vn 0.0000000 0.0000000 -1.0000000
vn 0.0000000 0.0000000 -1.0000000
vn 0.0000000 0.0000000 -1.0000000
vn 0.0000000 0.0000000 -1.0000000
vn 0.0000000 0.0000000 -1.0000000
vn 0.0000000 0.0000000 -1.0000000
vn 0.0000000 0.0000000 -1.0000000
vn 0.0000000 0.0000000 -1.0000000
vn 0.0000000 0.0000000 -1.0000000
vn 0.0000000 0.0000000 -1.0000000
vn 0.0000000 0.0000000 -1.0000000
vn 0.0000000 0.0000000 -1.0000000
vn 0.0000000 0.0000000 -1.0000000
vn 0.0000000 0.0000000 -1.0000000
vn 0.0000000 0.0000000 -1.0000000
vn 0.0000000 0.0000000 -1.0000000
vn 0.0000000 0.0000000 -1.0000000
vn 0.0000000 0.0000000 -1.0000000
f 4161/4161/4161 4162/4162/4162 4163/4163/4163
f 4161/4161/4161 4163/4163/4163 4164/4164/4164
f 4161/4161/4161 4164/4164/4164 4165/4165/4165
f 4161/4161/4161 4165/4165/4165 4166/4166/4166
f 4161/4161/4161 4166/4166/4166 4167/4167/4167
f 4161/4161/4161 4167/4167/4167 4168/4168/4168
f 4161/4161/4161 4168/4168/4168 4169/4169/4169
f 4161/4161/4161 4169/4169/4169 4170/4170/4170
f 4161/4161/4161 4170/4170/4170 4171/4171/4171
f 4161/4161/4161 4171/4171/4171 4172/4172/4172
f 4161/4161/4161 4172/4172/4172 4173/4173/4173
f 4161/4161/4161 4173/4173/4173 4174/4174/4174
f 4161/4161/4161 4174/4174/4174 4175/4175/4175
f 4161/4161/4161 4175/4175/4175 4176/4176/4176
f 4161/4161/4161 4176/4176/4176 4177/4177/4177
f 4161/4161/4161 4177/4177/4177 4178/4178/4178
f 4161/4161/4161 4178/4178/4178 4179/4179/4179
f 4161/4161/4161 4179/4179/4179 4180/4180/4180
f 4161/4161/4161 4180/4180/4180 4181/4181/4181
f 4161/4161/4161 4181/4181/4181 4182/4182/4182
f 4161/4161/4161 4182/4182/4182 4183/4183/4183
f 4161/4161/4161 4183/4183/4183 4184/4184/4184
v 0.9350000 -0.2300000 0.1000000
v 0.9297185 -0.1898830 0.1000000
v 0.9297185 -0.1898830 0.1700000
v 0.9350000 -0.2300000 0.1700000
vt 0.5200000 0.9800000
vt 0.5200000 0.7700000
vt 0.7300000 0.7700000
vt 0.7300000 0.9800000
vn 0.9914449 0.1305262 0.0000000
vn 0.9914449 0.1305262 0.0000000
vn 0.9914449 0.1305262 0.0000000
vn 0.9914449 0.1305262 0.0000000
f 4185/4185/4185 4186/4186/4186 4187/4187/4187
f 4185/4185/4185 4187/4187/4187 4188/4188/4188
v 0.9297185 -0.1898830 0.1000000
v 0.9142339 -0.1525000 0.1000000
v 0.9142339 -0.1525000 0.1700000
v 0.9297185 -0.1898830 0.1700000
vt 0.5200000 0.9800000
vt 0.5200000 0.7700000
vt 0.7300000 0.7700000
vt 0.7300000 0.9800000
vn 0.9238795 0.3826834 0.0000000
vn 0.9238795 0.3826834 0.0000000
vn 0.9238795 0.3826834 0.0000000
vn 0.9238795 0.3826834 0.0000000
f 4189/4189/4189 4190/4190/4190 4191/4191/4191
f 4189/4189/4189 4191/4191/4191 4192/4192/4192
v 0.9142339 -0.1525000 0.1000000
v 0.8896016 -0.1203984 0.1000000
v 0.8896016 -0.1203984 0.1700000
v 0.9142339 -0.1525000 0.1700000
vt 0.5200000 0.9800000
vt 0.5200000 0.7700000
vt 0.7300000 0.7700000
vt 0.7300000 0.9800000
vn 0.7933533 0.6087614 0.0000000
vn 0.7933533 0.6087614 0.0000000
vn 0.7933533 0.6087614 0.0000000
vn 0.7933533 0.6087614 0.0000000
f 4193/4193/4193 4194/4194/4194 4195/4195/4195
f 4193/4193/4193 4195/4195/4195 4196/4196/4196
v 0.8896016 -0.1203984 0.1000000
v 0.8575000 -0.0957661 0.1000000
v 0.8575000 -0.0957661 0.1700000
v 0.8896016 -0.1203984 0.1700000
vt 0.5200000 0.7700000
vt 0.5200000 0.9800000
vt 0.7300000 0.9800000
vt 0.7300000 0.7700000
vn 0.6087614 0.7933533 0.0000000
vn 0.6087614 0.7933533 0.0000000
vn 0.6087614 0.7933533 0.0000000
vn 0.6087614 0.7933533 0.0000000
f 4197/4197/4197 4198/4198/4198 4199/4199/4199
f 4197/4197/4197 4199/4199/4199 4200/4200/4200
v 0.8575000 -0.0957661 0.1000000
v 0.8201170 -0.0802815 0.1000000
v 0.8201170 -0.0802815 0.1700000
v 0.8575000 -0.0957661 0.1700000
vt 0.5200000 0.7700000
vt 0.5200000 0.9800000
vt 0.7300000 0.9800000
vt 0.7300000 0.7700000
vn 0.3826834 0.9238795 0.0000000
vn 0.3826834 0.9238795 0.0000000
vn 0.3826834 0.9238795 0.0000000
vn 0.3826834 0.9238795 0.0000000
f 4201/4201/4201 4202/4202/4202 4203/4203/4203
f 4201/4201/4201 4203/4203/4203 4204/4204/4204
v 0.8201170 -0.0802815 0.1000000
v 0.7800000 -0.0750000 0.1000000
v 0.7800000 -0.0750000 0.1700000
v 0.8201170 -0.0802815 0.1700000
vt 0.5200000 0.7700000
vt 0.5200000 0.9800000
vt 0.7300000 0.9800000
vt 0.7300000 0.7700000
vn 0.1305262 0.9914449 0.0000000
vn 0.1305262 0.9914449 0.0000000
vn 0.1305262 0.9914449 0.0000000
vn 0.1305262 0.9914449 0.0000000
f 4205/4205/4205 4206/4206/4206 4207/4207/4207
f 4205/4205/4205 4207/4207/4207 4208/4208/4208
v 0.7800000 -0.0750000 0.1000000
v 0.7398830 -0.0802815 0.1000000
v 0.7398830 -0.0802815 0.1700000
v 0.7800000 -0.0750000 0.1700000
vt 0.5200000 0.7700000
vt 0.5200000 0.9800000
vt 0.7300000 0.9800000
vt 0.7300000 0.7700000
vn -0.1305262 0.9914449 0.0000000
vn -0.1305262 0.9914449 0.0000000
vn -0.1305262 0.9914449 0.0000000
vn -0.1305262 0.9914449 0.0000000
f 4209/4209/4209 4210/4210/4210 4211/4211/4211
f 4209/4209/4209 4211/4211/4211 4212/4212/4212
v 0.7398830 -0.0802815 0.1000000
v 0.7025000 -0.0957661 0.1000000
v 0.7025000 -0.0957661 0.1700000
v 0.7398830 -0.0802815 0.1700000
vt 0.5200000 0.7700000
vt 0.5200000 0.9800000
vt 0.7300000 0.9800000
vt 0.7300000 0.7700000
vn -0.3826834 0.9238795 0.0000000
vn -0.3826834 0.9238795 0.0000000
vn -0.3826834 0.9238795 0.0000000
vn -0.3826834 0.9238795 0.0000000
f 4213/4213/4213 4214/4214/4214 4215/4215/4215
f 4213/4213/4213 4215/4215/4215 4216/4216/4216
v 0.7025000 -0.0957661 0.1000000
v 0.6703984 -0.1203984 0.1000000
v 0.6703984 -0.1203984 0.1700000
v 0.7025000 -0.0957661 0.1700000
vt 0.5200000 0.7700000
vt 0.5200000 0.9800000
vt 0.7300000 0.9800000
vt 0.7300000 0.7700000
vn -0.6087614 0.7933533 0.0000000
vn -0.6087614 0.7933533 0.0000000
vn -0.6087614 0.7933533 0.0000000
vn -0.6087614 0.7933533 0.0000000
f 4217/4217/4217 4218/4218/4218 4219/4219/4219
f 4217/4217/4217 4219/4219/4219 4220/4220/4220
v 0.6703984 -0.1203984 0.1000000
v 0.6457661 -0.1525000 0.1000000
v 0.6457661 -0.1525000 0.1700000
v 0.6703984 -0.1203984 0.1700000
vt 0.5200000 0.7700000
vt 0.5200000 0.9800000
vt 0.7300000 0.9800000
vt 0.7300000 0.7700000
vn -0.7933533 0.6087614 0.0000000
vn -0.7933533 0.6087614 0.0000000
vn -0.7933533 0.6087614 0.0000000
vn -0.7933533 0.6087614 0.0000000
f 4221/4221/4221 4222/4222/4222 4223/4223/4223
f 4221/4221/4221 4223/4223/4223 4224/4224/4224
v 0.6457661 -0.1525000 0.1000000
v 0.6302815 -0.1898830 0.1000000
v 0.6302815 -0.1898830 0.1700000
v 0.6457661 -0.1525000 0.1700000
vt 0.5200000 0.7700000
vt 0.5200000 0.9800000
vt 0.7300000 0.9800000
vt 0.7300000 0.7700000
vn -0.9238795 0.3826834 0.0000000
vn -0.9238795 0.3826834 0.0000000
vn -0.9238795 0.3826834 0.0000000
vn -0.9238795 0.3826834 0.0000000
f 4225/4225/4225 4226/4226/4226 4227/4227/4227
f 4225/4225/4225 4227/4227/4227 4228/4228/4228
v 0.6302815 -0.1898830 0.1000000
v 0.6250000 -0.2300000 0.1000000
v 0.6250000 -0.2300000 0.1700000
v 0.6302815 -0.1898830 0.1700000
vt 0.5200000 0.7700000
vt 0.5200000 0.9800000
vt 0.7300000 0.9800000
vt 0.7300000 0.7700000
vn -0.9914449 0.1305262 0.0000000
vn -0.9914449 0.1305262 0.0000000
vn -0.9914449 0.1305262 0.0000000
vn -0.9914449 0.1305262 0.0000000
f 4229/4229/4229 4230/4230/4230 4231/4231/4231
f 4229/4229/4229 4231/4231/4231 4232/4232/4232
v 0.6250000 -0.2300000 0.1000000
v 0.6302815 -0.2701170 0.1000000
v 0.6302815 -0.2701170 0.1700000
v 0.6250000 -0.2300000 0.1700000
vt 0.5200000 0.7700000
vt 0.5200000 0.9800000
vt 0.7300000 0.9800000
vt 0.7300000 0.7700000
vn -0.9914449 -0.1305262 0.0000000
vn -0.9914449 -0.1305262 0.0000000
vn -0.9914449 -0.1305262 0.0000000
vn -0.9914449 -0.1305262 0.0000000
f 4233/4233/4233 4234/4234/4234 4235/4235/4235
f 4233/4233/4233 4235/4235/4235 4236/4236/4236
v 0.6302815 -0.2701170 0.1000000
v 0.6457661 -0.3075000 0.1000000
v 0.6457661 -0.3075000 0.1700000
v 0.6302815 -0.2701170 0.1700000
vt 0.5200000 0.7700000
vt 0.5200000 0.9800000
vt 0.7300000 0.9800000
vt 0.7300000 0.7700000
vn -0.9238795 -0.3826834 0.0000000
vn -0.9238795 -0.3826834 0.0000000
vn -0.9238795 -0.3826834 0.0000000
vn -0.9238795 -0.3826834 0.0000000
f 4237/4237/4237 4238/4238/4238 4239/4239/4239
f 4237/4237/4237 4239/4239/4239 4240/4240/4240
v 0.6457661 -0.3075000 0.1000000
v 0.6703984 -0.3396016 0.1000000
v 0.6703984 -0.3396016 0.1700000
v 0.6457661 -0.3075000 0.1700000
vt 0.5200000 0.7700000
vt 0.5200000 0.9800000
vt 0.7300000 0.9800000
vt 0.7300000 0.7700000
vn -0.7933533 -0.6087614 0.0000000
vn -0.7933533 -0.6087614 0.0000000
vn -0.7933533 -0.6087614 0.0000000
vn -0.7933533 -0.6087614 0.0000000
f 4241/4241/4241 4242/4242/4242 4243/4243/4243
f 4241/4241/4241 4243/4243/4243 4244/4244/4244
v 0.6703984 -0.3396016 0.1000000
v 0.7025000 -0.3642339 0.1000000
v 0.7025000 -0.3642339 0.1700000
v 0.6703984 -0.3396016 0.1700000
vt 0.5200000 0.9800000
vt 0.5200000 0.7700000
vt 0.7300000 0.7700000
vt 0.7300000 0.9800000
vn -0.6087614 -0.7933533 0.0000000
vn -0.6087614 -0.7933533 0.0000000
vn -0.6087614 -0.7933533 0.0000000
vn -0.6087614 -0.7933533 0.0000000
f 4245/4245/4245 4246/4246/4246 4247/4247/4247
f 4245/4245/4245 4247/4247/4247 4248/4248/4248
v 0.7025000 -0.3642339 0.1000000
v 0.7398830 -0.3797185 0.1000000
v 0.7398830 -0.3797185 0.1700000
v 0.7025000 -0.3642339 0.1700000
vt 0.5200000 0.9800000
vt 0.5200000 0.7700000
vt 0.7300000 0.7700000
vt 0.7300000 0.9800000
vn -0.3826834 -0.9238795 0.0000000
vn -0.3826834 -0.9238795 0.0000000
vn -0.3826834 -0.9238795 0.0000000
vn -0.3826834 -0.9238795 0.0000000
f 4249/4249/4249 4250/4250/4250 4251/4251/4251
f 4249/4249/4249 4251/4251/4251 4252/4252/4252
v 0.7398830 -0.3797185 0.1000000
v 0.7800000 -0.3850000 0.1000000
v 0.7800000 -0.3850000 0.1700000
v 0.7398830 -0.3797185 0.1700000
vt 0.5200000 0.9800000
vt 0.5200000 0.7700000
vt 0.7300000 0.7700000
vt 0.7300000 0.9800000
vn -0.1305262 -0.9914449 0.0000000
vn -0.1305262 -0.9914449 0.0000000
vn -0.1305262 -0.9914449 0.0000000
vn -0.1305262 -0.9914449 0.0000000
f 4253/4253/4253 4254/4254/4254 4255/4255/4255
f 4253/4253/4253 4255/4255/4255 4256/4256/4256
v 0.7800000 -0.3850000 0.1000000
v 0.8201170 -0.3797185 0.1000000
v 0.8201170 -0.3797185 0.1700000
v 0.7800000 -0.3850000 0.1700000
vt 0.5200000 0.9800000
vt 0.5200000 0.7700000
vt 0.7300000 0.7700000
vt 0.7300000 0.9800000
vn 0.1305262 -0.9914449 0.0000000
vn 0.1305262 -0.9914449 0.0000000
vn 0.1305262 -0.9914449 0.0000000
vn 0.1305262 -0.9914449 0.0000000
f 4257/4257/4257 4258/4258/4258 4259/4259/4259
f 4257/4257/4257 4259/4259/4259 4260/4260/4260
v 0.8201170 -0.3797185 0.1000000
v 0.8575000 -0.3642339 0.1000000
v 0.8575000 -0.3642339 0.1700000
v 0.8201170 -0.3797185 0.1700000
vt 0.5200000 0.9800000
vt 0.5200000 0.7700000
vt 0.7300000 0.7700000
vt 0.7300000 0.9800000
vn 0.3826834 -0.9238795 0.0000000
vn 0.3826834 -0.9238795 0.0000000
vn 0.3826834 -0.9238795 0.0000000
vn 0.3826834 -0.9238795 0.0000000
f 4261/4261/4261 4262/4262/4262 4263/4263/4263
f 4261/4261/4261 4263/4263/4263 4264/4264/4264
v 0.8575000 -0.3642339 0.1000000
v 0.8896016 -0.3396016 0.1000000
v 0.8896016 -0.3396016 0.1700000
v 0.8575000 -0.3642339 0.1700000
vt 0.5200000 0.9800000
vt 0.5200000 0.7700000
vt 0.7300000 0.7700000
vt 0.7300000 0.9800000
vn 0.6087614 -0.7933533 0.0000000
vn 0.6087614 -0.7933533 0.0000000
vn 0.6087614 -0.7933533 0.0000000
vn 0.6087614 -0.7933533 0.0000000
f 4265/4265/4265 4266/4266/4266 4267/4267/4267
f 4265/4265/4265 4267/4267/4267 4268/4268/4268
v 0.8896016 -0.3396016 0.1000000
v 0.9142339 -0.3075000 0.1000000
v 0.9142339 -0.3075000 0.1700000
v 0.8896016 -0.3396016 0.1700000
vt 0.5200000 0.9800000
vt 0.5200000 0.7700000
vt 0.7300000 0.7700000
vt 0.7300000 0.9800000
vn 0.7933533 -0.6087614 0.0000000
vn 0.7933533 -0.6087614 0.0000000
vn 0.7933533 -0.6087614 0.0000000
vn 0.7933533 -0.6087614 0.0000000
f 4269/4269/4269 4270/4270/4270 4271/4271/4271
f 4269/4269/4269 4271/4271/4271 4272/4272/4272
v 0.9142339 -0.3075000 0.1000000
v 0.9297185 -0.2701170 0.1000000
v 0.9297185 -0.2701170 0.1700000
v 0.9142339 -0.3075000 0.1700000
vt 0.5200000 0.9800000
vt 0.5200000 0.7700000
vt 0.7300000 0.7700000
vt 0.7300000 0.9800000
vn 0.9238795 -0.3826834 0.0000000
vn 0.9238795 -0.3826834 0.0000000
vn 0.9238795 -0.3826834 0.0000000
vn 0.9238795 -0.3826834 0.0000000
f 4273/4273/4273 4274/4274/4274 4275/4275/4275
f 4273/4273/4273 4275/4275/4275 4276/4276/4276
v 0.9297185 -0.2701170 0.1000000
v 0.9350000 -0.2300000 0.1000000
v 0.9350000 -0.2300000 0.1700000
v 0.9297185 -0.2701170 0.1700000
vt 0.5200000 0.9800000
vt 0.5200000 0.7700000
vt 0.7300000 0.7700000
vt 0.7300000 0.9800000
vn 0.9914449 -0.1305262 0.0000000
vn 0.9914449 -0.1305262 0.0000000
vn 0.9914449 -0.1305262 0.0000000
vn 0.9914449 -0.1305262 0.0000000
f 4277/4277/4277 4278/4278/4278 4279/4279/4279
f 4277/4277/4277 4279/4279/4279 4280/4280/4280
v 0.9350000 -0.2300000 0.1700000
v 0.9297185 -0.1898830 0.1700000
v 0.8765926 -0.2041181 0.1900000
v 0.8800000 -0.2300000 0.1900000
vt 0.5200000 0.7700000
vt 0.7300000 0.7889893
vt 0.6554839 0.9800000
vt 0.5200000 0.9677489
vn 0.3413977 0.0449459 0.9388437
vn 0.3413977 0.0449459 0.9388437
vn 0.3413977 0.0449459 0.9388437
vn 0.3413977 0.0449459 0.9388437
f 4281/4281/4281 4282/4282/4282 4283/4283/4283
f 4281/4281/4281 4283/4283/4283 4284/4284/4284
v 0.9297185 -0.1898830 0.1700000
v 0.9142339 -0.1525000 0.1700000
v 0.8666025 -0.1800000 0.1900000
v 0.8765926 -0.2041181 0.1900000
vt 0.5779130 0.7700000
vt 0.7300000 0.8215204
vt 0.6181206 0.9800000
vt 0.5200000 0.9467610
vn 0.3181320 0.1317746 0.9388437
vn 0.3181320 0.1317746 0.9388437
vn 0.3181320 0.1317746 0.9388437
vn 0.3181320 0.1317746 0.9388437
f 4285/4285/4285 4286/4286/4286 4287/4287/4287
f 4285/4285/4285 4287/4287/4287 4288/4288/4288
v 0.9142339 -0.1525000 0.1700000
v 0.8896016 -0.1203984 0.1700000
v 0.8507107 -0.1592893 0.1900000
v 0.8666025 -0.1800000 0.1900000
vt 0.6168935 0.7700000
vt 0.7300000 0.8514316
vt 0.5929720 0.9800000
vt 0.5200000 0.9274635
vn 0.2731862 0.2096231 0.9388437
vn 0.2731862 0.2096231 0.9388437
vn 0.2731862 0.2096231 0.9388437
vn 0.2731862 0.2096231 0.9388437
f 4289/4289/4289 4290/4290/4290 4291/4291/4291
f 4289/4289/4289 4291/4291/4291 4292/4292/4292
v 0.8896016 -0.1203984 0.1700000
v 0.8575000 -0.0957661 0.1700000
v 0.8300000 -0.1433975 0.1900000
v 0.8507107 -0.1592893 0.1900000
vt 0.7300000 0.8514316
vt 0.6168935 0.7700000
vt 0.5200000 0.9274635
vt 0.5929720 0.9800000
vn 0.2096231 0.2731862 0.9388437
vn 0.2096231 0.2731862 0.9388437
vn 0.2096231 0.2731862 0.9388437
vn 0.2096231 0.2731862 0.9388437
f 4293/4293/4293 4294/4294/4294 4295/4295/4295
f 4293/4293/4293 4295/4295/4295 4296/4296/4296
v 0.8575000 -0.0957661 0.1700000
v 0.8201170 -0.0802815 0.1700000
v 0.8058819 -0.1334074 0.1900000
v 0.8300000 -0.1433975 0.1900000
vt 0.7300000 0.8215204
vt 0.5779130 0.7700000
vt 0.5200000 0.9467610
vt 0.6181206 0.9800000
vn 0.1317746 0.3181320 0.9388437
vn 0.1317746 0.3181320 0.9388437
vn 0.1317746 0.3181320 0.9388437
vn 0.1317746 0.3181320 0.9388437
f 4297/4297/4297 4298/4298/4298 4299/4299/4299
f 4297/4297/4297 4299/4299/4299 4300/4300/4300
v 0.8201170 -0.0802815 0.1700000
v 0.7800000 -0.0750000 0.1700000
v 0.7800000 -0.1300000 0.1900000
v 0.8058819 -0.1334074 0.1900000
vt 0.7300000 0.7889893
vt 0.5200000 0.7700000
vt 0.5200000 0.9677489
vt 0.6554839 0.9800000
vn 0.0449459 0.3413977 0.9388437
vn 0.0449459 0.3413977 0.9388437
vn 0.0449459 0.3413977 0.9388437
vn 0.0449459 0.3413977 0.9388437
f 4301/4301/4301 4302/4302/4302 4303/4303/4303
f 4301/4301/4301 4303/4303/4303 4304/4304/4304
v 0.7800000 -0.0750000 0.1700000
v 0.7398830 -0.0802815 0.1700000
v 0.7541181 -0.1334074 0.1900000
v 0.7800000 -0.1300000 0.1900000
vt 0.7300000 0.7700000
vt 0.5200000 0.7889893
vt 0.5945161 0.9800000
vt 0.7300000 0.9677489
vn -0.0449459 0.3413977 0.9388437
vn -0.0449459 0.3413977 0.9388437
vn -0.0449459 0.3413977 0.9388437
vn -0.0449459 0.3413977 0.9388437
f 4305/4305/4305 4306/4306/4306 4307/4307/4307
f 4305/4305/4305 4307/4307/4307 4308/4308/4308
v 0.7398830 -0.0802815 0.1700000
v 0.7025000 -0.0957661 0.1700000
v 0.7300000 -0.1433975 0.1900000
v 0.7541181 -0.1334074 0.1900000
vt 0.6720870 0.7700000
vt 0.5200000 0.8215204
vt 0.6318794 0.9800000
vt 0.7300000 0.9467610
vn -0.1317746 0.3181320 0.9388437
vn -0.1317746 0.3181320 0.9388437
vn -0.1317746 0.3181320 0.9388437
vn -0.1317746 0.3181320 0.9388437
f 4309/4309/4309 4310/4310/4310 4311/4311/4311
f 4309/4309/4309 4311/4311/4311 4312/4312/4312
v 0.7025000 -0.0957661 0.1700000
v 0.6703984 -0.1203984 0.1700000
v 0.7092893 -0.1592893 0.1900000
v 0.7300000 -0.1433975 0.1900000
vt 0.6331065 0.7700000
vt 0.5200000 0.8514316
vt 0.6570280 0.9800000
vt 0.7300000 0.9274635
vn -0.2096231 0.2731862 0.9388437
vn -0.2096231 0.2731862 0.9388437
vn -0.2096231 0.2731862 0.9388437
vn -0.2096231 0.2731862 0.9388437
f 4313/4313/4313 4314/4314/4314 4315/4315/4315
f 4313/4313/4313 4315/4315/4315 4316/4316/4316
v 0.6703984 -0.1203984 0.1700000
v 0.6457661 -0.1525000 0.1700000
v 0.6933975 -0.1800000 0.1900000
v 0.7092893 -0.1592893 0.1900000
vt 0.7300000 0.8985684
vt 0.6168935 0.9800000
vt 0.5200000 0.8225365
vt 0.5929720 0.7700000
vn -0.2731862 0.2096231 0.9388437
vn -0.2731862 0.2096231 0.9388437
vn -0.2731862 0.2096231 0.9388437
vn -0.2731862 0.2096231 0.9388437
f 4317/4317/4317 4318/4318/4318 4319/4319/4319
f 4317/4317/4317 4319/4319/4319 4320/4320/4320
v 0.6457661 -0.1525000 0.1700000
v 0.6302815 -0.1898830 0.1700000
v 0.6834074 -0.2041181 0.1900000
v 0.6933975 -0.1800000 0.1900000
vt 0.7300000 0.9284796
vt 0.5779130 0.9800000
vt 0.5200000 0.8032390
vt 0.6181206 0.7700000
vn -0.3181320 0.1317746 0.9388437
vn -0.3181320 0.1317746 0.9388437
vn -0.3181320 0.1317746 0.9388437
vn -0.3181320 0.1317746 0.9388437
f 4321/4321/4321 4322/4322/4322 4323/4323/4323
f 4321/4321/4321 4323/4323/4323 4324/4324/4324
v 0.6302815 -0.1898830 0.1700000
v 0.6250000 -0.2300000 0.1700000
v 0.6800000 -0.2300000 0.1900000
v 0.6834074 -0.2041181 0.1900000
vt 0.7300000 0.9610107
vt 0.5200000 0.9800000
vt 0.5200000 0.7822511
vt 0.6554839 0.7700000
vn -0.3413977 0.0449459 0.9388437
vn -0.3413977 0.0449459 0.9388437
vn -0.3413977 0.0449459 0.9388437
vn -0.3413977 0.0449459 0.9388437
f 4325/4325/4325 4326/4326/4326 4327/4327/4327
f 4325/4325/4325 4327/4327/4327 4328/4328/4328
v 0.6250000 -0.2300000 0.1700000
v 0.6302815 -0.2701170 0.1700000
v 0.6834074 -0.2558819 0.1900000
v 0.6800000 -0.2300000 0.1900000
vt 0.7300000 0.9800000
vt 0.5200000 0.9610107
vt 0.5945161 0.7700000
vt 0.7300000 0.7822511
vn -0.3413977 -0.0449459 0.9388437
vn -0.3413977 -0.0449459 0.9388437
vn -0.3413977 -0.0449459 0.9388437
vn -0.3413977 -0.0449459 0.9388437
f 4329/4329/4329 4330/4330/4330 4331/4331/4331
f 4329/4329/4329 4331/4331/4331 4332/4332/4332
v 0.6302815 -0.2701170 0.1700000
v 0.6457661 -0.3075000 0.1700000
v 0.6933975 -0.2800000 0.1900000
v 0.6834074 -0.2558819 0.1900000
vt 0.6720870 0.9800000
vt 0.5200000 0.9284796
vt 0.6318794 0.7700000
vt 0.7300000 0.8032390
vn -0.3181320 -0.1317746 0.9388437
vn -0.3181320 -0.1317746 0.9388437
vn -0.3181320 -0.1317746 0.9388437
vn -0.3181320 -0.1317746 0.9388437
f 4333/4333/4333 4334/4334/4334 4335/4335/4335
f 4333/4333/4333 4335/4335/4335 4336/4336/4336
v 0.6457661 -0.3075000 0.1700000
v 0.6703984 -0.3396016 0.1700000
v 0.7092893 -0.3007107 0.1900000
v 0.6933975 -0.2800000 0.1900000
vt 0.6331065 0.9800000
vt 0.5200000 0.8985684
vt 0.6570280 0.7700000
vt 0.7300000 0.8225365
vn -0.2731862 -0.2096231 0.9388437
vn -0.2731862 -0.2096231 0.9388437
vn -0.2731862 -0.2096231 0.9388437
vn -0.2731862 -0.2096231 0.9388437
f 4337/4337/4337 4338/4338/4338 4339/4339/4339
f 4337/4337/4337 4339/4339/4339 4340/4340/4340
v 0.6703984 -0.3396016 0.1700000
v 0.7025000 -0.3642339 0.1700000
v 0.7300000 -0.3166025 0.1900000
v 0.7092893 -0.3007107 0.1900000
vt 0.5200000 0.8985684
vt 0.6331065 0.9800000
vt 0.7300000 0.8225365
vt 0.6570280 0.7700000
vn -0.2096231 -0.2731862 0.9388437
vn -0.2096231 -0.2731862 0.9388437
vn -0.2096231 -0.2731862 0.9388437
vn -0.2096231 -0.2731862 0.9388437
f 4341/4341/4341 4342/4342/4342 4343/4343/4343
f 4341/4341/4341 4343/4343/4343 4344/4344/4344
v 0.7025000 -0.3642339 0.1700000
v 0.7398830 -0.3797185 0.1700000
v 0.7541181 -0.3265926 0.1900000
v 0.7300000 -0.3166025 0.1900000
vt 0.5200000 0.9284796
vt 0.6720870 0.9800000
vt 0.7300000 0.8032390
vt 0.6318794 0.7700000
vn -0.1317746 -0.3181320 0.9388437
vn -0.1317746 -0.3181320 0.9388437
vn -0.1317746 -0.3181320 0.9388437
vn -0.1317746 -0.3181320 0.9388437
f 4345/4345/4345 4346/4346/4346 4347/4347/4347
f 4345/4345/4345 4347/4347/4347 4348/4348/4348
v 0.7398830 -0.3797185 0.1700000
v 0.7800000 -0.3850000 0.1700000
v 0.7800000 -0.3300000 0.1900000
v 0.7541181 -0.3265926 0.1900000
vt 0.5200000 0.9610107
vt 0.7300000 0.9800000
vt 0.7300000 0.7822511
vt 0.5945161 0.7700000
vn -0.0449459 -0.3413977 0.9388437
vn -0.0449459 -0.3413977 0.9388437
vn -0.0449459 -0.3413977 0.9388437
vn -0.0449459 -0.3413977 0.9388437
f 4349/4349/4349 4350/4350/4350 4351/4351/4351
f 4349/4349/4349 4351/4351/4351 4352/4352/4352
v 0.7800000 -0.3850000 0.1700000
v 0.8201170 -0.3797185 0.1700000
v 0.8058819 -0.3265926 0.1900000
v 0.7800000 -0.3300000 0.1900000
vt 0.5200000 0.9800000
vt 0.7300000 0.9610107
vt 0.6554839 0.7700000
vt 0.5200000 0.7822511
vn 0.0449459 -0.3413977 0.9388437
vn 0.0449459 -0.3413977 0.9388437
vn 0.0449459 -0.3413977 0.9388437
vn 0.0449459 -0.3413977 0.9388437
f 4353/4353/4353 4354/4354/4354 4355/4355/4355
f 4353/4353/4353 4355/4355/4355 4356/4356/4356
v 0.8201170 -0.3797185 0.1700000
v 0.8575000 -0.3642339 0.1700000
v 0.8300000 -0.3166025 0.1900000
v 0.8058819 -0.3265926 0.1900000
vt 0.5779130 0.9800000
vt 0.7300000 0.9284796
vt 0.6181206 0.7700000
vt 0.5200000 0.8032390
vn 0.1317746 -0.3181320 0.9388437
vn 0.1317746 -0.3181320 0.9388437
vn 0.1317746 -0.3181320 0.9388437
vn 0.1317746 -0.3181320 0.9388437
f 4357/4357/4357 4358/4358/4358 4359/4359/4359
f 4357/4357/4357 4359/4359/4359 4360/4360/4360
v 0.8575000 -0.3642339 0.1700000
v 0.8896016 -0.3396016 0.1700000
v 0.8507107 -0.3007107 0.1900000
v 0.8300000 -0.3166025 0.1900000
vt 0.6168935 0.9800000
vt 0.7300000 0.8985684
vt 0.5929720 0.7700000
vt 0.5200000 0.8225365
vn 0.2096231 -0.2731862 0.9388437
vn 0.2096231 -0.2731862 0.9388437
vn 0.2096231 -0.2731862 0.9388437
vn 0.2096231 -0.2731862 0.9388437
f 4361/4361/4361 4362/4362/4362 4363/4363/4363
f 4361/4361/4361 4363/4363/4363 4364/4364/4364
v 0.8896016 -0.3396016 0.1700000
v 0.9142339 -0.3075000 0.1700000
v 0.8666025 -0.2800000 0.1900000
v 0.8507107 -0.3007107 0.1900000
vt 0.5200000 0.8514316
vt 0.6331065 0.7700000
vt 0.7300000 0.9274635
vt 0.6570280 0.9800000
vn 0.2731862 -0.2096231 0.9388437
vn 0.2731862 -0.2096231 0.9388437
vn 0.2731862 -0.2096231 0.9388437
vn 0.2731862 -0.2096231 0.9388437
f 4365/4365/4365 4366/4366/4366 4367/4367/4367
f 4365/4365/4365 4367/4367/4367 4368/4368/4368
v 0.9142339 -0.3075000 0.1700000
v 0.9297185 -0.2701170 0.1700000
v 0.8765926 -0.2558819 0.1900000
v 0.8666025 -0.2800000 0.1900000
vt 0.5200000 0.8215204
vt 0.6720870 0.7700000
vt 0.7300000 0.9467610
vt 0.6318794 0.9800000
vn 0.3181320 -0.1317746 0.9388437
vn 0.3181320 -0.1317746 0.9388437
vn 0.3181320 -0.1317746 0.9388437
vn 0.3181320 -0.1317746 0.9388437
f 4369/4369/4369 4370/4370/4370 4371/4371/4371
f 4369/4369/4369 4371/4371/4371 4372/4372/4372
v 0.9297185 -0.2701170 0.1700000
v 0.9350000 -0.2300000 0.1700000
v 0.8800000 -0.2300000 0.1900000
v 0.8765926 -0.2558819 0.1900000
vt 0.5200000 0.7889893
vt 0.7300000 0.7700000
vt 0.7300000 0.9677489
vt 0.5945161 0.9800000
vn 0.3413977 -0.0449459 0.9388437
vn 0.3413977 -0.0449459 0.9388437
vn 0.3413977 -0.0449459 0.9388437
vn 0.3413977 -0.0449459 0.9388437
f 4373/4373/4373 4374/4374/4374 4375/4375/4375
f 4373/4373/4373 4375/4375/4375 4376/4376/4376
v 0.8800000 -0.2300000 0.1900000
v 0.8765926 -0.2041181 0.1900000
v 0.8666025 -0.1800000 0.1900000
v 0.8507107 -0.1592893 0.1900000
v 0.8300000 -0.1433975 0.1900000
v 0.8058819 -0.1334074 0.1900000
v 0.7800000 -0.1300000 0.1900000
v 0.7541181 -0.1334074 0.1900000
v 0.7300000 -0.1433975 0.1900000
v 0.7092893 -0.1592893 0.1900000
v 0.6933975 -0.1800000 0.1900000
v 0.6834074 -0.2041181 0.1900000
v 0.6800000 -0.2300000 0.1900000
v 0.6834074 -0.2558819 0.1900000
v 0.6933975 -0.2800000 0.1900000
v 0.7092893 -0.3007107 0.1900000
v 0.7300000 -0.3166025 0.1900000
v 0.7541181 -0.3265926 0.1900000
v 0.7800000 -0.3300000 0.1900000
v 0.8058819 -0.3265926 0.1900000
v 0.8300000 -0.3166025 0.1900000
v 0.8507107 -0.3007107 0.1900000
v 0.8666025 -0.2800000 0.1900000
v 0.8765926 -0.2558819 0.1900000
vt 0.7300000 0.8750000
vt 0.7264222 0.8478240
vt 0.7159327 0.8225000
vt 0.6992462 0.8007538
vt 0.6775000 0.7840673
vt 0.6521760 0.7735778
vt 0.6250000 0.7700000
vt 0.5978240 0.7735778
vt 0.5725000 0.7840673
vt 0.5507538 0.8007538
vt 0.5340673 0.8225000
vt 0.5235778 0.8478240
vt 0.5200000 0.8750000
vt 0.5235778 0.9021760
vt 0.5340673 0.9275000
vt 0.5507538 0.9492462
vt 0.5725000 0.9659327
vt 0.5978240 0.9764222
vt 0.6250000 0.9800000
vt 0.6521760 0.9764222
vt 0.6775000 0.9659327
vt 0.6992462 0.9492462
vt 0.7159327 0.9275000
vt 0.7264222 0.9021760
vn 0.0000000 0.0000000 1.0000000
vn 0.0000000 0.0000000 1.0000000
vn 0.0000000 0.0000000 1.0000000
vn 0.0000000 0.0000000 1.0000000
vn 0.0000000 0.0000000 1.0000000
vn 0.0000000 0.0000000 1.0000000
vn 0.0000000 0.0000000 1.0000000
vn 0.0000000 0.0000000 1.0000000
vn 0.0000000 0.0000000 1.0000000
vn 0.0000000 0.0000000 1.0000000
vn 0.0000000 0.0000000 1.0000000
vn 0.0000000 0.0000000 1.0000000
vn 0.0000000 0.0000000 1.0000000
vn 0.0000000 0.0000000 1.0000000
vn 0.0000000 0.0000000 1.0000000
vn 0.0000000 0.0000000 1.0000000
vn 0.0000000 0.0000000 1.0000000
vn 0.0000000 0.0000000 1.0000000
vn 0.0000000 0.0000000 1.0000000
vn 0.0000000 0.0000000 1.0000000
vn 0.0000000 0.0000000 1.0000000
vn 0.0000000 0.0000000 1.0000000
vn 0.0000000 0.0000000 1.0000000
vn 0.0000000 0.0000000 1.0000000
f 4377/4377/4377 4378/4378/4378 4379/4379/4379
f 4377/4377/4377 4379/4379/4379 4380/4380/4380
f 4377/4377/4377 4380/4380/4380 4381/4381/4381
f 4377/4377/4377 4381/4381/4381 4382/4382/4382
f 4377/4377/4377 4382/4382/4382 4383/4383/4383
f 4377/4377/4377 4383/4383/4383 4384/4384/4384
f 4377/4377/4377 4384/4384/4384 4385/4385/4385
f 4377/4377/4377 4385/4385/4385 4386/4386/4386
f 4377/4377/4377 4386/4386/4386 4387/4387/4387
f 4377/4377/4377 4387/4387/4387 4388/4388/4388
f 4377/4377/4377 4388/4388/4388 4389/4389/4389
f 4377/4377/4377 4389/4389/4389 4390/4390/4390
f 4377/4377/4377 4390/4390/4390 4391/4391/4391
f 4377/4377/4377 4391/4391/4391 4392/4392/4392
f 4377/4377/4377 4392/4392/4392 4393/4393/4393
f 4377/4377/4377 4393/4393/4393 4394/4394/4394
f 4377/4377/4377 4394/4394/4394 4395/4395/4395
f 4377/4377/4377 4395/4395/4395 4396/4396/4396
f 4377/4377/4377 4396/4396/4396 4397/4397/4397
f 4377/4377/4377 4397/4397/4397 4398/4398/4398
f 4377/4377/4377 4398/4398/4398 4399/4399/4399
f 4377/4377/4377 4399/4399/4399 4400/4400/4400
v 0.8513292 -0.2531763 0.1930000
v 0.8406763 -0.2740839 0.1930000
v 0.8240839 -0.2906763 0.1930000
v 0.8031763 -0.3013292 0.1930000
v 0.7800000 -0.3050000 0.1930000
v 0.7568237 -0.3013292 0.1930000
v 0.7359161 -0.2906763 0.1930000
v 0.7193237 -0.2740839 0.1930000
v 0.7086708 -0.2531763 0.1930000
v 0.7050000 -0.2300000 0.1930000
v 0.7086708 -0.2068237 0.1930000
v 0.7193237 -0.1859161 0.1930000
v 0.7359161 -0.1693237 0.1930000
v 0.7568237 -0.1586708 0.1930000
v 0.7800000 -0.1550000 0.1930000
v 0.8031763 -0.1586708 0.1930000
v 0.8240839 -0.1693237 0.1930000
v 0.8406763 -0.1859161 0.1930000
v 0.8513292 -0.2068237 0.1930000
v 0.8550000 -0.2300000 0.1930000
vt 0.2248609 0.6574468
vt 0.2099468 0.6867175
vt 0.1867175 0.7099468
vt 0.1574468 0.7248609
vt 0.1250000 0.7300000
vt 0.0925532 0.7248609
vt 0.0632825 0.7099468
vt 0.0400532 0.6867175
vt 0.0251391 0.6574468
vt 0.0200000 0.6250000
vt 0.0251391 0.5925532
vt 0.0400532 0.5632825
vt 0.0632825 0.5400532
vt 0.0925532 0.5251391
vt 0.1250000 0.5200000
vt 0.1574468 0.5251391
vt 0.1867175 0.5400532
vt 0.2099468 0.5632825
vt 0.2248609 0.5925532
vt 0.2300000 0.6250000
vn 0.0000000 0.0000000 -1.0000000
vn 0.0000000 0.0000000 -1.0000000
vn 0.0000000 0.0000000 -1.0000000
vn 0.0000000 0.0000000 -1.0000000
vn 0.0000000 0.0000000 -1.0000000
vn 0.0000000 0.0000000 -1.0000000
vn 0.0000000 0.0000000 -1.0000000
vn 0.0000000 0.0000000 -1.0000000
vn 0.0000000 0.0000000 -1.0000000
vn 0.0000000 0.0000000 -1.0000000
vn 0.0000000 0.0000000 -1.0000000
vn 0.0000000 0.0000000 -1.0000000
vn 0.0000000 0.0000000 -1.0000000
vn 0.0000000 0.0000000 -1.0000000
vn 0.0000000 0.0000000 -1.0000000
vn 0.0000000 0.0000000 -1.0000000
vn 0.0000000 0.0000000 -1.0000000
vn 0.0000000 0.0000000 -1.0000000
vn 0.0000000 0.0000000 -1.0000000
vn 0.0000000 0.0000000 -1.0000000
f 4401/4401/4401 4402/4402/4402 4403/4403/4403
f 4401/4401/4401 4403/4403/4403 4404/4404/4404
f 4401/4401/4401 4404/4404/4404 4405/4405/4405
f 4401/4401/4401 4405/4405/4405 4406/4406/4406
f 4401/4401/4401 4406/4406/4406 4407/4407/4407
f 4401/4401/4401 4407/4407/4407 4408/4408/4408
f 4401/4401/4401 4408/4408/4408 4409/4409/4409
f 4401/4401/4401 4409/4409/4409 4410/4410/4410
f 4401/4401/4401 4410/4410/4410 4411/4411/4411
f 4401/4401/4401 4411/4411/4411 4412/4412/4412
f 4401/4401/4401 4412/4412/4412 4413/4413/4413
f 4401/4401/4401 4413/4413/4413 4414/4414/4414
f 4401/4401/4401 4414/4414/4414 4415/4415/4415
f 4401/4401/4401 4415/4415/4415 4416/4416/4416
f 4401/4401/4401 4416/4416/4416 4417/4417/4417
f 4401/4401/4401 4417/4417/4417 4418/4418/4418
f 4401/4401/4401 4418/4418/4418 4419/4419/4419
f 4401/4401/4401 4419/4419/4419 4420/4420/4420
v 0.8550000 -0.2300000 0.1930000
v 0.8513292 -0.2068237 0.1930000
v 0.8513292 -0.2068237 0.1980000
v 0.8550000 -0.2300000 0.1980000
vt 0.0200000 0.7300000
vt 0.0200000 0.5200000
vt 0.2300000 0.5200000
vt 0.2300000 0.7300000
vn 0.9876883 0.1564345 0.0000000
vn 0.9876883 0.1564345 0.0000000
vn 0.9876883 0.1564345 0.0000000
vn 0.9876883 0.1564345 0.0000000
f 4421/4421/4421 4422/4422/4422 4423/4423/4423
f 4421/4421/4421 4423/4423/4423 4424/4424/4424
v 0.8513292 -0.2068237 0.1930000
v 0.8406763 -0.1859161 0.1930000
v 0.8406763 -0.1859161 0.1980000
v 0.8513292 -0.2068237 0.1980000
vt 0.0200000 0.7300000
vt 0.0200000 0.5200000
vt 0.2300000 0.5200000
vt 0.2300000 0.7300000
vn 0.8910065 0.4539905 0.0000000
vn 0.8910065 0.4539905 0.0000000
vn 0.8910065 0.4539905 0.0000000
vn 0.8910065 0.4539905 0.0000000
f 4425/4425/4425 4426/4426/4426 4427/4427/4427
f 4425/4425/4425 4427/4427/4427 4428/4428/4428
v 0.8406763 -0.1859161 0.1930000
v 0.8240839 -0.1693237 0.1930000
v 0.8240839 -0.1693237 0.1980000
v 0.8406763 -0.1859161 0.1980000
vt 0.0200000 0.5200000
vt 0.0200000 0.7300000
vt 0.2300000 0.7300000
vt 0.2300000 0.5200000
vn 0.7071068 0.7071068 0.0000000
vn 0.7071068 0.7071068 0.0000000
vn 0.7071068 0.7071068 0.0000000
vn 0.7071068 0.7071068 0.0000000
f 4429/4429/4429 4430/4430/4430 4431/4431/4431
f 4429/4429/4429 4431/4431/4431 4432/4432/4432
v 0.8240839 -0.1693237 0.1930000
v 0.8031763 -0.1586708 0.1930000
v 0.8031763 -0.1586708 0.1980000
v 0.8240839 -0.1693237 0.1980000
vt 0.0200000 0.5200000
vt 0.0200000 0.7300000
vt 0.2300000 0.7300000
vt 0.2300000 0.5200000
vn 0.4539905 0.8910065 0.0000000
vn 0.4539905 0.8910065 0.0000000
vn 0.4539905 0.8910065 0.0000000
vn 0.4539905 0.8910065 0.0000000
f 4433/4433/4433 4434/4434/4434 4435/4435/4435
f 4433/4433/4433 4435/4435/4435 4436/4436/4436
v 0.8031763 -0.1586708 0.1930000
v 0.7800000 -0.1550000 0.1930000
v 0.7800000 -0.1550000 0.1980000
v 0.8031763 -0.1586708 0.1980000
vt 0.0200000 0.5200000
vt 0.0200000 0.7300000
vt 0.2300000 0.7300000
vt 0.2300000 0.5200000
vn 0.1564345 0.9876883 0.0000000
vn 0.1564345 0.9876883 0.0000000
vn 0.1564345 0.9876883 0.0000000
vn 0.1564345 0.9876883 0.0000000
f 4437/4437/4437 4438/4438/4438 4439/4439/4439
f 4437/4437/4437 4439/4439/4439 4440/4440/4440
v 0.7800000 -0.1550000 0.1930000
v 0.7568237 -0.1586708 0.1930000
v 0.7568237 -0.1586708 0.1980000
v 0.7800000 -0.1550000 0.1980000
vt 0.0200000 0.5200000
vt 0.0200000 0.7300000
vt 0.2300000 0.7300000
vt 0.2300000 0.5200000
vn -0.1564345 0.9876883 0.0000000
vn -0.1564345 0.9876883 0.0000000
vn -0.1564345 0.9876883 0.0000000
vn -0.1564345 0.9876883 0.0000000
f 4441/4441/4441 4442/4442/4442 4443/4443/4443
f 4441/4441/4441 4443/4443/4443 4444/4444/4444
v 0.7568237 -0.1586708 0.1930000
v 0.7359161 -0.1693237 0.1930000
v 0.7359161 -0.1693237 0.1980000
v 0.7568237 -0.1586708 0.1980000
vt 0.0200000 0.5200000
vt 0.0200000 0.7300000
vt 0.2300000 0.7300000
vt 0.2300000 0.5200000
vn -0.4539905 0.8910065 0.0000000
vn -0.4539905 0.8910065 0.0000000
vn -0.4539905 0.8910065 0.0000000
vn -0.4539905 0.8910065 0.0000000
f 4445/4445/4445 4446/4446/4446 4447/4447/4447
f 4445/4445/4445 4447/4447/4447 4448/4448/4448
v 0.7359161 -0.1693237 0.1930000
v 0.7193237 -0.1859161 0.1930000
v 0.7193237 -0.1859161 0.1980000
v 0.7359161 -0.1693237 0.1980000
vt 0.0200000 0.5200000
vt 0.0200000 0.7300000
vt 0.2300000 0.7300000
vt 0.2300000 0.5200000
vn -0.7071068 0.7071068 0.0000000
vn -0.7071068 0.7071068 0.0000000
vn -0.7071068 0.7071068 0.0000000
vn -0.7071068 0.7071068 0.0000000
f 4449/4449/4449 4450/4450/4450 4451/4451/4451
f 4449/4449/4449 4451/4451/4451 4452/4452/4452
v 0.7193237 -0.1859161 0.1930000
v 0.7086708 -0.2068237 0.1930000
v 0.7086708 -0.2068237 0.1980000
v 0.7193237 -0.1859161 0.1980000
vt 0.0200000 0.5200000
vt 0.0200000 0.7300000
vt 0.2300000 0.7300000
vt 0.2300000 0.5200000
vn -0.8910065 0.4539905 0.0000000
vn -0.8910065 0.4539905 0.0000000
vn -0.8910065 0.4539905 0.0000000
vn -0.8910065 0.4539905 0.0000000
f 4453/4453/4453 4454/4454/4454 4455/4455/4455
f 4453/4453/4453 4455/4455/4455 4456/4456/4456
v 0.7086708 -0.2068237 0.1930000
v 0.7050000 -0.2300000 0.1930000
v 0.7050000 -0.2300000 0.1980000
v 0.7086708 -0.2068237 0.1980000
vt 0.0200000 0.5200000
vt 0.0200000 0.7300000
vt 0.2300000 0.7300000
vt 0.2300000 0.5200000
vn -0.9876883 0.1564345 0.0000000
vn -0.9876883 0.1564345 0.0000000
vn -0.9876883 0.1564345 0.0000000
vn -0.9876883 0.1564345 0.0000000
f 4457/4457/4457 4458/4458/4458 4459/4459/4459
f 4457/4457/4457 4459/4459/4459 4460/4460/4460
v 0.7050000 -0.2300000 0.1930000
v 0.7086708 -0.2531763 0.1930000
v 0.7086708 -0.2531763 0.1980000
v 0.7050000 -0.2300000 0.1980000
vt 0.0200000 0.5200000
vt 0.0200000 0.7300000
vt 0.2300000 0.7300000
vt 0.2300000 0.5200000
vn -0.9876883 -0.1564345 0.0000000
vn -0.9876883 -0.1564345 0.0000000
vn -0.9876883 -0.1564345 0.0000000
vn -0.9876883 -0.1564345 0.0000000
f 4461/4461/4461 4462/4462/4462 4463/4463/4463
f 4461/4461/4461 4463/4463/4463 4464/4464/4464
v 0.7086708 -0.2531763 0.1930000
v 0.7193237 -0.2740839 0.1930000
v 0.7193237 -0.2740839 0.1980000
v 0.7086708 -0.2531763 0.1980000
vt 0.0200000 0.5200000
vt 0.0200000 0.7300000
vt 0.2300000 0.7300000
vt 0.2300000 0.5200000
vn -0.8910065 -0.4539905 0.0000000
vn -0.8910065 -0.4539905 0.0000000
vn -0.8910065 -0.4539905 0.0000000
vn -0.8910065 -0.4539905 0.0000000
f 4465/4465/4465 4466/4466/4466 4467/4467/4467
f 4465/4465/4465 4467/4467/4467 4468/4468/4468
v 0.7193237 -0.2740839 0.1930000
v 0.7359161 -0.2906763 0.1930000
v 0.7359161 -0.2906763 0.1980000
v 0.7193237 -0.2740839 0.1980000
vt 0.0200000 0.7300000
vt 0.0200000 0.5200000
vt 0.2300000 0.5200000
vt 0.2300000 0.7300000
vn -0.7071068 -0.7071068 0.0000000
vn -0.7071068 -0.7071068 0.0000000
vn -0.7071068 -0.7071068 0.0000000
vn -0.7071068 -0.7071068 0.0000000
f 4469/4469/4469 4470/4470/4470 4471/4471/4471
f 4469/4469/4469 4471/4471/4471 4472/4472/4472
v 0.7359161 -0.2906763 0.1930000
v 0.7568237 -0.3013292 0.1930000
v 0.7568237 -0.3013292 0.1980000
v 0.7359161 -0.2906763 0.1980000
vt 0.0200000 0.7300000
vt 0.0200000 0.5200000
vt 0.2300000 0.5200000
vt 0.2300000 0.7300000
vn -0.4539905 -0.8910065 0.0000000
vn -0.4539905 -0.8910065 0.0000000
vn -0.4539905 -0.8910065 0.0000000
vn -0.4539905 -0.8910065 0.0000000
f 4473/4473/4473 4474/4474/4474 4475/4475/4475
f 4473/4473/4473 4475/4475/4475 4476/4476/4476
v 0.7568237 -0.3013292 0.1930000
v 0.7800000 -0.3050000 0.1930000
v 0.7800000 -0.3050000 0.1980000
v 0.7568237 -0.3013292 0.1980000
vt 0.0200000 0.7300000
vt 0.0200000 0.5200000
vt 0.2300000 0.5200000
vt 0.2300000 0.7300000
vn -0.1564345 -0.9876883 0.0000000
vn -0.1564345 -0.9876883 0.0000000
vn -0.1564345 -0.9876883 0.0000000
vn -0.1564345 -0.9876883 0.0000000
f 4477/4477/4477 4478/4478/4478 4479/4479/4479
f 4477/4477/4477 4479/4479/4479 4480/4480/4480
v 0.7800000 -0.3050000 0.1930000
v 0.8031763 -0.3013292 0.1930000
v 0.8031763 -0.3013292 0.1980000
v 0.7800000 -0.3050000 0.1980000
vt 0.0200000 0.7300000
vt 0.0200000 0.5200000
vt 0.2300000 0.5200000
vt 0.2300000 0.7300000
vn 0.1564345 -0.9876883 0.0000000
vn 0.1564345 -0.9876883 0.0000000
vn 0.1564345 -0.9876883 0.0000000
vn 0.1564345 -0.9876883 0.0000000
f 4481/4481/4481 4482/4482/4482 4483/4483/4483
f 4481/4481/4481 4483/4483/4483 4484/4484/4484
v 0.8031763 -0.3013292 0.1930000
v 0.8240839 -0.2906763 0.1930000
v 0.8240839 -0.2906763 0.1980000
v 0.8031763 -0.3013292 0.1980000
vt 0.0200000 0.7300000
vt 0.0200000 0.5200000
vt 0.2300000 0.5200000
vt 0.2300000 0.7300000
vn 0.4539905 -0.8910065 0.0000000
vn 0.4539905 -0.8910065 0.0000000
vn 0.4539905 -0.8910065 0.0000000
vn 0.4539905 -0.8910065 0.0000000
f 4485/4485/4485 4486/4486/4486 4487/4487/4487
f 4485/4485/4485 4487/4487/4487 4488/4488/4488
v 0.8240839 -0.2906763 0.1930000
v 0.8406763 -0.2740839 0.1930000
v 0.8406763 -0.2740839 0.1980000
v 0.8240839 -0.2906763 0.1980000
vt 0.0200000 0.7300000
vt 0.0200000 0.5200000
vt 0.2300000 0.5200000
vt 0.2300000 0.7300000
vn 0.7071068 -0.7071068 0.0000000
vn 0.7071068 -0.7071068 0.0000000
vn 0.7071068 -0.7071068 0.0000000
vn 0.7071068 -0.7071068 0.0000000
f 4489/4489/4489 4490/4490/4490 4491/4491/4491
f 4489/4489/4489 4491/4491/4491 4492/4492/4492
v 0.8406763 -0.2740839 0.1930000
v 0.8513292 -0.2531763 0.1930000
v 0.8513292 -0.2531763 0.1980000
v 0.8406763 -0.2740839 0.1980000
vt 0.0200000 0.7300000
vt 0.0200000 0.5200000
vt 0.2300000 0.5200000
vt 0.2300000 0.7300000
vn 0.8910065 -0.4539905 0.0000000
vn 0.8910065 -0.4539905 0.0000000
vn 0.8910065 -0.4539905 0.0000000
vn 0.8910065 -0.4539905 0.0000000
f 4493/4493/4493 4494/4494/4494 4495/4495/4495
f 4493/4493/4493 4495/4495/4495 4496/4496/4496
v 0.8513292 -0.2531763 0.1930000
v 0.8550000 -0.2300000 0.1930000
v 0.8550000 -0.2300000 0.1980000
v 0.8513292 -0.2531763 0.1980000
vt 0.0200000 0.7300000
vt 0.0200000 0.5200000
vt 0.2300000 0.5200000
vt 0.2300000 0.7300000
vn 0.9876883 -0.1564345 0.0000000
vn 0.9876883 -0.1564345 0.0000000
vn 0.9876883 -0.1564345 0.0000000
vn 0.9876883 -0.1564345 0.0000000
f 4497/4497/4497 4498/4498/4498 4499/4499/4499
f 4497/4497/4497 4499/4499/4499 4500/4500/4500
v 0.8550000 -0.2300000 0.1980000
v 0.8513292 -0.2068237 0.1980000
v 0.8406763 -0.1859161 0.1980000
v 0.8240839 -0.1693237 0.1980000
v 0.8031763 -0.1586708 0.1980000
v 0.7800000 -0.1550000 0.1980000
v 0.7568237 -0.1586708 0.1980000
v 0.7359161 -0.1693237 0.1980000
v 0.7193237 -0.1859161 0.1980000
v 0.7086708 -0.2068237 0.1980000
v 0.7050000 -0.2300000 0.1980000
v 0.7086708 -0.2531763 0.1980000
v 0.7193237 -0.2740839 0.1980000
v 0.7359161 -0.2906763 0.1980000
v 0.7568237 -0.3013292 0.1980000
v 0.7800000 -0.3050000 0.1980000
v 0.8031763 -0.3013292 0.1980000
v 0.8240839 -0.2906763 0.1980000
v 0.8406763 -0.2740839 0.1980000
v 0.8513292 -0.2531763 0.1980000
vt 0.2300000 0.6250000
vt 0.2248609 0.5925532
vt 0.2099468 0.5632825
vt 0.1867175 0.5400532
vt 0.1574468 0.5251391
vt 0.1250000 0.5200000
vt 0.0925532 0.5251391
vt 0.0632825 0.5400532
vt 0.0400532 0.5632825
vt 0.0251391 0.5925532
vt 0.0200000 0.6250000
vt 0.0251391 0.6574468
vt 0.0400532 0.6867175
vt 0.0632825 0.7099468
vt 0.0925532 0.7248609
vt 0.1250000 0.7300000
vt 0.1574468 0.7248609
vt 0.1867175 0.7099468
vt 0.2099468 0.6867175
vt 0.2248609 0.6574468
vn 0.0000000 0.0000000 1.0000000
vn 0.0000000 0.0000000 1.0000000
vn 0.0000000 0.0000000 1.0000000
vn 0.0000000 0.0000000 1.0000000
vn 0.0000000 0.0000000 1.0000000
vn 0.0000000 0.0000000 1.0000000
vn 0.0000000 0.0000000 1.0000000
vn 0.0000000 0.0000000 1.0000000
vn 0.0000000 0.0000000 1.0000000
vn 0.0000000 0.0000000 1.0000000
vn 0.0000000 0.0000000 1.0000000
vn 0.0000000 0.0000000 1.0000000
vn 0.0000000 0.0000000 1.0000000
vn 0.0000000 0.0000000 1.0000000
vn 0.0000000 0.0000000 1.0000000
vn 0.0000000 0.0000000 1.0000000
vn 0.0000000 0.0000000 1.0000000
vn 0.0000000 0.0000000 1.0000000
vn 0.0000000 0.0000000 1.0000000
vn 0.0000000 0.0000000 1.0000000
f 4501/4501/4501 4502/4502/4502 4503/4503/4503
f 4501/4501/4501 4503/4503/4503 4504/4504/4504
f 4501/4501/4501 4504/4504/4504 4505/4505/4505
f 4501/4501/4501 4505/4505/4505 4506/4506/4506
f 4501/4501/4501 4506/4506/4506 4507/4507/4507
f 4501/4501/4501 4507/4507/4507 4508/4508/4508
f 4501/4501/4501 4508/4508/4508 4509/4509/4509
f 4501/4501/4501 4509/4509/4509 4510/4510/4510
f 4501/4501/4501 4510/4510/4510 4511/4511/4511
f 4501/4501/4501 4511/4511/4511 4512/4512/4512
f 4501/4501/4501 4512/4512/4512 4513/4513/4513
f 4501/4501/4501 4513/4513/4513 4514/4514/4514
f 4501/4501/4501 4514/4514/4514 4515/4515/4515
f 4501/4501/4501 4515/4515/4515 4516/4516/4516
f 4501/4501/4501 4516/4516/4516 4517/4517/4517
f 4501/4501/4501 4517/4517/4517 4518/4518/4518
f 4501/4501/4501 4518/4518/4518 4519/4519/4519
f 4501/4501/4501 4519/4519/4519 4520/4520/4520
v 0.4550000 -0.2660000 -0.1400000
v 0.5650000 -0.2660000 -0.1400000
v 0.5650000 -0.3140000 -0.1400000
v 0.4550000 -0.3140000 -0.1400000
vt 0.5200000 0.7700000
vt 0.7300000 0.7700000
vt 0.7300000 0.9800000
vt 0.5200000 0.9800000
vn 0.0000000 0.0000000 -1.0000000
vn 0.0000000 0.0000000 -1.0000000
vn 0.0000000 0.0000000 -1.0000000
vn 0.0000000 0.0000000 -1.0000000
f 4521/4521/4521 4522/4522/4522 4523/4523/4523
f 4521/4521/4521 4523/4523/4523 4524/4524/4524
v 0.4550000 -0.3140000 0.0600000
v 0.5650000 -0.3140000 0.0600000
v 0.5650000 -0.2660000 0.0600000
v 0.4550000 -0.2660000 0.0600000
vt 0.7700000 0.9800000
vt 0.9800000 0.9800000
vt 0.9800000 0.7700000
vt 0.7700000 0.7700000
vn 0.0000000 0.0000000 1.0000000
vn 0.0000000 0.0000000 1.0000000
vn 0.0000000 0.0000000 1.0000000
vn 0.0000000 0.0000000 1.0000000
f 4525/4525/4525 4526/4526/4526 4527/4527/4527
f 4525/4525/4525 4527/4527/4527 4528/4528/4528
v 0.4550000 -0.3140000 -0.1400000
v 0.5650000 -0.3140000 -0.1400000
v 0.5650000 -0.3140000 0.0600000
v 0.4550000 -0.3140000 0.0600000
vt 0.7700000 0.9800000
vt 0.9800000 0.9800000
vt 0.9800000 0.7700000
vt 0.7700000 0.7700000
vn 0.0000000 -1.0000000 0.0000000
vn 0.0000000 -1.0000000 0.0000000
vn 0.0000000 -1.0000000 0.0000000
vn 0.0000000 -1.0000000 0.0000000
f 4529/4529/4529 4530/4530/4530 4531/4531/4531
f 4529/4529/4529 4531/4531/4531 4532/4532/4532
v 0.5650000 -0.3140000 -0.1400000
v 0.5650000 -0.2660000 -0.1400000
v 0.5650000 -0.2660000 0.0600000
v 0.5650000 -0.3140000 0.0600000
vt 0.7700000 0.9800000
vt 0.9800000 0.9800000
vt 0.9800000 0.7700000
vt 0.7700000 0.7700000
vn 1.0000000 0.0000000 0.0000000
vn 1.0000000 0.0000000 0.0000000
vn 1.0000000 0.0000000 0.0000000
vn 1.0000000 0.0000000 0.0000000
f 4533/4533/4533 4534/4534/4534 4535/4535/4535
f 4533/4533/4533 4535/4535/4535 4536/4536/4536
v 0.5650000 -0.2660000 -0.1400000
v 0.4550000 -0.2660000 -0.1400000
v 0.4550000 -0.2660000 0.0600000
v 0.5650000 -0.2660000 0.0600000
vt 0.9800000 0.9800000
vt 0.7700000 0.9800000
vt 0.7700000 0.7700000
vt 0.9800000 0.7700000
vn 0.0000000 1.0000000 0.0000000
vn 0.0000000 1.0000000 0.0000000
vn 0.0000000 1.0000000 0.0000000
vn 0.0000000 1.0000000 0.0000000
f 4537/4537/4537 4538/4538/4538 4539/4539/4539
f 4537/4537/4537 4539/4539/4539 4540/4540/4540
v 0.4550000 -0.2660000 -0.1400000
v 0.4550000 -0.3140000 -0.1400000
v 0.4550000 -0.3140000 0.0600000
v 0.4550000 -0.2660000 0.0600000
vt 0.9800000 0.9800000
vt 0.7700000 0.9800000
vt 0.7700000 0.7700000
vt 0.9800000 0.7700000
vn -1.0000000 0.0000000 0.0000000
vn -1.0000000 0.0000000 0.0000000
vn -1.0000000 0.0000000 0.0000000
vn -1.0000000 0.0000000 0.0000000
f 4541/4541/4541 4542/4542/4542 4543/4543/4543
f 4541/4541/4541 4543/4543/4543 4544/4544/4544
v 0.4550000 -0.1160000 -0.1400000
v 0.5650000 -0.1160000 -0.1400000
v 0.5650000 -0.1640000 -0.1400000
v 0.4550000 -0.1640000 -0.1400000
vt 0.5200000 0.7700000
vt 0.7300000 0.7700000
vt 0.7300000 0.9800000
vt 0.5200000 0.9800000
vn 0.0000000 0.0000000 -1.0000000
vn 0.0000000 0.0000000 -1.0000000
vn 0.0000000 0.0000000 -1.0000000
vn 0.0000000 0.0000000 -1.0000000
f 4545/4545/4545 4546/4546/4546 4547/4547/4547
f 4545/4545/4545 4547/4547/4547 4548/4548/4548
v 0.4550000 -0.1640000 0.0600000
v 0.5650000 -0.1640000 0.0600000
v 0.5650000 -0.1160000 0.0600000
v 0.4550000 -0.1160000 0.0600000
vt 0.7700000 0.9800000
vt 0.9800000 0.9800000
vt 0.9800000 0.7700000
vt 0.7700000 0.7700000
vn 0.0000000 0.0000000 1.0000000
vn 0.0000000 0.0000000 1.0000000
vn 0.0000000 0.0000000 1.0000000
vn 0.0000000 0.0000000 1.0000000
f 4549/4549/4549 4550/4550/4550 4551/4551/4551
f 4549/4549/4549 4551/4551/4551 4552/4552/4552
v 0.4550000 -0.1640000 -0.1400000
v 0.5650000 -0.1640000 -0.1400000
v 0.5650000 -0.1640000 0.0600000
v 0.4550000 -0.1640000 0.0600000
vt 0.7700000 0.9800000
vt 0.9800000 0.9800000
vt 0.9800000 0.7700000
vt 0.7700000 0.7700000
vn 0.0000000 -1.0000000 0.0000000
vn 0.0000000 -1.0000000 0.0000000
vn 0.0000000 -1.0000000 0.0000000
vn 0.0000000 -1.0000000 0.0000000
f 4553/4553/4553 4554/4554/4554 4555/4555/4555
f 4553/4553/4553 4555/4555/4555 4556/4556/4556
v 0.5650000 -0.1640000 -0.1400000
v 0.5650000 -0.1160000 -0.1400000
v 0.5650000 -0.1160000 0.0600000
v 0.5650000 -0.1640000 0.0600000
vt 0.7700000 0.9800000
vt 0.9800000 0.9800000
vt 0.9800000 0.7700000
vt 0.7700000 0.7700000
vn 1.0000000 0.0000000 0.0000000
vn 1.0000000 0.0000000 0.0000000
vn 1.0000000 0.0000000 0.0000000
vn 1.0000000 0.0000000 0.0000000
f 4557/4557/4557 4558/4558/4558 4559/4559/4559
f 4557/4557/4557 4559/4559/4559 4560/4560/4560
v 0.5650000 -0.1160000 -0.1400000
v 0.4550000 -0.1160000 -0.1400000
v 0.4550000 -0.1160000 0.0600000
v 0.5650000 -0.1160000 0.0600000
vt 0.9800000 0.9800000
vt 0.7700000 0.9800000
vt 0.7700000 0.7700000
vt 0.9800000 0.7700000
vn 0.0000000 1.0000000 0.0000000
vn 0.0000000 1.0000000 0.0000000
vn 0.0000000 1.0000000 0.0000000
vn 0.0000000 1.0000000 0.0000000
f 4561/4561/4561 4562/4562/4562 4563/4563/4563
f 4561/4561/4561 4563/4563/4563 4564/4564/4564
v 0.4550000 -0.1160000 -0.1400000
v 0.4550000 -0.1640000 -0.1400000
v 0.4550000 -0.1640000 0.0600000
v 0.4550000 -0.1160000 0.0600000
vt 0.9800000 0.9800000
vt 0.7700000 0.9800000
vt 0.7700000 0.7700000
vt 0.9800000 0.7700000
vn -1.0000000 0.0000000 0.0000000
vn -1.0000000 0.0000000 0.0000000
vn -1.0000000 0.0000000 0.0000000
vn -1.0000000 0.0000000 0.0000000
f 4565/4565/4565 4566/4566/4566 4567/4567/4567
f 4565/4565/4565 4567/4567/4567 4568/4568/4568
v 0.4550000 0.0340000 -0.1400000
v 0.5650000 0.0340000 -0.1400000
v 0.5650000 -0.0140000 -0.1400000
v 0.4550000 -0.0140000 -0.1400000
vt 0.5200000 0.7700000
vt 0.7300000 0.7700000
vt 0.7300000 0.9800000
vt 0.5200000 0.9800000
vn 0.0000000 0.0000000 -1.0000000
vn 0.0000000 0.0000000 -1.0000000
vn 0.0000000 0.0000000 -1.0000000
vn 0.0000000 0.0000000 -1.0000000
f 4569/4569/4569 4570/4570/4570 4571/4571/4571
f 4569/4569/4569 4571/4571/4571 4572/4572/4572
v 0.4550000 -0.0140000 0.0600000
v 0.5650000 -0.0140000 0.0600000
v 0.5650000 0.0340000 0.0600000
v 0.4550000 0.0340000 0.0600000
vt 0.7700000 0.9800000
vt 0.9800000 0.9800000
vt 0.9800000 0.7700000
vt 0.7700000 0.7700000
vn 0.0000000 0.0000000 1.0000000
vn 0.0000000 0.0000000 1.0000000
vn 0.0000000 0.0000000 1.0000000
vn 0.0000000 0.0000000 1.0000000
f 4573/4573/4573 4574/4574/4574 4575/4575/4575
f 4573/4573/4573 4575/4575/4575 4576/4576/4576
v 0.4550000 -0.0140000 -0.1400000
v 0.5650000 -0.0140000 -0.1400000
v 0.5650000 -0.0140000 0.0600000
v 0.4550000 -0.0140000 0.0600000
vt 0.7700000 0.9800000
vt 0.9800000 0.9800000
vt 0.9800000 0.7700000
vt 0.7700000 0.7700000
vn 0.0000000 -1.0000000 0.0000000
vn 0.0000000 -1.0000000 0.0000000
vn 0.0000000 -1.0000000 0.0000000
vn 0.0000000 -1.0000000 0.0000000
f 4577/4577/4577 4578/4578/4578 4579/4579/4579
f 4577/4577/4577 4579/4579/4579 4580/4580/4580
v 0.5650000 -0.0140000 -0.1400000
v 0.5650000 0.0340000 -0.1400000
v 0.5650000 0.0340000 0.0600000
v 0.5650000 -0.0140000 0.0600000
vt 0.7700000 0.9800000
vt 0.9800000 0.9800000
vt 0.9800000 0.7700000
vt 0.7700000 0.7700000
vn 1.0000000 0.0000000 0.0000000
vn 1.0000000 0.0000000 0.0000000
vn 1.0000000 0.0000000 0.0000000
vn 1.0000000 0.0000000 0.0000000
f 4581/4581/4581 4582/4582/4582 4583/4583/4583
f 4581/4581/4581 4583/4583/4583 4584/4584/4584
v 0.5650000 0.0340000 -0.1400000
v 0.4550000 0.0340000 -0.1400000
v 0.4550000 0.0340000 0.0600000
v 0.5650000 0.0340000 0.0600000
vt 0.9800000 0.9800000
vt 0.7700000 0.9800000
vt 0.7700000 0.7700000
vt 0.9800000 0.7700000
vn 0.0000000 1.0000000 0.0000000
vn 0.0000000 1.0000000 0.0000000
vn 0.0000000 1.0000000 0.0000000
vn 0.0000000 1.0000000 0.0000000
f 4585/4585/4585 4586/4586/4586 4587/4587/4587
f 4585/4585/4585 4587/4587/4587 4588/4588/4588
v 0.4550000 0.0340000 -0.1400000
v 0.4550000 -0.0140000 -0.1400000
v 0.4550000 -0.0140000 0.0600000
v 0.4550000 0.0340000 0.0600000
vt 0.9800000 0.9800000
vt 0.7700000 0.9800000
vt 0.7700000 0.7700000
vt 0.9800000 0.7700000
vn -1.0000000 0.0000000 0.0000000
vn -1.0000000 0.0000000 0.0000000
vn -1.0000000 0.0000000 0.0000000
vn -1.0000000 0.0000000 0.0000000
f 4589/4589/4589 4590/4590/4590 4591/4591/4591
f 4589/4589/4589 4591/4591/4591 4592/4592/4592
v 0.4550000 0.1840000 -0.1400000
v 0.5650000 0.1840000 -0.1400000
v 0.5650000 0.1360000 -0.1400000
v 0.4550000 0.1360000 -0.1400000
vt 0.5200000 0.7700000
vt 0.7300000 0.7700000
vt 0.7300000 0.9800000
vt 0.5200000 0.9800000
vn 0.0000000 0.0000000 -1.0000000
vn 0.0000000 0.0000000 -1.0000000
vn 0.0000000 0.0000000 -1.0000000
vn 0.0000000 0.0000000 -1.0000000
f 4593/4593/4593 4594/4594/4594 4595/4595/4595
f 4593/4593/4593 4595/4595/4595 4596/4596/4596
v 0.4550000 0.1360000 0.0600000
v 0.5650000 0.1360000 0.0600000
v 0.5650000 0.1840000 0.0600000
v 0.4550000 0.1840000 0.0600000
vt 0.7700000 0.9800000
vt 0.9800000 0.9800000
vt 0.9800000 0.7700000
vt 0.7700000 0.7700000
vn 0.0000000 0.0000000 1.0000000
vn 0.0000000 0.0000000 1.0000000
vn 0.0000000 0.0000000 1.0000000
vn 0.0000000 0.0000000 1.0000000
f 4597/4597/4597 4598/4598/4598 4599/4599/4599
f 4597/4597/4597 4599/4599/4599 4600/4600/4600
v 0.4550000 0.1360000 -0.1400000
v 0.5650000 0.1360000 -0.1400000
v 0.5650000 0.1360000 0.0600000
v 0.4550000 0.1360000 0.0600000
vt 0.7700000 0.9800000
vt 0.9800000 0.9800000
vt 0.9800000 0.7700000
vt 0.7700000 0.7700000
vn 0.0000000 -1.0000000 0.0000000
vn 0.0000000 -1.0000000 0.0000000
vn 0.0000000 -1.0000000 0.0000000
vn 0.0000000 -1.0000000 0.0000000
f 4601/4601/4601 4602/4602/4602 4603/4603/4603
f 4601/4601/4601 4603/4603/4603 4604/4604/4604
v 0.5650000 0.1360000 -0.1400000
v 0.5650000 0.1840000 -0.1400000
v 0.5650000 0.1840000 0.0600000
v 0.5650000 0.1360000 0.0600000
vt 0.7700000 0.9800000
vt 0.9800000 0.9800000
vt 0.9800000 0.7700000
vt 0.7700000 0.7700000
vn 1.0000000 0.0000000 0.0000000
vn 1.0000000 0.0000000 0.0000000
vn 1.0000000 0.0000000 0.0000000
vn 1.0000000 0.0000000 0.0000000
f 4605/4605/4605 4606/4606/4606 4607/4607/4607
f 4605/4605/4605 4607/4607/4607 4608/4608/4608
v 0.5650000 0.1840000 -0.1400000
v 0.4550000 0.1840000 -0.1400000
v 0.4550000 0.1840000 0.0600000
v 0.5650000 0.1840000 0.0600000
vt 0.9800000 0.9800000
vt 0.7700000 0.9800000
vt 0.7700000 0.7700000
vt 0.9800000 0.7700000
vn 0.0000000 1.0000000 0.0000000
vn 0.0000000 1.0000000 0.0000000
vn 0.0000000 1.0000000 0.0000000
vn 0.0000000 1.0000000 0.0000000
f 4609/4609/4609 4610/4610/4610 4611/4611/4611
f 4609/4609/4609 4611/4611/4611 4612/4612/4612
v 0.4550000 0.1840000 -0.1400000
v 0.4550000 0.1360000 -0.1400000
v 0.4550000 0.1360000 0.0600000
v 0.4550000 0.1840000 0.0600000
vt 0.9800000 0.9800000
vt 0.7700000 0.9800000
vt 0.7700000 0.7700000
vt 0.9800000 0.7700000
vn -1.0000000 0.0000000 0.0000000
vn -1.0000000 0.0000000 0.0000000
vn -1.0000000 0.0000000 0.0000000
vn -1.0000000 0.0000000 0.0000000
f 4613/4613/4613 4614/4614/4614 4615/4615/4615
f 4613/4613/4613 4615/4615/4615 4616/4616/4616
v -0.2728000 -0.4000000 0.6400000
v 0.2728000 -0.4000000 0.6400000
v 0.2108000 -0.3000000 0.6400000
v -0.2108000 -0.3000000 0.6400000
vt 0.5200000 0.9800000
vt 0.7300000 0.9800000
vt 0.7061364 0.7700000
vt 0.5438636 0.7700000
vn 0.0000000 0.0000000 1.0000000
vn 0.0000000 0.0000000 1.0000000
vn 0.0000000 0.0000000 1.0000000
vn 0.0000000 0.0000000 1.0000000
f 4617/4617/4617 4618/4618/4618 4619/4619/4619
f 4617/4617/4617 4619/4619/4619 4620/4620/4620
v 0.2728000 -0.4000000 0.5000000
v -0.2728000 -0.4000000 0.5000000
v -0.2108000 -0.3000000 0.5000000
v 0.2108000 -0.3000000 0.5000000
vt 0.7300000 0.9800000
vt 0.5200000 0.9800000
vt 0.5438636 0.7700000
vt 0.7061364 0.7700000
vn 0.0000000 0.0000000 -1.0000000
vn 0.0000000 0.0000000 -1.0000000
vn 0.0000000 0.0000000 -1.0000000
vn 0.0000000 0.0000000 -1.0000000
f 4621/4621/4621 4622/4622/4622 4623/4623/4623
f 4621/4621/4621 4623/4623/4623 4624/4624/4624
v -0.2728000 -0.4000000 0.5000000
v 0.2728000 -0.4000000 0.5000000
v 0.2728000 -0.4000000 0.6400000
v -0.2728000 -0.4000000 0.6400000
vt 0.0200000 0.7300000
vt 0.2300000 0.7300000
vt 0.2300000 0.5200000
vt 0.0200000 0.5200000
vn 0.0000000 -1.0000000 0.0000000
vn 0.0000000 -1.0000000 0.0000000
vn 0.0000000 -1.0000000 0.0000000
vn 0.0000000 -1.0000000 0.0000000
f 4625/4625/4625 4626/4626/4626 4627/4627/4627
f 4625/4625/4625 4627/4627/4627 4628/4628/4628
v -0.2108000 -0.3000000 0.6400000
v 0.2108000 -0.3000000 0.6400000
v 0.2108000 -0.3000000 0.5000000
v -0.2108000 -0.3000000 0.5000000
vt 0.7700000 0.7700000
vt 0.9800000 0.7700000
vt 0.9800000 0.9800000
vt 0.7700000 0.9800000
vn -0.0000000 1.0000000 0.0000000
vn -0.0000000 1.0000000 0.0000000
vn -0.0000000 1.0000000 0.0000000
vn -0.0000000 1.0000000 0.0000000
f 4629/4629/4629 4630/4630/4630 4631/4631/4631
f 4629/4629/4629 4631/4631/4631 4632/4632/4632
v 0.2728000 -0.4000000 0.6400000
v 0.4400000 -0.2240000 0.6400000
v 0.3400000 -0.1680000 0.6400000
v 0.2108000 -0.3000000 0.6400000
vt 0.5768063 0.9800000
vt 0.7300000 0.8206897
vt 0.6383770 0.7700000
vt 0.5200000 0.8894828
vn 0.0000000 0.0000000 1.0000000
vn 0.0000000 0.0000000 1.0000000
vn 0.0000000 0.0000000 1.0000000
vn 0.0000000 0.0000000 1.0000000
f 4633/4633/4633 4634/4634/4634 4635/4635/4635
f 4633/4633/4633 4635/4635/4635 4636/4636/4636
v 0.4400000 -0.2240000 0.5000000
v 0.2728000 -0.4000000 0.5000000
v 0.2108000 -0.3000000 0.5000000
v 0.3400000 -0.1680000 0.5000000
vt 0.7300000 0.8206897
vt 0.5768063 0.9800000
vt 0.5200000 0.8894828
vt 0.6383770 0.7700000
vn 0.0000000 0.0000000 -1.0000000
vn 0.0000000 0.0000000 -1.0000000
vn 0.0000000 0.0000000 -1.0000000
vn 0.0000000 0.0000000 -1.0000000
f 4637/4637/4637 4638/4638/4638 4639/4639/4639
f 4637/4637/4637 4639/4639/4639 4640/4640/4640
v 0.2728000 -0.4000000 0.5000000
v 0.4400000 -0.2240000 0.5000000
v 0.4400000 -0.2240000 0.6400000
v 0.2728000 -0.4000000 0.6400000
vt 0.0200000 0.7300000
vt 0.0200000 0.5200000
vt 0.2300000 0.5200000
vt 0.2300000 0.7300000
vn 0.7249994 -0.6887495 0.0000000
vn 0.7249994 -0.6887495 0.0000000
vn 0.7249994 -0.6887495 0.0000000
vn 0.7249994 -0.6887495 0.0000000
f 4641/4641/4641 4642/4642/4642 4643/4643/4643
f 4641/4641/4641 4643/4643/4643 4644/4644/4644
v 0.2108000 -0.3000000 0.6400000
v 0.3400000 -0.1680000 0.6400000
v 0.3400000 -0.1680000 0.5000000
v 0.2108000 -0.3000000 0.5000000
vt 0.9800000 0.9800000
vt 0.9800000 0.7700000
vt 0.7700000 0.7700000
vt 0.7700000 0.9800000
vn -0.7146457 0.6994866 0.0000000
vn -0.7146457 0.6994866 0.0000000
vn -0.7146457 0.6994866 0.0000000
vn -0.7146457 0.6994866 0.0000000
f 4645/4645/4645 4646/4646/4646 4647/4647/4647
f 4645/4645/4645 4647/4647/4647 4648/4648/4648
v 0.4400000 -0.2240000 0.6400000
v 0.4400000 0.2160000 0.6400000
v 0.3400000 0.1620000 0.6400000
v 0.3400000 -0.1680000 0.6400000
vt 0.7300000 0.9800000
vt 0.7300000 0.7700000
vt 0.5200000 0.7957727
vt 0.5200000 0.9532727
vn 0.0000000 -0.0000000 1.0000000
vn 0.0000000 -0.0000000 1.0000000
vn 0.0000000 -0.0000000 1.0000000
vn 0.0000000 -0.0000000 1.0000000
f 4649/4649/4649 4650/4650/4650 4651/4651/4651
f 4649/4649/4649 4651/4651/4651 4652/4652/4652
v 0.4400000 0.2160000 0.5000000
v 0.4400000 -0.2240000 0.5000000
v 0.3400000 -0.1680000 0.5000000
v 0.3400000 0.1620000 0.5000000
vt 0.7300000 0.7700000
vt 0.7300000 0.9800000
vt 0.5200000 0.9532727
vt 0.5200000 0.7957727
vn 0.0000000 -0.0000000 -1.0000000
vn 0.0000000 -0.0000000 -1.0000000
vn 0.0000000 -0.0000000 -1.0000000
vn 0.0000000 -0.0000000 -1.0000000
f 4653/4653/4653 4654/4654/4654 4655/4655/4655
f 4653/4653/4653 4655/4655/4655 4656/4656/4656
v 0.4400000 -0.2240000 0.5000000
v 0.4400000 0.2160000 0.5000000
v 0.4400000 0.2160000 0.6400000
v 0.4400000 -0.2240000 0.6400000
vt 0.0200000 0.7300000
vt 0.2300000 0.7300000
vt 0.2300000 0.5200000
vt 0.0200000 0.5200000
vn 1.0000000 0.0000000 0.0000000
vn 1.0000000 0.0000000 0.0000000
vn 1.0000000 0.0000000 0.0000000
vn 1.0000000 0.0000000 0.0000000
f 4657/4657/4657 4658/4658/4658 4659/4659/4659
f 4657/4657/4657 4659/4659/4659 4660/4660/4660
v 0.3400000 -0.1680000 0.6400000
v 0.3400000 0.1620000 0.6400000
v 0.3400000 0.1620000 0.5000000
v 0.3400000 -0.1680000 0.5000000
vt 0.7700000 0.7700000
vt 0.9800000 0.7700000
vt 0.9800000 0.9800000
vt 0.7700000 0.9800000
vn -1.0000000 0.0000000 0.0000000
vn -1.0000000 0.0000000 0.0000000
vn -1.0000000 0.0000000 0.0000000
vn -1.0000000 0.0000000 0.0000000
f 4661/4661/4661 4662/4662/4662 4663/4663/4663
f 4661/4661/4661 4663/4663/4663 4664/4664/4664
v 0.4400000 0.2160000 0.6400000
v 0.2420000 0.4000000 0.6400000
v 0.1870000 0.3000000 0.6400000
v 0.3400000 0.1620000 0.6400000
vt 0.7300000 0.9323529
vt 0.5656522 0.7700000
vt 0.5200000 0.8582353
vt 0.6469960 0.9800000
vn 0.0000000 0.0000000 1.0000000
vn 0.0000000 0.0000000 1.0000000
vn 0.0000000 0.0000000 1.0000000
vn 0.0000000 0.0000000 1.0000000
f 4665/4665/4665 4666/4666/4666 4667/4667/4667
f 4665/4665/4665 4667/4667/4667 4668/4668/4668
v 0.2420000 0.4000000 0.5000000
v 0.4400000 0.2160000 0.5000000
v 0.3400000 0.1620000 0.5000000
v 0.1870000 0.3000000 0.5000000
vt 0.5656522 0.7700000
vt 0.7300000 0.9323529
vt 0.6469960 0.9800000
vt 0.5200000 0.8582353
vn 0.0000000 0.0000000 -1.0000000
vn 0.0000000 0.0000000 -1.0000000
vn 0.0000000 0.0000000 -1.0000000
vn 0.0000000 0.0000000 -1.0000000
f 4669/4669/4669 4670/4670/4670 4671/4671/4671
f 4669/4669/4669 4671/4671/4671 4672/4672/4672
v 0.4400000 0.2160000 0.5000000
v 0.2420000 0.4000000 0.5000000
v 0.2420000 0.4000000 0.6400000
v 0.4400000 0.2160000 0.6400000
vt 0.0200000 0.5200000
vt 0.0200000 0.7300000
vt 0.2300000 0.7300000
vt 0.2300000 0.5200000
vn 0.6807349 0.7325299 0.0000000
vn 0.6807349 0.7325299 0.0000000
vn 0.6807349 0.7325299 0.0000000
vn 0.6807349 0.7325299 0.0000000
f 4673/4673/4673 4674/4674/4674 4675/4675/4675
f 4673/4673/4673 4675/4675/4675 4676/4676/4676
v 0.3400000 0.1620000 0.6400000
v 0.1870000 0.3000000 0.6400000
v 0.1870000 0.3000000 0.5000000
v 0.3400000 0.1620000 0.5000000
vt 0.9800000 0.7700000
vt 0.9800000 0.9800000
vt 0.7700000 0.9800000
vt 0.7700000 0.7700000
vn -0.6697688 -0.7425697 0.0000000
vn -0.6697688 -0.7425697 0.0000000
vn -0.6697688 -0.7425697 0.0000000
vn -0.6697688 -0.7425697 0.0000000
f 4677/4677/4677 4678/4678/4678 4679/4679/4679
f 4677/4677/4677 4679/4679/4679 4680/4680/4680
v 0.2420000 0.4000000 0.6400000
v -0.2420000 0.4000000 0.6400000
v -0.1870000 0.3000000 0.6400000
v 0.1870000 0.3000000 0.6400000
vt 0.7300000 0.7700000
vt 0.5200000 0.7700000
vt 0.5438636 0.9800000
vt 0.7061364 0.9800000
vn 0.0000000 0.0000000 1.0000000
vn 0.0000000 0.0000000 1.0000000
vn 0.0000000 0.0000000 1.0000000
vn 0.0000000 0.0000000 1.0000000
f 4681/4681/4681 4682/4682/4682 4683/4683/4683
f 4681/4681/4681 4683/4683/4683 4684/4684/4684
v -0.2420000 0.4000000 0.5000000
v 0.2420000 0.4000000 0.5000000
v 0.1870000 0.3000000 0.5000000
v -0.1870000 0.3000000 0.5000000
vt 0.5200000 0.7700000
vt 0.7300000 0.7700000
vt 0.7061364 0.9800000
vt 0.5438636 0.9800000
vn 0.0000000 0.0000000 -1.0000000
vn 0.0000000 0.0000000 -1.0000000
vn 0.0000000 0.0000000 -1.0000000
vn 0.0000000 0.0000000 -1.0000000
f 4685/4685/4685 4686/4686/4686 4687/4687/4687
f 4685/4685/4685 4687/4687/4687 4688/4688/4688
v 0.2420000 0.4000000 0.5000000
v -0.2420000 0.4000000 0.5000000
v -0.2420000 0.4000000 0.6400000
v 0.2420000 0.4000000 0.6400000
vt 0.2300000 0.7300000
vt 0.0200000 0.7300000
vt 0.0200000 0.5200000
vt 0.2300000 0.5200000
vn 0.0000000 1.0000000 0.0000000
vn 0.0000000 1.0000000 0.0000000
vn 0.0000000 1.0000000 0.0000000
vn 0.0000000 1.0000000 0.0000000
f 4689/4689/4689 4690/4690/4690 4691/4691/4691
f 4689/4689/4689 4691/4691/4691 4692/4692/4692
v 0.1870000 0.3000000 0.6400000
v -0.1870000 0.3000000 0.6400000
v -0.1870000 0.3000000 0.5000000
v 0.1870000 0.3000000 0.5000000
vt 0.9800000 0.7700000
vt 0.7700000 0.7700000
vt 0.7700000 0.9800000
vt 0.9800000 0.9800000
vn -0.0000000 -1.0000000 0.0000000
vn -0.0000000 -1.0000000 0.0000000
vn -0.0000000 -1.0000000 0.0000000
vn -0.0000000 -1.0000000 0.0000000
f 4693/4693/4693 4694/4694/4694 4695/4695/4695
f 4693/4693/4693 4695/4695/4695 4696/4696/4696
v -0.2420000 0.4000000 0.6400000
v -0.4400000 0.2160000 0.6400000
v -0.3400000 0.1620000 0.6400000
v -0.1870000 0.3000000 0.6400000
vt 0.6843478 0.7700000
vt 0.5200000 0.9323529
vt 0.6030040 0.9800000
vt 0.7300000 0.8582353
vn 0.0000000 0.0000000 1.0000000
vn 0.0000000 0.0000000 1.0000000
vn 0.0000000 0.0000000 1.0000000
vn 0.0000000 0.0000000 1.0000000
f 4697/4697/4697 4698/4698/4698 4699/4699/4699
f 4697/4697/4697 4699/4699/4699 4700/4700/4700
v -0.4400000 0.2160000 0.5000000
v -0.2420000 0.4000000 0.5000000
v -0.1870000 0.3000000 0.5000000
v -0.3400000 0.1620000 0.5000000
vt 0.5200000 0.9323529
vt 0.6843478 0.7700000
vt 0.7300000 0.8582353
vt 0.6030040 0.9800000
vn 0.0000000 0.0000000 -1.0000000
vn 0.0000000 0.0000000 -1.0000000
vn 0.0000000 0.0000000 -1.0000000
vn 0.0000000 0.0000000 -1.0000000
f 4701/4701/4701 4702/4702/4702 4703/4703/4703
f 4701/4701/4701 4703/4703/4703 4704/4704/4704
v -0.2420000 0.4000000 0.5000000
v -0.4400000 0.2160000 0.5000000
v -0.4400000 0.2160000 0.6400000
v -0.2420000 0.4000000 0.6400000
vt 0.0200000 0.5200000
vt 0.0200000 0.7300000
vt 0.2300000 0.7300000
vt 0.2300000 0.5200000
vn -0.6807349 0.7325299 0.0000000
vn -0.6807349 0.7325299 0.0000000
vn -0.6807349 0.7325299 0.0000000
vn -0.6807349 0.7325299 0.0000000
f 4705/4705/4705 4706/4706/4706 4707/4707/4707
f 4705/4705/4705 4707/4707/4707 4708/4708/4708
v -0.1870000 0.3000000 0.6400000
v -0.3400000 0.1620000 0.6400000
v -0.3400000 0.1620000 0.5000000
v -0.1870000 0.3000000 0.5000000
vt 0.9800000 0.7700000
vt 0.9800000 0.9800000
vt 0.7700000 0.9800000
vt 0.7700000 0.7700000
vn 0.6697688 -0.7425697 0.0000000
vn 0.6697688 -0.7425697 0.0000000
vn 0.6697688 -0.7425697 0.0000000
vn 0.6697688 -0.7425697 0.0000000
f 4709/4709/4709 4710/4710/4710 4711/4711/4711
f 4709/4709/4709 4711/4711/4711 4712/4712/4712
v -0.4400000 0.2160000 0.6400000
v -0.4400000 -0.2240000 0.6400000
v -0.3400000 -0.1680000 0.6400000
v -0.3400000 0.1620000 0.6400000
vt 0.5200000 0.7700000
vt 0.5200000 0.9800000
vt 0.7300000 0.9532727
vt 0.7300000 0.7957727
vn 0.0000000 0.0000000 1.0000000
vn 0.0000000 0.0000000 1.0000000
vn 0.0000000 0.0000000 1.0000000
vn 0.0000000 0.0000000 1.0000000
f 4713/4713/4713 4714/4714/4714 4715/4715/4715
f 4713/4713/4713 4715/4715/4715 4716/4716/4716
v -0.4400000 -0.2240000 0.5000000
v -0.4400000 0.2160000 0.5000000
v -0.3400000 0.1620000 0.5000000
v -0.3400000 -0.1680000 0.5000000
vt 0.5200000 0.9800000
vt 0.5200000 0.7700000
vt 0.7300000 0.7957727
vt 0.7300000 0.9532727
vn 0.0000000 0.0000000 -1.0000000
vn 0.0000000 0.0000000 -1.0000000
vn 0.0000000 0.0000000 -1.0000000
vn 0.0000000 0.0000000 -1.0000000
f 4717/4717/4717 4718/4718/4718 4719/4719/4719
f 4717/4717/4717 4719/4719/4719 4720/4720/4720
v -0.4400000 0.2160000 0.5000000
v -0.4400000 -0.2240000 0.5000000
v -0.4400000 -0.2240000 0.6400000
v -0.4400000 0.2160000 0.6400000
vt 0.2300000 0.7300000
vt 0.0200000 0.7300000
vt 0.0200000 0.5200000
vt 0.2300000 0.5200000
vn -1.0000000 0.0000000 0.0000000
vn -1.0000000 0.0000000 0.0000000
vn -1.0000000 0.0000000 0.0000000
vn -1.0000000 0.0000000 0.0000000
f 4721/4721/4721 4722/4722/4722 4723/4723/4723
f 4721/4721/4721 4723/4723/4723 4724/4724/4724
v -0.3400000 0.1620000 0.6400000
v -0.3400000 -0.1680000 0.6400000
v -0.3400000 -0.1680000 0.5000000
v -0.3400000 0.1620000 0.5000000
vt 0.9800000 0.7700000
vt 0.7700000 0.7700000
vt 0.7700000 0.9800000
vt 0.9800000 0.9800000
vn 1.0000000 0.0000000 0.0000000
vn 1.0000000 0.0000000 0.0000000
vn 1.0000000 0.0000000 0.0000000
vn 1.0000000 0.0000000 0.0000000
f 4725/4725/4725 4726/4726/4726 4727/4727/4727
f 4725/4725/4725 4727/4727/4727 4728/4728/4728
v -0.4400000 -0.2240000 0.6400000
v -0.2728000 -0.4000000 0.6400000
v -0.2108000 -0.3000000 0.6400000
v -0.3400000 -0.1680000 0.6400000
vt 0.5200000 0.8206897
vt 0.6731937 0.9800000
vt 0.7300000 0.8894828
vt 0.6116230 0.7700000
vn 0.0000000 0.0000000 1.0000000
vn 0.0000000 0.0000000 1.0000000
vn 0.0000000 0.0000000 1.0000000
vn 0.0000000 0.0000000 1.0000000
f 4729/4729/4729 4730/4730/4730 4731/4731/4731
f 4729/4729/4729 4731/4731/4731 4732/4732/4732
v -0.2728000 -0.4000000 0.5000000
v -0.4400000 -0.2240000 0.5000000
v -0.3400000 -0.1680000 0.5000000
v -0.2108000 -0.3000000 0.5000000
vt 0.6731937 0.9800000
vt 0.5200000 0.8206897
vt 0.6116230 0.7700000
vt 0.7300000 0.8894828
vn 0.0000000 0.0000000 -1.0000000
vn 0.0000000 0.0000000 -1.0000000
vn 0.0000000 0.0000000 -1.0000000
vn 0.0000000 0.0000000 -1.0000000
f 4733/4733/4733 4734/4734/4734 4735/4735/4735
f 4733/4733/4733 4735/4735/4735 4736/4736/4736
v -0.4400000 -0.2240000 0.5000000
v -0.2728000 -0.4000000 0.5000000
v -0.2728000 -0.4000000 0.6400000
v -0.4400000 -0.2240000 0.6400000
vt 0.0200000 0.5200000
vt 0.0200000 0.7300000
vt 0.2300000 0.7300000
vt 0.2300000 0.5200000
vn -0.7249994 -0.6887495 0.0000000
vn -0.7249994 -0.6887495 0.0000000
vn -0.7249994 -0.6887495 0.0000000
vn -0.7249994 -0.6887495 0.0000000
f 4737/4737/4737 4738/4738/4738 4739/4739/4739
f 4737/4737/4737 4739/4739/4739 4740/4740/4740
v -0.3400000 -0.1680000 0.6400000
v -0.2108000 -0.3000000 0.6400000
v -0.2108000 -0.3000000 0.5000000
v -0.3400000 -0.1680000 0.5000000
vt 0.9800000 0.7700000
vt 0.9800000 0.9800000
vt 0.7700000 0.9800000
vt 0.7700000 0.7700000
vn 0.7146457 0.6994866 0.0000000
vn 0.7146457 0.6994866 0.0000000
vn 0.7146457 0.6994866 0.0000000
vn 0.7146457 0.6994866 0.0000000
f 4741/4741/4741 4742/4742/4742 4743/4743/4743
f 4741/4741/4741 4743/4743/4743 4744/4744/4744
v 0.2950000 0.0000000 0.5350000
v 0.2913681 0.0461482 0.5350000
v 0.3111218 0.0492769 0.6500000
v 0.3150000 0.0000000 0.6500000
vt 0.5200000 0.4800000
vt 0.7166667 0.4800000
vt 0.7300000 0.2700000
vt 0.5200000 0.2700000
vn 0.9822634 0.0773058 -0.1708284
vn 0.9822634 0.0773058 -0.1708284
vn 0.9822634 0.0773058 -0.1708284
vn 0.9822634 0.0773058 -0.1708284
f 4745/4745/4745 4746/4746/4746 4747/4747/4747
f 4745/4745/4745 4747/4747/4747 4748/4748/4748
v 0.2913681 0.0461482 0.5350000
v 0.2805617 0.0911600 0.5350000
v 0.2995828 0.0973404 0.6500000
v 0.3111218 0.0492769 0.6500000
vt 0.5200000 0.4800000
vt 0.5200000 0.2953529
vt 0.7300000 0.2700000
vt 0.7300000 0.4671655
vn 0.9580769 0.2300139 -0.1708284
vn 0.9580769 0.2300139 -0.1708284
vn 0.9580769 0.2300139 -0.1708284
vn 0.9580769 0.2300139 -0.1708284
f 4749/4749/4749 4750/4750/4750 4751/4751/4751
f 4749/4749/4749 4751/4751/4751 4752/4752/4752
v 0.2805617 0.0911600 0.5350000
v 0.2628469 0.1339272 0.5350000
v 0.2806671 0.1430070 0.6500000
v 0.2995828 0.0973404 0.6500000
vt 0.5200000 0.4800000
vt 0.5200000 0.3067767
vt 0.7300000 0.2700000
vt 0.7300000 0.4549673
vn 0.9102992 0.3770583 -0.1708284
vn 0.9102992 0.3770583 -0.1708284
vn 0.9102992 0.3770583 -0.1708284
vn 0.9102992 0.3770583 -0.1708284
f 4753/4753/4753 4754/4754/4754 4755/4755/4755
f 4753/4753/4753 4755/4755/4755 4756/4756/4756
v 0.2628469 0.1339272 0.5350000
v 0.2386600 0.1733966 0.5350000
v 0.2548404 0.1851524 0.6500000
v 0.2806671 0.1430070 0.6500000
vt 0.5200000 0.4800000
vt 0.5200000 0.3181931
vt 0.7300000 0.2700000
vt 0.7300000 0.4427769
vn 0.8401070 0.5148182 -0.1708284
vn 0.8401070 0.5148182 -0.1708284
vn 0.8401070 0.5148182 -0.1708284
vn 0.8401070 0.5148182 -0.1708284
f 4757/4757/4757 4758/4758/4758 4759/4759/4759
f 4757/4757/4757 4759/4759/4759 4760/4760/4760
v 0.2386600 0.1733966 0.5350000
v 0.2085965 0.2085965 0.5350000
v 0.2227386 0.2227386 0.6500000
v 0.2548404 0.1851524 0.6500000
vt 0.5200000 0.4800000
vt 0.5200000 0.3301891
vt 0.7300000 0.2700000
vt 0.7300000 0.4299676
vn 0.7492286 0.6399017 -0.1708284
vn 0.7492286 0.6399017 -0.1708284
vn 0.7492286 0.6399017 -0.1708284
vn 0.7492286 0.6399017 -0.1708284
f 4761/4761/4761 4762/4762/4762 4763/4763/4763
f 4761/4761/4761 4763/4763/4763 4764/4764/4764
v 0.2085965 0.2085965 0.5350000
v 0.1733966 0.2386600 0.5350000
v 0.1851524 0.2548404 0.6500000
v 0.2227386 0.2227386 0.6500000
vt 0.5200000 0.3301891
vt 0.5200000 0.4800000
vt 0.7300000 0.4299676
vt 0.7300000 0.2700000
vn 0.6399017 0.7492286 -0.1708284
vn 0.6399017 0.7492286 -0.1708284
vn 0.6399017 0.7492286 -0.1708284
vn 0.6399017 0.7492286 -0.1708284
f 4765/4765/4765 4766/4766/4766 4767/4767/4767
f 4765/4765/4765 4767/4767/4767 4768/4768/4768
v 0.1733966 0.2386600 0.5350000
v 0.1339272 0.2628469 0.5350000
v 0.1430070 0.2806671 0.6500000
v 0.1851524 0.2548404 0.6500000
vt 0.5200000 0.3181931
vt 0.5200000 0.4800000
vt 0.7300000 0.4427769
vt 0.7300000 0.2700000
vn 0.5148182 0.8401070 -0.1708284
vn 0.5148182 0.8401070 -0.1708284
vn 0.5148182 0.8401070 -0.1708284
vn 0.5148182 0.8401070 -0.1708284
f 4769/4769/4769 4770/4770/4770 4771/4771/4771
f 4769/4769/4769 4771/4771/4771 4772/4772/4772
v 0.1339272 0.2628469 0.5350000
v 0.0911600 0.2805617 0.5350000
v 0.0973404 0.2995828 0.6500000
v 0.1430070 0.2806671 0.6500000
vt 0.5200000 0.3067767
vt 0.5200000 0.4800000
vt 0.7300000 0.4549673
vt 0.7300000 0.2700000
vn 0.3770583 0.9102992 -0.1708284
vn 0.3770583 0.9102992 -0.1708284
vn 0.3770583 0.9102992 -0.1708284
vn 0.3770583 0.9102992 -0.1708284
f 4773/4773/4773 4774/4774/4774 4775/4775/4775
f 4773/4773/4773 4775/4775/4775 4776/4776/4776
v 0.0911600 0.2805617 0.5350000
v 0.0461482 0.2913681 0.5350000
v 0.0492769 0.3111218 0.6500000
v 0.0973404 0.2995828 0.6500000
vt 0.5200000 0.2953529
vt 0.5200000 0.4800000
vt 0.7300000 0.4671655
vt 0.7300000 0.2700000
vn 0.2300139 0.9580769 -0.1708284
vn 0.2300139 0.9580769 -0.1708284
vn 0.2300139 0.9580769 -0.1708284
vn 0.2300139 0.9580769 -0.1708284
f 4777/4777/4777 4778/4778/4778 4779/4779/4779
f 4777/4777/4777 4779/4779/4779 4780/4780/4780
v 0.0461482 0.2913681 0.5350000
v 0.0000000 0.2950000 0.5350000
v 0.0000000 0.3150000 0.6500000
v 0.0492769 0.3111218 0.6500000
vt 0.7166667 0.4800000
vt 0.5200000 0.4800000
vt 0.5200000 0.2700000
vt 0.7300000 0.2700000
vn 0.0773058 0.9822634 -0.1708284
vn 0.0773058 0.9822634 -0.1708284
vn 0.0773058 0.9822634 -0.1708284
vn 0.0773058 0.9822634 -0.1708284
f 4781/4781/4781 4782/4782/4782 4783/4783/4783
f 4781/4781/4781 4783/4783/4783 4784/4784/4784
v 0.0000000 0.2950000 0.5350000
v -0.0461482 0.2913681 0.5350000
v -0.0492769 0.3111218 0.6500000
v 0.0000000 0.3150000 0.6500000
vt 0.7300000 0.4800000
vt 0.5333333 0.4800000
vt 0.5200000 0.2700000
vt 0.7300000 0.2700000
vn -0.0773058 0.9822634 -0.1708284
vn -0.0773058 0.9822634 -0.1708284
vn -0.0773058 0.9822634 -0.1708284
vn -0.0773058 0.9822634 -0.1708284
f 4785/4785/4785 4786/4786/4786 4787/4787/4787
f 4785/4785/4785 4787/4787/4787 4788/4788/4788
v -0.0461482 0.2913681 0.5350000
v -0.0911600 0.2805617 0.5350000
v -0.0973404 0.2995828 0.6500000
v -0.0492769 0.3111218 0.6500000
vt 0.5200000 0.2700000
vt 0.5200000 0.4546471
vt 0.7300000 0.4800000
vt 0.7300000 0.2828345
vn -0.2300139 0.9580769 -0.1708284
vn -0.2300139 0.9580769 -0.1708284
vn -0.2300139 0.9580769 -0.1708284
vn -0.2300139 0.9580769 -0.1708284
f 4789/4789/4789 4790/4790/4790 4791/4791/4791
f 4789/4789/4789 4791/4791/4791 4792/4792/4792
v -0.0911600 0.2805617 0.5350000
v -0.1339272 0.2628469 0.5350000
v -0.1430070 0.2806671 0.6500000
v -0.0973404 0.2995828 0.6500000
vt 0.5200000 0.2700000
vt 0.5200000 0.4432233
vt 0.7300000 0.4800000
vt 0.7300000 0.2950327
vn -0.3770583 0.9102992 -0.1708284
vn -0.3770583 0.9102992 -0.1708284
vn -0.3770583 0.9102992 -0.1708284
vn -0.3770583 0.9102992 -0.1708284
f 4793/4793/4793 4794/4794/4794 4795/4795/4795
f 4793/4793/4793 4795/4795/4795 4796/4796/4796
v -0.1339272 0.2628469 0.5350000
v -0.1733966 0.2386600 0.5350000
v -0.1851524 0.2548404 0.6500000
v -0.1430070 0.2806671 0.6500000
vt 0.5200000 0.2700000
vt 0.5200000 0.4318069
vt 0.7300000 0.4800000
vt 0.7300000 0.3072231
vn -0.5148182 0.8401070 -0.1708284
vn -0.5148182 0.8401070 -0.1708284
vn -0.5148182 0.8401070 -0.1708284
vn -0.5148182 0.8401070 -0.1708284
f 4797/4797/4797 4798/4798/4798 4799/4799/4799
f 4797/4797/4797 4799/4799/4799 4800/4800/4800
v -0.1733966 0.2386600 0.5350000
v -0.2085965 0.2085965 0.5350000
v -0.2227386 0.2227386 0.6500000
v -0.1851524 0.2548404 0.6500000
vt 0.5200000 0.2700000
vt 0.5200000 0.4198109
vt 0.7300000 0.4800000
vt 0.7300000 0.3200324
vn -0.6399017 0.7492286 -0.1708284
vn -0.6399017 0.7492286 -0.1708284
vn -0.6399017 0.7492286 -0.1708284
vn -0.6399017 0.7492286 -0.1708284
f 4801/4801/4801 4802/4802/4802 4803/4803/4803
f 4801/4801/4801 4803/4803/4803 4804/4804/4804
v -0.2085965 0.2085965 0.5350000
v -0.2386600 0.1733966 0.5350000
v -0.2548404 0.1851524 0.6500000
v -0.2227386 0.2227386 0.6500000
vt 0.5200000 0.3301891
vt 0.5200000 0.4800000
vt 0.7300000 0.4299676
vt 0.7300000 0.2700000
vn -0.7492286 0.6399017 -0.1708284
vn -0.7492286 0.6399017 -0.1708284
vn -0.7492286 0.6399017 -0.1708284
vn -0.7492286 0.6399017 -0.1708284
f 4805/4805/4805 4806/4806/4806 4807/4807/4807
f 4805/4805/4805 4807/4807/4807 4808/4808/4808
v -0.2386600 0.1733966 0.5350000
v -0.2628469 0.1339272 0.5350000
v -0.2806671 0.1430070 0.6500000
v -0.2548404 0.1851524 0.6500000
vt 0.5200000 0.3181931
vt 0.5200000 0.4800000
vt 0.7300000 0.4427769
vt 0.7300000 0.2700000
vn -0.8401070 0.5148182 -0.1708284
vn -0.8401070 0.5148182 -0.1708284
vn -0.8401070 0.5148182 -0.1708284
vn -0.8401070 0.5148182 -0.1708284
f 4809/4809/4809 4810/4810/4810 4811/4811/4811
f 4809/4809/4809 4811/4811/4811 4812/4812/4812
v -0.2628469 0.1339272 0.5350000
v -0.2805617 0.0911600 0.5350000
v -0.2995828 0.0973404 0.6500000
v -0.2806671 0.1430070 0.6500000
vt 0.5200000 0.3067767
vt 0.5200000 0.4800000
vt 0.7300000 0.4549673
vt 0.7300000 0.2700000
vn -0.9102992 0.3770583 -0.1708284
vn -0.9102992 0.3770583 -0.1708284
vn -0.9102992 0.3770583 -0.1708284
vn -0.9102992 0.3770583 -0.1708284
f 4813/4813/4813 4814/4814/4814 4815/4815/4815
f 4813/4813/4813 4815/4815/4815 4816/4816/4816
v -0.2805617 0.0911600 0.5350000
v -0.2913681 0.0461482 0.5350000
v -0.3111218 0.0492769 0.6500000
v -0.2995828 0.0973404 0.6500000
vt 0.5200000 0.2953529
vt 0.5200000 0.4800000
vt 0.7300000 0.4671655
vt 0.7300000 0.2700000
vn -0.9580769 0.2300139 -0.1708284
vn -0.9580769 0.2300139 -0.1708284
vn -0.9580769 0.2300139 -0.1708284
vn -0.9580769 0.2300139 -0.1708284
f 4817/4817/4817 4818/4818/4818 4819/4819/4819
f 4817/4817/4817 4819/4819/4819 4820/4820/4820
v -0.2913681 0.0461482 0.5350000
v -0.2950000 0.0000000 0.5350000
v -0.3150000 0.0000000 0.6500000
v -0.3111218 0.0492769 0.6500000
vt 0.7166667 0.4800000
vt 0.5200000 0.4800000
vt 0.5200000 0.2700000
vt 0.7300000 0.2700000
vn -0.9822634 0.0773058 -0.1708284
vn -0.9822634 0.0773058 -0.1708284
vn -0.9822634 0.0773058 -0.1708284
vn -0.9822634 0.0773058 -0.1708284
f 4821/4821/4821 4822/4822/4822 4823/4823/4823
f 4821/4821/4821 4823/4823/4823 4824/4824/4824
v -0.2950000 0.0000000 0.5350000
v -0.2913681 -0.0461482 0.5350000
v -0.3111218 -0.0492769 0.6500000
v -0.3150000 0.0000000 0.6500000
vt 0.7300000 0.4800000
vt 0.5333333 0.4800000
vt 0.5200000 0.2700000
vt 0.7300000 0.2700000
vn -0.9822634 -0.0773058 -0.1708284
vn -0.9822634 -0.0773058 -0.1708284
vn -0.9822634 -0.0773058 -0.1708284
vn -0.9822634 -0.0773058 -0.1708284
f 4825/4825/4825 4826/4826/4826 4827/4827/4827
f 4825/4825/4825 4827/4827/4827 4828/4828/4828
v -0.2913681 -0.0461482 0.5350000
v -0.2805617 -0.0911600 0.5350000
v -0.2995828 -0.0973404 0.6500000
v -0.3111218 -0.0492769 0.6500000
vt 0.5200000 0.2700000
vt 0.5200000 0.4546471
vt 0.7300000 0.4800000
vt 0.7300000 0.2828345
vn -0.9580769 -0.2300139 -0.1708284
vn -0.9580769 -0.2300139 -0.1708284
vn -0.9580769 -0.2300139 -0.1708284
vn -0.9580769 -0.2300139 -0.1708284
f 4829/4829/4829 4830/4830/4830 4831/4831/4831
f 4829/4829/4829 4831/4831/4831 4832/4832/4832
v -0.2805617 -0.0911600 0.5350000
v -0.2628469 -0.1339272 0.5350000
v -0.2806671 -0.1430070 0.6500000
v -0.2995828 -0.0973404 0.6500000
vt 0.5200000 0.2700000
vt 0.5200000 0.4432233
vt 0.7300000 0.4800000
vt 0.7300000 0.2950327
vn -0.9102992 -0.3770583 -0.1708284
vn -0.9102992 -0.3770583 -0.1708284
vn -0.9102992 -0.3770583 -0.1708284
vn -0.9102992 -0.3770583 -0.1708284
f 4833/4833/4833 4834/4834/4834 4835/4835/4835
f 4833/4833/4833 4835/4835/4835 4836/4836/4836
v -0.2628469 -0.1339272 0.5350000
v -0.2386600 -0.1733966 0.5350000
v -0.2548404 -0.1851524 0.6500000
v -0.2806671 -0.1430070 0.6500000
vt 0.5200000 0.2700000
vt 0.5200000 0.4318069
vt 0.7300000 0.4800000
vt 0.7300000 0.3072231
vn -0.8401070 -0.5148182 -0.1708284
vn -0.8401070 -0.5148182 -0.1708284
vn -0.8401070 -0.5148182 -0.1708284
vn -0.8401070 -0.5148182 -0.1708284
f 4837/4837/4837 4838/4838/4838 4839/4839/4839
f 4837/4837/4837 4839/4839/4839 4840/4840/4840
v -0.2386600 -0.1733966 0.5350000
v -0.2085965 -0.2085965 0.5350000
v -0.2227386 -0.2227386 0.6500000
v -0.2548404 -0.1851524 0.6500000
vt 0.5200000 0.2700000
vt 0.5200000 0.4198109
vt 0.7300000 0.4800000
vt 0.7300000 0.3200324
vn -0.7492286 -0.6399017 -0.1708284
vn -0.7492286 -0.6399017 -0.1708284
vn -0.7492286 -0.6399017 -0.1708284
vn -0.7492286 -0.6399017 -0.1708284
f 4841/4841/4841 4842/4842/4842 4843/4843/4843
f 4841/4841/4841 4843/4843/4843 4844/4844/4844
v -0.2085965 -0.2085965 0.5350000
v -0.1733966 -0.2386600 0.5350000
v -0.1851524 -0.2548404 0.6500000
v -0.2227386 -0.2227386 0.6500000
vt 0.5200000 0.4198109
vt 0.5200000 0.2700000
vt 0.7300000 0.3200324
vt 0.7300000 0.4800000
vn -0.6399017 -0.7492286 -0.1708284
vn -0.6399017 -0.7492286 -0.1708284
vn -0.6399017 -0.7492286 -0.1708284
vn -0.6399017 -0.7492286 -0.1708284
f 4845/4845/4845 4846/4846/4846 4847/4847/4847
f 4845/4845/4845 4847/4847/4847 4848/4848/4848
v -0.1733966 -0.2386600 0.5350000
v -0.1339272 -0.2628469 0.5350000
v -0.1430070 -0.2806671 0.6500000
v -0.1851524 -0.2548404 0.6500000
vt 0.5200000 0.4318069
vt 0.5200000 0.2700000
vt 0.7300000 0.3072231
vt 0.7300000 0.4800000
vn -0.5148182 -0.8401070 -0.1708284
vn -0.5148182 -0.8401070 -0.1708284
vn -0.5148182 -0.8401070 -0.1708284
vn -0.5148182 -0.8401070 -0.1708284
f 4849/4849/4849 4850/4850/4850 4851/4851/4851
f 4849/4849/4849 4851/4851/4851 4852/4852/4852
v -0.1339272 -0.2628469 0.5350000
v -0.0911600 -0.2805617 0.5350000
v -0.0973404 -0.2995828 0.6500000
v -0.1430070 -0.2806671 0.6500000
vt 0.5200000 0.4432233
vt 0.5200000 0.2700000
vt 0.7300000 0.2950327
vt 0.7300000 0.4800000
vn -0.3770583 -0.9102992 -0.1708284
vn -0.3770583 -0.9102992 -0.1708284
vn -0.3770583 -0.9102992 -0.1708284
vn -0.3770583 -0.9102992 -0.1708284
f 4853/4853/4853 4854/4854/4854 4855/4855/4855
f 4853/4853/4853 4855/4855/4855 4856/4856/4856
v -0.0911600 -0.2805617 0.5350000
v -0.0461482 -0.2913681 0.5350000
v -0.0492769 -0.3111218 0.6500000
v -0.0973404 -0.2995828 0.6500000
vt 0.5200000 0.4546471
vt 0.5200000 0.2700000
vt 0.7300000 0.2828345
vt 0.7300000 0.4800000
vn -0.2300139 -0.9580769 -0.1708284
vn -0.2300139 -0.9580769 -0.1708284
vn -0.2300139 -0.9580769 -0.1708284
vn -0.2300139 -0.9580769 -0.1708284
f 4857/4857/4857 4858/4858/4858 4859/4859/4859
f 4857/4857/4857 4859/4859/4859 4860/4860/4860
v -0.0461482 -0.2913681 0.5350000
v -0.0000000 -0.2950000 0.5350000
v -0.0000000 -0.3150000 0.6500000
v -0.0492769 -0.3111218 0.6500000
vt 0.5333333 0.4800000
vt 0.7300000 0.4800000
vt 0.7300000 0.2700000
vt 0.5200000 0.2700000
vn -0.0773058 -0.9822634 -0.1708284
vn -0.0773058 -0.9822634 -0.1708284
vn -0.0773058 -0.9822634 -0.1708284
vn -0.0773058 -0.9822634 -0.1708284
f 4861/4861/4861 4862/4862/4862 4863/4863/4863
f 4861/4861/4861 4863/4863/4863 4864/4864/4864
v -0.0000000 -0.2950000 0.5350000
v 0.0461482 -0.2913681 0.5350000
v 0.0492769 -0.3111218 0.6500000
v -0.0000000 -0.3150000 0.6500000
vt 0.5200000 0.4800000
vt 0.7166667 0.4800000
vt 0.7300000 0.2700000
vt 0.5200000 0.2700000
vn 0.0773058 -0.9822634 -0.1708284
vn 0.0773058 -0.9822634 -0.1708284
vn 0.0773058 -0.9822634 -0.1708284
vn 0.0773058 -0.9822634 -0.1708284
f 4865/4865/4865 4866/4866/4866 4867/4867/4867
f 4865/4865/4865 4867/4867/4867 4868/4868/4868
v 0.0461482 -0.2913681 0.5350000
v 0.0911600 -0.2805617 0.5350000
v 0.0973404 -0.2995828 0.6500000
v 0.0492769 -0.3111218 0.6500000
vt 0.5200000 0.4800000
vt 0.5200000 0.2953529
vt 0.7300000 0.2700000
vt 0.7300000 0.4671655
vn 0.2300139 -0.9580769 -0.1708284
vn 0.2300139 -0.9580769 -0.1708284
vn 0.2300139 -0.9580769 -0.1708284
vn 0.2300139 -0.9580769 -0.1708284
f 4869/4869/4869 4870/4870/4870 4871/4871/4871
f 4869/4869/4869 4871/4871/4871 4872/4872/4872
v 0.0911600 -0.2805617 0.5350000
v 0.1339272 -0.2628469 0.5350000
v 0.1430070 -0.2806671 0.6500000
v 0.0973404 -0.2995828 0.6500000
vt 0.5200000 0.4800000
vt 0.5200000 0.3067767
vt 0.7300000 0.2700000
vt 0.7300000 0.4549673
vn 0.3770583 -0.9102992 -0.1708284
vn 0.3770583 -0.9102992 -0.1708284
vn 0.3770583 -0.9102992 -0.1708284
vn 0.3770583 -0.9102992 -0.1708284
f 4873/4873/4873 4874/4874/4874 4875/4875/4875
f 4873/4873/4873 4875/4875/4875 4876/4876/4876
v 0.1339272 -0.2628469 0.5350000
v 0.1733966 -0.2386600 0.5350000
v 0.1851524 -0.2548404 0.6500000
v 0.1430070 -0.2806671 0.6500000
vt 0.5200000 0.4800000
vt 0.5200000 0.3181931
vt 0.7300000 0.2700000
vt 0.7300000 0.4427769
vn 0.5148182 -0.8401070 -0.1708284
vn 0.5148182 -0.8401070 -0.1708284
vn 0.5148182 -0.8401070 -0.1708284
vn 0.5148182 -0.8401070 -0.1708284
f 4877/4877/4877 4878/4878/4878 4879/4879/4879
f 4877/4877/4877 4879/4879/4879 4880/4880/4880
v 0.1733966 -0.2386600 0.5350000
v 0.2085965 -0.2085965 0.5350000
v 0.2227386 -0.2227386 0.6500000
v 0.1851524 -0.2548404 0.6500000
vt 0.5200000 0.4800000
vt 0.5200000 0.3301891
vt 0.7300000 0.2700000
vt 0.7300000 0.4299676
vn 0.6399017 -0.7492286 -0.1708284
vn 0.6399017 -0.7492286 -0.1708284
vn 0.6399017 -0.7492286 -0.1708284
vn 0.6399017 -0.7492286 -0.1708284
f 4881/4881/4881 4882/4882/4882 4883/4883/4883
f 4881/4881/4881 4883/4883/4883 4884/4884/4884
v 0.2085965 -0.2085965 0.5350000
v 0.2386600 -0.1733966 0.5350000
v 0.2548404 -0.1851524 0.6500000
v 0.2227386 -0.2227386 0.6500000
vt 0.5200000 0.4198109
vt 0.5200000 0.2700000
vt 0.7300000 0.3200324
vt 0.7300000 0.4800000
vn 0.7492286 -0.6399017 -0.1708284
vn 0.7492286 -0.6399017 -0.1708284
vn 0.7492286 -0.6399017 -0.1708284
vn 0.7492286 -0.6399017 -0.1708284
f 4885/4885/4885 4886/4886/4886 4887/4887/4887
f 4885/4885/4885 4887/4887/4887 4888/4888/4888
v 0.2386600 -0.1733966 0.5350000
v 0.2628469 -0.1339272 0.5350000
v 0.2806671 -0.1430070 0.6500000
v 0.2548404 -0.1851524 0.6500000
vt 0.5200000 0.4318069
vt 0.5200000 0.2700000
vt 0.7300000 0.3072231
vt 0.7300000 0.4800000
vn 0.8401070 -0.5148182 -0.1708284
vn 0.8401070 -0.5148182 -0.1708284
vn 0.8401070 -0.5148182 -0.1708284
vn 0.8401070 -0.5148182 -0.1708284
f 4889/4889/4889 4890/4890/4890 4891/4891/4891
f 4889/4889/4889 4891/4891/4891 4892/4892/4892
v 0.2628469 -0.1339272 0.5350000
v 0.2805617 -0.0911600 0.5350000
v 0.2995828 -0.0973404 0.6500000
v 0.2806671 -0.1430070 0.6500000
vt 0.5200000 0.4432233
vt 0.5200000 0.2700000
vt 0.7300000 0.2950327
vt 0.7300000 0.4800000
vn 0.9102992 -0.3770583 -0.1708284
vn 0.9102992 -0.3770583 -0.1708284
vn 0.9102992 -0.3770583 -0.1708284
vn 0.9102992 -0.3770583 -0.1708284
f 4893/4893/4893 4894/4894/4894 4895/4895/4895
f 4893/4893/4893 4895/4895/4895 4896/4896/4896
v 0.2805617 -0.0911600 0.5350000
v 0.2913681 -0.0461482 0.5350000
v 0.3111218 -0.0492769 0.6500000
v 0.2995828 -0.0973404 0.6500000
vt 0.5200000 0.4546471
vt 0.5200000 0.2700000
vt 0.7300000 0.2828345
vt 0.7300000 0.4800000
vn 0.9580769 -0.2300139 -0.1708284
vn 0.9580769 -0.2300139 -0.1708284
vn 0.9580769 -0.2300139 -0.1708284
vn 0.9580769 -0.2300139 -0.1708284
f 4897/4897/4897 4898/4898/4898 4899/4899/4899
f 4897/4897/4897 4899/4899/4899 4900/4900/4900
v 0.2913681 -0.0461482 0.5350000
v 0.2950000 0.0000000 0.5350000
v 0.3150000 0.0000000 0.6500000
v 0.3111218 -0.0492769 0.6500000
vt 0.5333333 0.4800000
vt 0.7300000 0.4800000
vt 0.7300000 0.2700000
vt 0.5200000 0.2700000
vn 0.9822634 -0.0773058 -0.1708284
vn 0.9822634 -0.0773058 -0.1708284
vn 0.9822634 -0.0773058 -0.1708284
vn 0.9822634 -0.0773058 -0.1708284
f 4901/4901/4901 4902/4902/4902 4903/4903/4903
f 4901/4901/4901 4903/4903/4903 4904/4904/4904
v 0.3150000 0.0000000 0.6500000
v 0.3111218 0.0492769 0.6500000
v 0.3111218 0.0492769 0.7000000
v 0.3150000 0.0000000 0.7000000
vt 0.5200000 0.4800000
vt 0.5200000 0.2700000
vt 0.7300000 0.2700000
vt 0.7300000 0.4800000
vn 0.9969173 0.0784591 0.0000000
vn 0.9969173 0.0784591 0.0000000
vn 0.9969173 0.0784591 0.0000000
vn 0.9969173 0.0784591 0.0000000
f 4905/4905/4905 4906/4906/4906 4907/4907/4907
f 4905/4905/4905 4907/4907/4907 4908/4908/4908
v 0.3111218 0.0492769 0.6500000
v 0.2995828 0.0973404 0.6500000
v 0.2995828 0.0973404 0.7000000
v 0.3111218 0.0492769 0.7000000
vt 0.5200000 0.4800000
vt 0.5200000 0.2700000
vt 0.7300000 0.2700000
vt 0.7300000 0.4800000
vn 0.9723699 0.2334454 0.0000000
vn 0.9723699 0.2334454 0.0000000
vn 0.9723699 0.2334454 0.0000000
vn 0.9723699 0.2334454 0.0000000
f 4909/4909/4909 4910/4910/4910 4911/4911/4911
f 4909/4909/4909 4911/4911/4911 4912/4912/4912
v 0.2995828 0.0973404 0.6500000
v 0.2806671 0.1430070 0.6500000
v 0.2806671 0.1430070 0.7000000
v 0.2995828 0.0973404 0.7000000
vt 0.5200000 0.4800000
vt 0.5200000 0.2700000
vt 0.7300000 0.2700000
vt 0.7300000 0.4800000
vn 0.9238795 0.3826834 0.0000000
vn 0.9238795 0.3826834 0.0000000
vn 0.9238795 0.3826834 0.0000000
vn 0.9238795 0.3826834 0.0000000
f 4913/4913/4913 4914/4914/4914 4915/4915/4915
f 4913/4913/4913 4915/4915/4915 4916/4916/4916
v 0.2806671 0.1430070 0.6500000
v 0.2548404 0.1851524 0.6500000
v 0.2548404 0.1851524 0.7000000
v 0.2806671 0.1430070 0.7000000
vt 0.5200000 0.4800000
vt 0.5200000 0.2700000
vt 0.7300000 0.2700000
vt 0.7300000 0.4800000
vn 0.8526402 0.5224986 0.0000000
vn 0.8526402 0.5224986 0.0000000
vn 0.8526402 0.5224986 0.0000000
vn 0.8526402 0.5224986 0.0000000
f 4917/4917/4917 4918/4918/4918 4919/4919/4919
f 4917/4917/4917 4919/4919/4919 4920/4920/4920
v 0.2548404 0.1851524 0.6500000
v 0.2227386 0.2227386 0.6500000
v 0.2227386 0.2227386 0.7000000
v 0.2548404 0.1851524 0.7000000
vt 0.5200000 0.4800000
vt 0.5200000 0.2700000
vt 0.7300000 0.2700000
vt 0.7300000 0.4800000
vn 0.7604060 0.6494480 0.0000000
vn 0.7604060 0.6494480 0.0000000
vn 0.7604060 0.6494480 0.0000000
vn 0.7604060 0.6494480 0.0000000
f 4921/4921/4921 4922/4922/4922 4923/4923/4923
f 4921/4921/4921 4923/4923/4923 4924/4924/4924
v 0.2227386 0.2227386 0.6500000
v 0.1851524 0.2548404 0.6500000
v 0.1851524 0.2548404 0.7000000
v 0.2227386 0.2227386 0.7000000
vt 0.5200000 0.2700000
vt 0.5200000 0.4800000
vt 0.7300000 0.4800000
vt 0.7300000 0.2700000
vn 0.6494480 0.7604060 0.0000000
vn 0.6494480 0.7604060 0.0000000
vn 0.6494480 0.7604060 0.0000000
vn 0.6494480 0.7604060 0.0000000
f 4925/4925/4925 4926/4926/4926 4927/4927/4927
f 4925/4925/4925 4927/4927/4927 4928/4928/4928
v 0.1851524 0.2548404 0.6500000
v 0.1430070 0.2806671 0.6500000
v 0.1430070 0.2806671 0.7000000
v 0.1851524 0.2548404 0.7000000
vt 0.5200000 0.2700000
vt 0.5200000 0.4800000
vt 0.7300000 0.4800000
vt 0.7300000 0.2700000
vn 0.5224986 0.8526402 0.0000000
vn 0.5224986 0.8526402 0.0000000
vn 0.5224986 0.8526402 0.0000000
vn 0.5224986 0.8526402 0.0000000
f 4929/4929/4929 4930/4930/4930 4931/4931/4931
f 4929/4929/4929 4931/4931/4931 4932/4932/4932
v 0.1430070 0.2806671 0.6500000
v 0.0973404 0.2995828 0.6500000
v 0.0973404 0.2995828 0.7000000
v 0.1430070 0.2806671 0.7000000
vt 0.5200000 0.2700000
vt 0.5200000 0.4800000
vt 0.7300000 0.4800000
vt 0.7300000 0.2700000
vn 0.3826834 0.9238795 0.0000000
vn 0.3826834 0.9238795 0.0000000
vn 0.3826834 0.9238795 0.0000000
vn 0.3826834 0.9238795 0.0000000
f 4933/4933/4933 4934/4934/4934 4935/4935/4935
f 4933/4933/4933 4935/4935/4935 4936/4936/4936
v 0.0973404 0.2995828 0.6500000
v 0.0492769 0.3111218 0.6500000
v 0.0492769 0.3111218 0.7000000
v 0.0973404 0.2995828 0.7000000
vt 0.5200000 0.2700000
vt 0.5200000 0.4800000
vt 0.7300000 0.4800000
vt 0.7300000 0.2700000
vn 0.2334454 0.9723699 0.0000000
vn 0.2334454 0.9723699 0.0000000
vn 0.2334454 0.9723699 0.0000000
vn 0.2334454 0.9723699 0.0000000
f 4937/4937/4937 4938/4938/4938 4939/4939/4939
f 4937/4937/4937 4939/4939/4939 4940/4940/4940
v 0.0492769 0.3111218 0.6500000
v 0.0000000 0.3150000 0.6500000
v 0.0000000 0.3150000 0.7000000
v 0.0492769 0.3111218 0.7000000
vt 0.5200000 0.2700000
vt 0.5200000 0.4800000
vt 0.7300000 0.4800000
vt 0.7300000 0.2700000
vn 0.0784591 0.9969173 0.0000000
vn 0.0784591 0.9969173 0.0000000
vn 0.0784591 0.9969173 0.0000000
vn 0.0784591 0.9969173 0.0000000
f 4941/4941/4941 4942/4942/4942 4943/4943/4943
f 4941/4941/4941 4943/4943/4943 4944/4944/4944
v 0.0000000 0.3150000 0.6500000
v -0.0492769 0.3111218 0.6500000
v -0.0492769 0.3111218 0.7000000
v 0.0000000 0.3150000 0.7000000
vt 0.5200000 0.2700000
vt 0.5200000 0.4800000
vt 0.7300000 0.4800000
vt 0.7300000 0.2700000
vn -0.0784591 0.9969173 0.0000000
vn -0.0784591 0.9969173 0.0000000
vn -0.0784591 0.9969173 0.0000000
vn -0.0784591 0.9969173 0.0000000
f 4945/4945/4945 4946/4946/4946 4947/4947/4947
f 4945/4945/4945 4947/4947/4947 4948/4948/4948
v -0.0492769 0.3111218 0.6500000
v -0.0973404 0.2995828 0.6500000
v -0.0973404 0.2995828 0.7000000
v -0.0492769 0.3111218 0.7000000
vt 0.5200000 0.2700000
vt 0.5200000 0.4800000
vt 0.7300000 0.4800000
vt 0.7300000 0.2700000
vn -0.2334454 0.9723699 0.0000000
vn -0.2334454 0.9723699 0.0000000
vn -0.2334454 0.9723699 0.0000000
vn -0.2334454 0.9723699 0.0000000
f 4949/4949/4949 4950/4950/4950 4951/4951/4951
f 4949/4949/4949 4951/4951/4951 4952/4952/4952
v -0.0973404 0.2995828 0.6500000
v -0.1430070 0.2806671 0.6500000
v -0.1430070 0.2806671 0.7000000
v -0.0973404 0.2995828 0.7000000
vt 0.5200000 0.2700000
vt 0.5200000 0.4800000
vt 0.7300000 0.4800000
vt 0.7300000 0.2700000
vn -0.3826834 0.9238795 0.0000000
vn -0.3826834 0.9238795 0.0000000
vn -0.3826834 0.9238795 0.0000000
vn -0.3826834 0.9238795 0.0000000
f 4953/4953/4953 4954/4954/4954 4955/4955/4955
f 4953/4953/4953 4955/4955/4955 4956/4956/4956
v -0.1430070 0.2806671 0.6500000
v -0.1851524 0.2548404 0.6500000
v -0.1851524 0.2548404 0.7000000
v -0.1430070 0.2806671 0.7000000
vt 0.5200000 0.2700000
vt 0.5200000 0.4800000
vt 0.7300000 0.4800000
vt 0.7300000 0.2700000
vn -0.5224986 0.8526402 0.0000000
vn -0.5224986 0.8526402 0.0000000
vn -0.5224986 0.8526402 0.0000000
vn -0.5224986 0.8526402 0.0000000
f 4957/4957/4957 4958/4958/4958 4959/4959/4959
f 4957/4957/4957 4959/4959/4959 4960/4960/4960
v -0.1851524 0.2548404 0.6500000
v -0.2227386 0.2227386 0.6500000
v -0.2227386 0.2227386 0.7000000
v -0.1851524 0.2548404 0.7000000
vt 0.5200000 0.2700000
vt 0.5200000 0.4800000
vt 0.7300000 0.4800000
vt 0.7300000 0.2700000
vn -0.6494480 0.7604060 0.0000000
vn -0.6494480 0.7604060 0.0000000
vn -0.6494480 0.7604060 0.0000000
vn -0.6494480 0.7604060 0.0000000
f 4961/4961/4961 4962/4962/4962 4963/4963/4963
f 4961/4961/4961 4963/4963/4963 4964/4964/4964
v -0.2227386 0.2227386 0.6500000
v -0.2548404 0.1851524 0.6500000
v -0.2548404 0.1851524 0.7000000
v -0.2227386 0.2227386 0.7000000
vt 0.5200000 0.2700000
vt 0.5200000 0.4800000
vt 0.7300000 0.4800000
vt 0.7300000 0.2700000
vn -0.7604060 0.6494480 0.0000000
vn -0.7604060 0.6494480 0.0000000
vn -0.7604060 0.6494480 0.0000000
vn -0.7604060 0.6494480 0.0000000
f 4965/4965/4965 4966/4966/4966 4967/4967/4967
f 4965/4965/4965 4967/4967/4967 4968/4968/4968
v -0.2548404 0.1851524 0.6500000
v -0.2806671 0.1430070 0.6500000
v -0.2806671 0.1430070 0.7000000
v -0.2548404 0.1851524 0.7000000
vt 0.5200000 0.2700000
vt 0.5200000 0.4800000
vt 0.7300000 0.4800000
vt 0.7300000 0.2700000
vn -0.8526402 0.5224986 0.0000000
vn -0.8526402 0.5224986 0.0000000
vn -0.8526402 0.5224986 0.0000000
vn -0.8526402 0.5224986 0.0000000
f 4969/4969/4969 4970/4970/4970 4971/4971/4971
f 4969/4969/4969 4971/4971/4971 4972/4972/4972
v -0.2806671 0.1430070 0.6500000
v -0.2995828 0.0973404 0.6500000
v -0.2995828 0.0973404 0.7000000
v -0.2806671 0.1430070 0.7000000
vt 0.5200000 0.2700000
vt 0.5200000 0.4800000
vt 0.7300000 0.4800000
vt 0.7300000 0.2700000
vn -0.9238795 0.3826834 0.0000000
vn -0.9238795 0.3826834 0.0000000
vn -0.9238795 0.3826834 0.0000000
vn -0.9238795 0.3826834 0.0000000
f 4973/4973/4973 4974/4974/4974 4975/4975/4975
f 4973/4973/4973 4975/4975/4975 4976/4976/4976
v -0.2995828 0.0973404 0.6500000
v -0.3111218 0.0492769 0.6500000
v -0.3111218 0.0492769 0.7000000
v -0.2995828 0.0973404 0.7000000
vt 0.5200000 0.2700000
vt 0.5200000 0.4800000
vt 0.7300000 0.4800000
vt 0.7300000 0.2700000
vn -0.9723699 0.2334454 0.0000000
vn -0.9723699 0.2334454 0.0000000
vn -0.9723699 0.2334454 0.0000000
vn -0.9723699 0.2334454 0.0000000
f 4977/4977/4977 4978/4978/4978 4979/4979/4979
f 4977/4977/4977 4979/4979/4979 4980/4980/4980
v -0.3111218 0.0492769 0.6500000
v -0.3150000 0.0000000 0.6500000
v -0.3150000 0.0000000 0.7000000
v -0.3111218 0.0492769 0.7000000
vt 0.5200000 0.2700000
vt 0.5200000 0.4800000
vt 0.7300000 0.4800000
vt 0.7300000 0.2700000
vn -0.9969173 0.0784591 0.0000000
vn -0.9969173 0.0784591 0.0000000
vn -0.9969173 0.0784591 0.0000000
vn -0.9969173 0.0784591 0.0000000
f 4981/4981/4981 4982/4982/4982 4983/4983/4983
f 4981/4981/4981 4983/4983/4983 4984/4984/4984
v -0.3150000 0.0000000 0.6500000
v -0.3111218 -0.0492769 0.6500000
v -0.3111218 -0.0492769 0.7000000
v -0.3150000 0.0000000 0.7000000
vt 0.5200000 0.2700000
vt 0.5200000 0.4800000
vt 0.7300000 0.4800000
vt 0.7300000 0.2700000
vn -0.9969173 -0.0784591 0.0000000
vn -0.9969173 -0.0784591 0.0000000
vn -0.9969173 -0.0784591 0.0000000
vn -0.9969173 -0.0784591 0.0000000
f 4985/4985/4985 4986/4986/4986 4987/4987/4987
f 4985/4985/4985 4987/4987/4987 4988/4988/4988
v -0.3111218 -0.0492769 0.6500000
v -0.2995828 -0.0973404 0.6500000
v -0.2995828 -0.0973404 0.7000000
v -0.3111218 -0.0492769 0.7000000
vt 0.5200000 0.2700000
vt 0.5200000 0.4800000
vt 0.7300000 0.4800000
vt 0.7300000 0.2700000
vn -0.9723699 -0.2334454 0.0000000
vn -0.9723699 -0.2334454 0.0000000
vn -0.9723699 -0.2334454 0.0000000
vn -0.9723699 -0.2334454 0.0000000
f 4989/4989/4989 4990/4990/4990 4991/4991/4991
f 4989/4989/4989 4991/4991/4991 4992/4992/4992
v -0.2995828 -0.0973404 0.6500000
v -0.2806671 -0.1430070 0.6500000
v -0.2806671 -0.1430070 0.7000000
v -0.2995828 -0.0973404 0.7000000
vt 0.5200000 0.2700000
vt 0.5200000 0.4800000
vt 0.7300000 0.4800000
vt 0.7300000 0.2700000
vn -0.9238795 -0.3826834 0.0000000
vn -0.9238795 -0.3826834 0.0000000
vn -0.9238795 -0.3826834 0.0000000
vn -0.9238795 -0.3826834 0.0000000
f 4993/4993/4993 4994/4994/4994 4995/4995/4995
f 4993/4993/4993 4995/4995/4995 4996/4996/4996
v -0.2806671 -0.1430070 0.6500000
v -0.2548404 -0.1851524 0.6500000
v -0.2548404 -0.1851524 0.7000000
v -0.2806671 -0.1430070 0.7000000
vt 0.5200000 0.2700000
vt 0.5200000 0.4800000
vt 0.7300000 0.4800000
vt 0.7300000 0.2700000
vn -0.8526402 -0.5224986 0.0000000
vn -0.8526402 -0.5224986 0.0000000
vn -0.8526402 -0.5224986 0.0000000
vn -0.8526402 -0.5224986 0.0000000
f 4997/4997/4997 4998/4998/4998 4999/4999/4999
f 4997/4997/4997 4999/4999/4999 5000/5000/5000
v -0.2548404 -0.1851524 0.6500000
v -0.2227386 -0.2227386 0.6500000
v -0.2227386 -0.2227386 0.7000000
v -0.2548404 -0.1851524 0.7000000
vt 0.5200000 0.2700000
vt 0.5200000 0.4800000
vt 0.7300000 0.4800000
vt 0.7300000 0.2700000
vn -0.7604060 -0.6494480 0.0000000
vn -0.7604060 -0.6494480 0.0000000
vn -0.7604060 -0.6494480 0.0000000
vn -0.7604060 -0.6494480 0.0000000
f 5001/5001/5001 5002/5002/5002 5003/5003/5003
f 5001/5001/5001 5003/5003/5003 5004/5004/5004
v -0.2227386 -0.2227386 0.6500000
v -0.1851524 -0.2548404 0.6500000
v -0.1851524 -0.2548404 0.7000000
v -0.2227386 -0.2227386 0.7000000
vt 0.5200000 0.4800000
vt 0.5200000 0.2700000
vt 0.7300000 0.2700000
vt 0.7300000 0.4800000
vn -0.6494480 -0.7604060 0.0000000
vn -0.6494480 -0.7604060 0.0000000
vn -0.6494480 -0.7604060 0.0000000
vn -0.6494480 -0.7604060 0.0000000
f 5005/5005/5005 5006/5006/5006 5007/5007/5007
f 5005/5005/5005 5007/5007/5007 5008/5008/5008
v -0.1851524 -0.2548404 0.6500000
v -0.1430070 -0.2806671 0.6500000
v -0.1430070 -0.2806671 0.7000000
v -0.1851524 -0.2548404 0.7000000
vt 0.5200000 0.4800000
vt 0.5200000 0.2700000
vt 0.7300000 0.2700000
vt 0.7300000 0.4800000
vn -0.5224986 -0.8526402 0.0000000
vn -0.5224986 -0.8526402 0.0000000
vn -0.5224986 -0.8526402 0.0000000
vn -0.5224986 -0.8526402 0.0000000
f 5009/5009/5009 5010/5010/5010 5011/5011/5011
f 5009/5009/5009 5011/5011/5011 5012/5012/5012
v -0.1430070 -0.2806671 0.6500000
v -0.0973404 -0.2995828 0.6500000
v -0.0973404 -0.2995828 0.7000000
v -0.1430070 -0.2806671 0.7000000
vt 0.5200000 0.4800000
vt 0.5200000 0.2700000
vt 0.7300000 0.2700000
vt 0.7300000 0.4800000
vn -0.3826834 -0.9238795 0.0000000
vn -0.3826834 -0.9238795 0.0000000
vn -0.3826834 -0.9238795 0.0000000
vn -0.3826834 -0.9238795 0.0000000
f 5013/5013/5013 5014/5014/5014 5015/5015/5015
f 5013/5013/5013 5015/5015/5015 5016/5016/5016
v -0.0973404 -0.2995828 0.6500000
v -0.0492769 -0.3111218 0.6500000
v -0.0492769 -0.3111218 0.7000000
v -0.0973404 -0.2995828 0.7000000
vt 0.5200000 0.4800000
vt 0.5200000 0.2700000
vt 0.7300000 0.2700000
vt 0.7300000 0.4800000
vn -0.2334454 -0.9723699 0.0000000
vn -0.2334454 -0.9723699 0.0000000
vn -0.2334454 -0.9723699 0.0000000
vn -0.2334454 -0.9723699 0.0000000
f 5017/5017/5017 5018/5018/5018 5019/5019/5019
f 5017/5017/5017 5019/5019/5019 5020/5020/5020
v -0.0492769 -0.3111218 0.6500000
v -0.0000000 -0.3150000 0.6500000
v -0.0000000 -0.3150000 0.7000000
v -0.0492769 -0.3111218 0.7000000
vt 0.5200000 0.4800000
vt 0.5200000 0.2700000
vt 0.7300000 0.2700000
vt 0.7300000 0.4800000
vn -0.0784591 -0.9969173 0.0000000
vn -0.0784591 -0.9969173 0.0000000
vn -0.0784591 -0.9969173 0.0000000
vn -0.0784591 -0.9969173 0.0000000
f 5021/5021/5021 5022/5022/5022 5023/5023/5023
f 5021/5021/5021 5023/5023/5023 5024/5024/5024
v -0.0000000 -0.3150000 0.6500000
v 0.0492769 -0.3111218 0.6500000
v 0.0492769 -0.3111218 0.7000000
v -0.0000000 -0.3150000 0.7000000
vt 0.5200000 0.4800000
vt 0.5200000 0.2700000
vt 0.7300000 0.2700000
vt 0.7300000 0.4800000
vn 0.0784591 -0.9969173 0.0000000
vn 0.0784591 -0.9969173 0.0000000
vn 0.0784591 -0.9969173 0.0000000
vn 0.0784591 -0.9969173 0.0000000
f 5025/5025/5025 5026/5026/5026 5027/5027/5027
f 5025/5025/5025 5027/5027/5027 5028/5028/5028
v 0.0492769 -0.3111218 0.6500000
v 0.0973404 -0.2995828 0.6500000
v 0.0973404 -0.2995828 0.7000000
v 0.0492769 -0.3111218 0.7000000
vt 0.5200000 0.4800000
vt 0.5200000 0.2700000
vt 0.7300000 0.2700000
vt 0.7300000 0.4800000
vn 0.2334454 -0.9723699 0.0000000
vn 0.2334454 -0.9723699 0.0000000
vn 0.2334454 -0.9723699 0.0000000
vn 0.2334454 -0.9723699 0.0000000
f 5029/5029/5029 5030/5030/5030 5031/5031/5031
f 5029/5029/5029 5031/5031/5031 5032/5032/5032
v 0.0973404 -0.2995828 0.6500000
v 0.1430070 -0.2806671 0.6500000
v 0.1430070 -0.2806671 0.7000000
v 0.0973404 -0.2995828 0.7000000
vt 0.5200000 0.4800000
vt 0.5200000 0.2700000
vt 0.7300000 0.2700000
vt 0.7300000 0.4800000
vn 0.3826834 -0.9238795 0.0000000
vn 0.3826834 -0.9238795 0.0000000
vn 0.3826834 -0.9238795 0.0000000
vn 0.3826834 -0.9238795 0.0000000
f 5033/5033/5033 5034/5034/5034 5035/5035/5035
f 5033/5033/5033 5035/5035/5035 5036/5036/5036
v 0.1430070 -0.2806671 0.6500000
v 0.1851524 -0.2548404 0.6500000
v 0.1851524 -0.2548404 0.7000000
v 0.1430070 -0.2806671 0.7000000
vt 0.5200000 0.4800000
vt 0.5200000 0.2700000
vt 0.7300000 0.2700000
vt 0.7300000 0.4800000
vn 0.5224986 -0.8526402 0.0000000
vn 0.5224986 -0.8526402 0.0000000
vn 0.5224986 -0.8526402 0.0000000
vn 0.5224986 -0.8526402 0.0000000
f 5037/5037/5037 5038/5038/5038 5039/5039/5039
f 5037/5037/5037 5039/5039/5039 5040/5040/5040
v 0.1851524 -0.2548404 0.6500000
v 0.2227386 -0.2227386 0.6500000
v 0.2227386 -0.2227386 0.7000000
v 0.1851524 -0.2548404 0.7000000
vt 0.5200000 0.4800000
vt 0.5200000 0.2700000
vt 0.7300000 0.2700000
vt 0.7300000 0.4800000
vn 0.6494480 -0.7604060 0.0000000
vn 0.6494480 -0.7604060 0.0000000
vn 0.6494480 -0.7604060 0.0000000
vn 0.6494480 -0.7604060 0.0000000
f 5041/5041/5041 5042/5042/5042 5043/5043/5043
f 5041/5041/5041 5043/5043/5043 5044/5044/5044
v 0.2227386 -0.2227386 0.6500000
v 0.2548404 -0.1851524 0.6500000
v 0.2548404 -0.1851524 0.7000000
v 0.2227386 -0.2227386 0.7000000
vt 0.5200000 0.4800000
vt 0.5200000 0.2700000
vt 0.7300000 0.2700000
vt 0.7300000 0.4800000
vn 0.7604060 -0.6494480 0.0000000
vn 0.7604060 -0.6494480 0.0000000
vn 0.7604060 -0.6494480 0.0000000
vn 0.7604060 -0.6494480 0.0000000
f 5045/5045/5045 5046/5046/5046 5047/5047/5047
f 5045/5045/5045 5047/5047/5047 5048/5048/5048
v 0.2548404 -0.1851524 0.6500000
v 0.2806671 -0.1430070 0.6500000
v 0.2806671 -0.1430070 0.7000000
v 0.2548404 -0.1851524 0.7000000
vt 0.5200000 0.4800000
vt 0.5200000 0.2700000
vt 0.7300000 0.2700000
vt 0.7300000 0.4800000
vn 0.8526402 -0.5224986 0.0000000
vn 0.8526402 -0.5224986 0.0000000
vn 0.8526402 -0.5224986 0.0000000
vn 0.8526402 -0.5224986 0.0000000
f 5049/5049/5049 5050/5050/5050 5051/5051/5051
f 5049/5049/5049 5051/5051/5051 5052/5052/5052
v 0.2806671 -0.1430070 0.6500000
v 0.2995828 -0.0973404 0.6500000
v 0.2995828 -0.0973404 0.7000000
v 0.2806671 -0.1430070 0.7000000
vt 0.5200000 0.4800000
vt 0.5200000 0.2700000
vt 0.7300000 0.2700000
vt 0.7300000 0.4800000
vn 0.9238795 -0.3826834 0.0000000
vn 0.9238795 -0.3826834 0.0000000
vn 0.9238795 -0.3826834 0.0000000
vn 0.9238795 -0.3826834 0.0000000
f 5053/5053/5053 5054/5054/5054 5055/5055/5055
f 5053/5053/5053 5055/5055/5055 5056/5056/5056
v 0.2995828 -0.0973404 0.6500000
v 0.3111218 -0.0492769 0.6500000
v 0.3111218 -0.0492769 0.7000000
v 0.2995828 -0.0973404 0.7000000
vt 0.5200000 0.4800000
vt 0.5200000 0.2700000
vt 0.7300000 0.2700000
vt 0.7300000 0.4800000
vn 0.9723699 -0.2334454 0.0000000
vn 0.9723699 -0.2334454 0.0000000
vn 0.9723699 -0.2334454 0.0000000
vn 0.9723699 -0.2334454 0.0000000
f 5057/5057/5057 5058/5058/5058 5059/5059/5059
f 5057/5057/5057 5059/5059/5059 5060/5060/5060
v 0.3111218 -0.0492769 0.6500000
v 0.3150000 0.0000000 0.6500000
v 0.3150000 0.0000000 0.7000000
v 0.3111218 -0.0492769 0.7000000
vt 0.5200000 0.4800000
vt 0.5200000 0.2700000
vt 0.7300000 0.2700000
vt 0.7300000 0.4800000
vn 0.9969173 -0.0784591 0.0000000
vn 0.9969173 -0.0784591 0.0000000
vn 0.9969173 -0.0784591 0.0000000
vn 0.9969173 -0.0784591 0.0000000
f 5061/5061/5061 5062/5062/5062 5063/5063/5063
f 5061/5061/5061 5063/5063/5063 5064/5064/5064
v 0.3150000 0.0000000 0.7000000
v 0.3111218 0.0492769 0.7000000
v 0.2617374 0.0414551 0.7300000
v 0.2650000 0.0000000 0.7300000
vt 0.5200000 0.2700000
vt 0.7300000 0.2852906
vt 0.6966667 0.4800000
vt 0.5200000 0.4671365
vn 0.5140745 0.0404585 0.8567908
vn 0.5140745 0.0404585 0.8567908
vn 0.5140745 0.0404585 0.8567908
vn 0.5140745 0.0404585 0.8567908
f 5065/5065/5065 5066/5066/5066 5067/5067/5067
f 5065/5065/5065 5067/5067/5067 5068/5068/5068
v 0.3111218 0.0492769 0.7000000
v 0.2995828 0.0973404 0.7000000
v 0.2520300 0.0818895 0.7300000
v 0.2617374 0.0414551 0.7300000
vt 0.5493917 0.2700000
vt 0.7300000 0.3110073
vt 0.6719403 0.4800000
vt 0.5200000 0.4455018
vn 0.5014163 0.1203794 0.8567908
vn 0.5014163 0.1203794 0.8567908
vn 0.5014163 0.1203794 0.8567908
vn 0.5014163 0.1203794 0.8567908
f 5069/5069/5069 5070/5070/5070 5071/5071/5071
f 5069/5069/5069 5071/5071/5071 5072/5072/5072
v 0.2995828 0.0973404 0.7000000
v 0.2806671 0.1430070 0.7000000
v 0.2361167 0.1203075 0.7300000
v 0.2520300 0.0818895 0.7300000
vt 0.5730892 0.2700000
vt 0.7300000 0.3325895
vt 0.6520043 0.4800000
vt 0.5200000 0.4273454
vn 0.4764115 0.1973361 0.8567908
vn 0.4764115 0.1973361 0.8567908
vn 0.4764115 0.1973361 0.8567908
vn 0.4764115 0.1973361 0.8567908
f 5073/5073/5073 5074/5074/5074 5075/5075/5075
f 5073/5073/5073 5075/5075/5075 5076/5076/5076
v 0.2806671 0.1430070 0.7000000
v 0.2548404 0.1851524 0.7000000
v 0.2143895 0.1557631 0.7300000
v 0.2361167 0.1203075 0.7300000
vt 0.5935124 0.2700000
vt 0.7300000 0.3518317
vt 0.6348229 0.4800000
vt 0.5200000 0.4111574
vn 0.4396759 0.2694338 0.8567908
vn 0.4396759 0.2694338 0.8567908
vn 0.4396759 0.2694338 0.8567908
vn 0.4396759 0.2694338 0.8567908
f 5077/5077/5077 5078/5078/5078 5079/5079/5079
f 5077/5077/5077 5079/5079/5079 5080/5080/5080
v 0.2548404 0.1851524 0.7000000
v 0.2227386 0.2227386 0.7000000
v 0.1873833 0.1873833 0.7300000
v 0.2143895 0.1557631 0.7300000
vt 0.6121492 0.2700000
vt 0.7300000 0.3699356
vt 0.6191443 0.4800000
vt 0.5200000 0.3959272
vn 0.3921141 0.3348971 0.8567908
vn 0.3921141 0.3348971 0.8567908
vn 0.3921141 0.3348971 0.8567908
vn 0.3921141 0.3348971 0.8567908
f 5081/5081/5081 5082/5082/5082 5083/5083/5083
f 5081/5081/5081 5083/5083/5083 5084/5084/5084
v 0.2227386 0.2227386 0.7000000
v 0.1851524 0.2548404 0.7000000
v 0.1557631 0.2143895 0.7300000
v 0.1873833 0.1873833 0.7300000
vt 0.7300000 0.3699356
vt 0.6121492 0.2700000
vt 0.5200000 0.3959272
vt 0.6191443 0.4800000
vn 0.3348971 0.3921141 0.8567908
vn 0.3348971 0.3921141 0.8567908
vn 0.3348971 0.3921141 0.8567908
vn 0.3348971 0.3921141 0.8567908
f 5085/5085/5085 5086/5086/5086 5087/5087/5087
f 5085/5085/5085 5087/5087/5087 5088/5088/5088
v 0.1851524 0.2548404 0.7000000
v 0.1430070 0.2806671 0.7000000
v 0.1203075 0.2361167 0.7300000
v 0.1557631 0.2143895 0.7300000
vt 0.7300000 0.3518317
vt 0.5935124 0.2700000
vt 0.5200000 0.4111574
vt 0.6348229 0.4800000
vn 0.2694338 0.4396759 0.8567908
vn 0.2694338 0.4396759 0.8567908
vn 0.2694338 0.4396759 0.8567908
vn 0.2694338 0.4396759 0.8567908
f 5089/5089/5089 5090/5090/5090 5091/5091/5091
f 5089/5089/5089 5091/5091/5091 5092/5092/5092
v 0.1430070 0.2806671 0.7000000
v 0.0973404 0.2995828 0.7000000
v 0.0818895 0.2520300 0.7300000
v 0.1203075 0.2361167 0.7300000
vt 0.7300000 0.3325895
vt 0.5730892 0.2700000
vt 0.5200000 0.4273454
vt 0.6520043 0.4800000
vn 0.1973361 0.4764115 0.8567908
vn 0.1973361 0.4764115 0.8567908
vn 0.1973361 0.4764115 0.8567908
vn 0.1973361 0.4764115 0.8567908
f 5093/5093/5093 5094/5094/5094 5095/5095/5095
f 5093/5093/5093 5095/5095/5095 5096/5096/5096
v 0.0973404 0.2995828 0.7000000
v 0.0492769 0.3111218 0.7000000
v 0.0414551 0.2617374 0.7300000
v 0.0818895 0.2520300 0.7300000
vt 0.7300000 0.3110073
vt 0.5493917 0.2700000
vt 0.5200000 0.4455018
vt 0.6719403 0.4800000
vn 0.1203794 0.5014163 0.8567908
vn 0.1203794 0.5014163 0.8567908
vn 0.1203794 0.5014163 0.8567908
vn 0.1203794 0.5014163 0.8567908
f 5097/5097/5097 5098/5098/5098 5099/5099/5099
f 5097/5097/5097 5099/5099/5099 5100/5100/5100
v 0.0492769 0.3111218 0.7000000
v 0.0000000 0.3150000 0.7000000
v 0.0000000 0.2650000 0.7300000
v 0.0414551 0.2617374 0.7300000
vt 0.7300000 0.2852906
vt 0.5200000 0.2700000
vt 0.5200000 0.4671365
vt 0.6966667 0.4800000
vn 0.0404585 0.5140745 0.8567908
vn 0.0404585 0.5140745 0.8567908
vn 0.0404585 0.5140745 0.8567908
vn 0.0404585 0.5140745 0.8567908
f 5101/5101/5101 5102/5102/5102 5103/5103/5103
f 5101/5101/5101 5103/5103/5103 5104/5104/5104
v 0.0000000 0.3150000 0.7000000
v -0.0492769 0.3111218 0.7000000
v -0.0414551 0.2617374 0.7300000
v 0.0000000 0.2650000 0.7300000
vt 0.7300000 0.2700000
vt 0.5200000 0.2852906
vt 0.5533333 0.4800000
vt 0.7300000 0.4671365
vn -0.0404585 0.5140745 0.8567908
vn -0.0404585 0.5140745 0.8567908
vn -0.0404585 0.5140745 0.8567908
vn -0.0404585 0.5140745 0.8567908
f 5105/5105/5105 5106/5106/5106 5107/5107/5107
f 5105/5105/5105 5107/5107/5107 5108/5108/5108
v -0.0492769 0.3111218 0.7000000
v -0.0973404 0.2995828 0.7000000
v -0.0818895 0.2520300 0.7300000
v -0.0414551 0.2617374 0.7300000
vt 0.7006083 0.2700000
vt 0.5200000 0.3110073
vt 0.5780597 0.4800000
vt 0.7300000 0.4455018
vn -0.1203794 0.5014163 0.8567908
vn -0.1203794 0.5014163 0.8567908
vn -0.1203794 0.5014163 0.8567908
vn -0.1203794 0.5014163 0.8567908
f 5109/5109/5109 5110/5110/5110 5111/5111/5111
f 5109/5109/5109 5111/5111/5111 5112/5112/5112
v -0.0973404 0.2995828 0.7000000
v -0.1430070 0.2806671 0.7000000
v -0.1203075 0.2361167 0.7300000
v -0.0818895 0.2520300 0.7300000
vt 0.6769108 0.2700000
vt 0.5200000 0.3325895
vt 0.5979957 0.4800000
vt 0.7300000 0.4273454
vn -0.1973361 0.4764115 0.8567908
vn -0.1973361 0.4764115 0.8567908
vn -0.1973361 0.4764115 0.8567908
vn -0.1973361 0.4764115 0.8567908
f 5113/5113/5113 5114/5114/5114 5115/5115/5115
f 5113/5113/5113 5115/5115/5115 5116/5116/5116
v -0.1430070 0.2806671 0.7000000
v -0.1851524 0.2548404 0.7000000
v -0.1557631 0.2143895 0.7300000
v -0.1203075 0.2361167 0.7300000
vt 0.6564876 0.2700000
vt 0.5200000 0.3518317
vt 0.6151771 0.4800000
vt 0.7300000 0.4111574
vn -0.2694338 0.4396759 0.8567908
vn -0.2694338 0.4396759 0.8567908
vn -0.2694338 0.4396759 0.8567908
vn -0.2694338 0.4396759 0.8567908
f 5117/5117/5117 5118/5118/5118 5119/5119/5119
f 5117/5117/5117 5119/5119/5119 5120/5120/5120
v -0.1851524 0.2548404 0.7000000
v -0.2227386 0.2227386 0.7000000
v -0.1873833 0.1873833 0.7300000
v -0.1557631 0.2143895 0.7300000
vt 0.6378508 0.2700000
vt 0.5200000 0.3699356
vt 0.6308557 0.4800000
vt 0.7300000 0.3959272
vn -0.3348971 0.3921141 0.8567908
vn -0.3348971 0.3921141 0.8567908
vn -0.3348971 0.3921141 0.8567908
vn -0.3348971 0.3921141 0.8567908
f 5121/5121/5121 5122/5122/5122 5123/5123/5123
f 5121/5121/5121 5123/5123/5123 5124/5124/5124
v -0.2227386 0.2227386 0.7000000
v -0.2548404 0.1851524 0.7000000
v -0.2143895 0.1557631 0.7300000
v -0.1873833 0.1873833 0.7300000
vt 0.7300000 0.3800644
vt 0.6121492 0.4800000
vt 0.5200000 0.3540728
vt 0.6191443 0.2700000
vn -0.3921141 0.3348971 0.8567908
vn -0.3921141 0.3348971 0.8567908
vn -0.3921141 0.3348971 0.8567908
vn -0.3921141 0.3348971 0.8567908
f 5125/5125/5125 5126/5126/5126 5127/5127/5127
f 5125/5125/5125 5127/5127/5127 5128/5128/5128
v -0.2548404 0.1851524 0.7000000
v -0.2806671 0.1430070 0.7000000
v -0.2361167 0.1203075 0.7300000
v -0.2143895 0.1557631 0.7300000
vt 0.7300000 0.3981683
vt 0.5935124 0.4800000
vt 0.5200000 0.3388426
vt 0.6348229 0.2700000
vn -0.4396759 0.2694338 0.8567908
vn -0.4396759 0.2694338 0.8567908
vn -0.4396759 0.2694338 0.8567908
vn -0.4396759 0.2694338 0.8567908
f 5129/5129/5129 5130/5130/5130 5131/5131/5131
f 5129/5129/5129 5131/5131/5131 5132/5132/5132
v -0.2806671 0.1430070 0.7000000
v -0.2995828 0.0973404 0.7000000
v -0.2520300 0.0818895 0.7300000
v -0.2361167 0.1203075 0.7300000
vt 0.7300000 0.4174105
vt 0.5730892 0.4800000
vt 0.5200000 0.3226546
vt 0.6520043 0.2700000
vn -0.4764115 0.1973361 0.8567908
vn -0.4764115 0.1973361 0.8567908
vn -0.4764115 0.1973361 0.8567908
vn -0.4764115 0.1973361 0.8567908
f 5133/5133/5133 5134/5134/5134 5135/5135/5135
f 5133/5133/5133 5135/5135/5135 5136/5136/5136
v -0.2995828 0.0973404 0.7000000
v -0.3111218 0.0492769 0.7000000
v -0.2617374 0.0414551 0.7300000
v -0.2520300 0.0818895 0.7300000
vt 0.7300000 0.4389927
vt 0.5493917 0.4800000
vt 0.5200000 0.3044982
vt 0.6719403 0.2700000
vn -0.5014163 0.1203794 0.8567908
vn -0.5014163 0.1203794 0.8567908
vn -0.5014163 0.1203794 0.8567908
vn -0.5014163 0.1203794 0.8567908
f 5137/5137/5137 5138/5138/5138 5139/5139/5139
f 5137/5137/5137 5139/5139/5139 5140/5140/5140
v -0.3111218 0.0492769 0.7000000
v -0.3150000 0.0000000 0.7000000
v -0.2650000 0.0000000 0.7300000
v -0.2617374 0.0414551 0.7300000
vt 0.7300000 0.4647094
vt 0.5200000 0.4800000
vt 0.5200000 0.2828635
vt 0.6966667 0.2700000
vn -0.5140745 0.0404585 0.8567908
vn -0.5140745 0.0404585 0.8567908
vn -0.5140745 0.0404585 0.8567908
vn -0.5140745 0.0404585 0.8567908
f 5141/5141/5141 5142/5142/5142 5143/5143/5143
f 5141/5141/5141 5143/5143/5143 5144/5144/5144
v -0.3150000 0.0000000 0.7000000
v -0.3111218 -0.0492769 0.7000000
v -0.2617374 -0.0414551 0.7300000
v -0.2650000 0.0000000 0.7300000
vt 0.7300000 0.4800000
vt 0.5200000 0.4647094
vt 0.5533333 0.2700000
vt 0.7300000 0.2828635
vn -0.5140745 -0.0404585 0.8567908
vn -0.5140745 -0.0404585 0.8567908
vn -0.5140745 -0.0404585 0.8567908
vn -0.5140745 -0.0404585 0.8567908
f 5145/5145/5145 5146/5146/5146 5147/5147/5147
f 5145/5145/5145 5147/5147/5147 5148/5148/5148
v -0.3111218 -0.0492769 0.7000000
v -0.2995828 -0.0973404 0.7000000
v -0.2520300 -0.0818895 0.7300000
v -0.2617374 -0.0414551 0.7300000
vt 0.7006083 0.4800000
vt 0.5200000 0.4389927
vt 0.5780597 0.2700000
vt 0.7300000 0.3044982
vn -0.5014163 -0.1203794 0.8567908
vn -0.5014163 -0.1203794 0.8567908
vn -0.5014163 -0.1203794 0.8567908
vn -0.5014163 -0.1203794 0.8567908
f 5149/5149/5149 5150/5150/5150 5151/5151/5151
f 5149/5149/5149 5151/5151/5151 5152/5152/5152
v -0.2995828 -0.0973404 0.7000000
v -0.2806671 -0.1430070 0.7000000
v -0.2361167 -0.1203075 0.7300000
v -0.2520300 -0.0818895 0.7300000
vt 0.6769108 0.4800000
vt 0.5200000 0.4174105
vt 0.5979957 0.2700000
vt 0.7300000 0.3226546
vn -0.4764115 -0.1973361 0.8567908
vn -0.4764115 -0.1973361 0.8567908
vn -0.4764115 -0.1973361 0.8567908
vn -0.4764115 -0.1973361 0.8567908
f 5153/5153/5153 5154/5154/5154 5155/5155/5155
f 5153/5153/5153 5155/5155/5155 5156/5156/5156
v -0.2806671 -0.1430070 0.7000000
v -0.2548404 -0.1851524 0.7000000
v -0.2143895 -0.1557631 0.7300000
v -0.2361167 -0.1203075 0.7300000
vt 0.6564876 0.4800000
vt 0.5200000 0.3981683
vt 0.6151771 0.2700000
vt 0.7300000 0.3388426
vn -0.4396759 -0.2694338 0.8567908
vn -0.4396759 -0.2694338 0.8567908
vn -0.4396759 -0.2694338 0.8567908
vn -0.4396759 -0.2694338 0.8567908
f 5157/5157/5157 5158/5158/5158 5159/5159/5159
f 5157/5157/5157 5159/5159/5159 5160/5160/5160
v -0.2548404 -0.1851524 0.7000000
v -0.2227386 -0.2227386 0.7000000
v -0.1873833 -0.1873833 0.7300000
v -0.2143895 -0.1557631 0.7300000
vt 0.6378508 0.4800000
vt 0.5200000 0.3800644
vt 0.6308557 0.2700000
vt 0.7300000 0.3540728
vn -0.3921141 -0.3348971 0.8567908
vn -0.3921141 -0.3348971 0.8567908
vn -0.3921141 -0.3348971 0.8567908
vn -0.3921141 -0.3348971 0.8567908
f 5161/5161/5161 5162/5162/5162 5163/5163/5163
f 5161/5161/5161 5163/5163/5163 5164/5164/5164
v -0.2227386 -0.2227386 0.7000000
v -0.1851524 -0.2548404 0.7000000
v -0.1557631 -0.2143895 0.7300000
v -0.1873833 -0.1873833 0.7300000
vt 0.5200000 0.3800644
vt 0.6378508 0.4800000
vt 0.7300000 0.3540728
vt 0.6308557 0.2700000
vn -0.3348971 -0.3921141 0.8567908
vn -0.3348971 -0.3921141 0.8567908
vn -0.3348971 -0.3921141 0.8567908
vn -0.3348971 -0.3921141 0.8567908
f 5165/5165/5165 5166/5166/5166 5167/5167/5167
f 5165/5165/5165 5167/5167/5167 5168/5168/5168
v -0.1851524 -0.2548404 0.7000000
v -0.1430070 -0.2806671 0.7000000
v -0.1203075 -0.2361167 0.7300000
v -0.1557631 -0.2143895 0.7300000
vt 0.5200000 0.3981683
vt 0.6564876 0.4800000
vt 0.7300000 0.3388426
vt 0.6151771 0.2700000
vn -0.2694338 -0.4396759 0.8567908
vn -0.2694338 -0.4396759 0.8567908
vn -0.2694338 -0.4396759 0.8567908
vn -0.2694338 -0.4396759 0.8567908
f 5169/5169/5169 5170/5170/5170 5171/5171/5171
f 5169/5169/5169 5171/5171/5171 5172/5172/5172
v -0.1430070 -0.2806671 0.7000000
v -0.0973404 -0.2995828 0.7000000
v -0.0818895 -0.2520300 0.7300000
v -0.1203075 -0.2361167 0.7300000
vt 0.5200000 0.4174105
vt 0.6769108 0.4800000
vt 0.7300000 0.3226546
vt 0.5979957 0.2700000
vn -0.1973361 -0.4764115 0.8567908
vn -0.1973361 -0.4764115 0.8567908
vn -0.1973361 -0.4764115 0.8567908
vn -0.1973361 -0.4764115 0.8567908
f 5173/5173/5173 5174/5174/5174 5175/5175/5175
f 5173/5173/5173 5175/5175/5175 5176/5176/5176
v -0.0973404 -0.2995828 0.7000000
v -0.0492769 -0.3111218 0.7000000
v -0.0414551 -0.2617374 0.7300000
v -0.0818895 -0.2520300 0.7300000
vt 0.5200000 0.4389927
vt 0.7006083 0.4800000
vt 0.7300000 0.3044982
vt 0.5780597 0.2700000
vn -0.1203794 -0.5014163 0.8567908
vn -0.1203794 -0.5014163 0.8567908
vn -0.1203794 -0.5014163 0.8567908
vn -0.1203794 -0.5014163 0.8567908
f 5177/5177/5177 5178/5178/5178 5179/5179/5179
f 5177/5177/5177 5179/5179/5179 5180/5180/5180
v -0.0492769 -0.3111218 0.7000000
v -0.0000000 -0.3150000 0.7000000
v -0.0000000 -0.2650000 0.7300000
v -0.0414551 -0.2617374 0.7300000
vt 0.5200000 0.4647094
vt 0.7300000 0.4800000
vt 0.7300000 0.2828635
vt 0.5533333 0.2700000
vn -0.0404585 -0.5140745 0.8567908
vn -0.0404585 -0.5140745 0.8567908
vn -0.0404585 -0.5140745 0.8567908
vn -0.0404585 -0.5140745 0.8567908
f 5181/5181/5181 5182/5182/5182 5183/5183/5183
f 5181/5181/5181 5183/5183/5183 5184/5184/5184
v -0.0000000 -0.3150000 0.7000000
v 0.0492769 -0.3111218 0.7000000
v 0.0414551 -0.2617374 0.7300000
v -0.0000000 -0.2650000 0.7300000
vt 0.5200000 0.4800000
vt 0.7300000 0.4647094
vt 0.6966667 0.2700000
vt 0.5200000 0.2828635
vn 0.0404585 -0.5140745 0.8567908
vn 0.0404585 -0.5140745 0.8567908
vn 0.0404585 -0.5140745 0.8567908
vn 0.0404585 -0.5140745 0.8567908
f 5185/5185/5185 5186/5186/5186 5187/5187/5187
f 5185/5185/5185 5187/5187/5187 5188/5188/5188
v 0.0492769 -0.3111218 0.7000000
v 0.0973404 -0.2995828 0.7000000
v 0.0818895 -0.2520300 0.7300000
v 0.0414551 -0.2617374 0.7300000
vt 0.5493917 0.4800000
vt 0.7300000 0.4389927
vt 0.6719403 0.2700000
vt 0.5200000 0.3044982
vn 0.1203794 -0.5014163 0.8567908
vn 0.1203794 -0.5014163 0.8567908
vn 0.1203794 -0.5014163 0.8567908
vn 0.1203794 -0.5014163 0.8567908
f 5189/5189/5189 5190/5190/5190 5191/5191/5191
f 5189/5189/5189 5191/5191/5191 5192/5192/5192
v 0.0973404 -0.2995828 0.7000000
v 0.1430070 -0.2806671 0.7000000
v 0.1203075 -0.2361167 0.7300000
v 0.0818895 -0.2520300 0.7300000
vt 0.5730892 0.4800000
vt 0.7300000 0.4174105
vt 0.6520043 0.2700000
vt 0.5200000 0.3226546
vn 0.1973361 -0.4764115 0.8567908
vn 0.1973361 -0.4764115 0.8567908
vn 0.1973361 -0.4764115 0.8567908
vn 0.1973361 -0.4764115 0.8567908
f 5193/5193/5193 5194/5194/5194 5195/5195/5195
f 5193/5193/5193 5195/5195/5195 5196/5196/5196
v 0.1430070 -0.2806671 0.7000000
v 0.1851524 -0.2548404 0.7000000
v 0.1557631 -0.2143895 0.7300000
v 0.1203075 -0.2361167 0.7300000
vt 0.5935124 0.4800000
vt 0.7300000 0.3981683
vt 0.6348229 0.2700000
vt 0.5200000 0.3388426
vn 0.2694338 -0.4396759 0.8567908
vn 0.2694338 -0.4396759 0.8567908
vn 0.2694338 -0.4396759 0.8567908
vn 0.2694338 -0.4396759 0.8567908
f 5197/5197/5197 5198/5198/5198 5199/5199/5199
f 5197/5197/5197 5199/5199/5199 5200/5200/5200
v 0.1851524 -0.2548404 0.7000000
v 0.2227386 -0.2227386 0.7000000
v 0.1873833 -0.1873833 0.7300000
v 0.1557631 -0.2143895 0.7300000
vt 0.6121492 0.4800000
vt 0.7300000 0.3800644
vt 0.6191443 0.2700000
vt 0.5200000 0.3540728
vn 0.3348971 -0.3921141 0.8567908
vn 0.3348971 -0.3921141 0.8567908
vn 0.3348971 -0.3921141 0.8567908
vn 0.3348971 -0.3921141 0.8567908
f 5201/5201/5201 5202/5202/5202 5203/5203/5203
f 5201/5201/5201 5203/5203/5203 5204/5204/5204
v 0.2227386 -0.2227386 0.7000000
v 0.2548404 -0.1851524 0.7000000
v 0.2143895 -0.1557631 0.7300000
v 0.1873833 -0.1873833 0.7300000
vt 0.5200000 0.3699356
vt 0.6378508 0.2700000
vt 0.7300000 0.3959272
vt 0.6308557 0.4800000
vn 0.3921141 -0.3348971 0.8567908
vn 0.3921141 -0.3348971 0.8567908
vn 0.3921141 -0.3348971 0.8567908
vn 0.3921141 -0.3348971 0.8567908
f 5205/5205/5205 5206/5206/5206 5207/5207/5207
f 5205/5205/5205 5207/5207/5207 5208/5208/5208
v 0.2548404 -0.1851524 0.7000000
v 0.2806671 -0.1430070 0.7000000
v 0.2361167 -0.1203075 0.7300000
v 0.2143895 -0.1557631 0.7300000
vt 0.5200000 0.3518317
vt 0.6564876 0.2700000
vt 0.7300000 0.4111574
vt 0.6151771 0.4800000
vn 0.4396759 -0.2694338 0.8567908
vn 0.4396759 -0.2694338 0.8567908
vn 0.4396759 -0.2694338 0.8567908
vn 0.4396759 -0.2694338 0.8567908
f 5209/5209/5209 5210/5210/5210 5211/5211/5211
f 5209/5209/5209 5211/5211/5211 5212/5212/5212
v 0.2806671 -0.1430070 0.7000000
v 0.2995828 -0.0973404 0.7000000
v 0.2520300 -0.0818895 0.7300000
v 0.2361167 -0.1203075 0.7300000
vt 0.5200000 0.3325895
vt 0.6769108 0.2700000
vt 0.7300000 0.4273454
vt 0.5979957 0.4800000
vn 0.4764115 -0.1973361 0.8567908
vn 0.4764115 -0.1973361 0.8567908
vn 0.4764115 -0.1973361 0.8567908
vn 0.4764115 -0.1973361 0.8567908
f 5213/5213/5213 5214/5214/5214 5215/5215/5215
f 5213/5213/5213 5215/5215/5215 5216/5216/5216
v 0.2995828 -0.0973404 0.7000000
v 0.3111218 -0.0492769 0.7000000
v 0.2617374 -0.0414551 0.7300000
v 0.2520300 -0.0818895 0.7300000
vt 0.5200000 0.3110073
vt 0.7006083 0.2700000
vt 0.7300000 0.4455018
vt 0.5780597 0.4800000
vn 0.5014163 -0.1203794 0.8567908
vn 0.5014163 -0.1203794 0.8567908
vn 0.5014163 -0.1203794 0.8567908
vn 0.5014163 -0.1203794 0.8567908
f 5217/5217/5217 5218/5218/5218 5219/5219/5219
f 5217/5217/5217 5219/5219/5219 5220/5220/5220
v 0.3111218 -0.0492769 0.7000000
v 0.3150000 0.0000000 0.7000000
v 0.2650000 0.0000000 0.7300000
v 0.2617374 -0.0414551 0.7300000
vt 0.5200000 0.2852906
vt 0.7300000 0.2700000
vt 0.7300000 0.4671365
vt 0.5533333 0.4800000
vn 0.5140745 -0.0404585 0.8567908
vn 0.5140745 -0.0404585 0.8567908
vn 0.5140745 -0.0404585 0.8567908
vn 0.5140745 -0.0404585 0.8567908
f 5221/5221/5221 5222/5222/5222 5223/5223/5223
f 5221/5221/5221 5223/5223/5223 5224/5224/5224
v 0.2680000 0.0000000 0.7310000
v 0.2647005 0.0419244 0.7310000
v 0.2350698 0.0372314 0.7400000
v 0.2380000 0.0000000 0.7400000
vt 0.0200000 0.5200000
vt 0.2300000 0.5410415
vt 0.2064925 0.7300000
vt 0.0200000 0.7113139
vn 0.2872744 0.0226090 0.9575814
vn 0.2872744 0.0226090 0.9575814
vn 0.2872744 0.0226090 0.9575814
vn 0.2872744 0.0226090 0.9575814
f 5225/5225/5225 5226/5226/5226 5227/5227/5227
f 5225/5225/5225 5227/5227/5227 5228/5228/5228
v 0.2647005 0.0419244 0.7310000
v 0.2548831 0.0828166 0.7310000
v 0.2263515 0.0735460 0.7400000
v 0.2350698 0.0372314 0.7400000
vt 0.0416197 0.5200000
vt 0.2300000 0.5737599
vt 0.1872930 0.7300000
vt 0.0200000 0.6822580
vn 0.2802008 0.0672703 0.9575814
vn 0.2802008 0.0672703 0.9575814
vn 0.2802008 0.0672703 0.9575814
vn 0.2802008 0.0672703 0.9575814
f 5229/5229/5229 5230/5230/5230 5231/5231/5231
f 5229/5229/5229 5231/5231/5231 5232/5232/5232
v 0.2548831 0.0828166 0.7310000
v 0.2387897 0.1216695 0.7310000
v 0.2120596 0.1080497 0.7400000
v 0.2263515 0.0735460 0.7400000
vt 0.0604545 0.5200000
vt 0.2300000 0.5989194
vt 0.1705666 0.7300000
vt 0.0200000 0.6599148
vn 0.2662277 0.1102751 0.9575814
vn 0.2662277 0.1102751 0.9575814
vn 0.2662277 0.1102751 0.9575814
vn 0.2662277 0.1102751 0.9575814
f 5233/5233/5233 5234/5234/5234 5235/5235/5235
f 5233/5233/5233 5235/5235/5235 5236/5236/5236
v 0.2387897 0.1216695 0.7310000
v 0.2168166 0.1575264 0.7310000
v 0.1925460 0.1398929 0.7400000
v 0.2120596 0.1080497 0.7400000
vt 0.0778078 0.5200000
vt 0.2300000 0.6197838
vt 0.1551558 0.7300000
vt 0.0200000 0.6413861
vn 0.2456991 0.1505646 0.9575814
vn 0.2456991 0.1505646 0.9575814
vn 0.2456991 0.1505646 0.9575814
vn 0.2456991 0.1505646 0.9575814
f 5237/5237/5237 5238/5238/5238 5239/5239/5239
f 5237/5237/5237 5239/5239/5239 5240/5240/5240
v 0.2168166 0.1575264 0.7310000
v 0.1895046 0.1895046 0.7310000
v 0.1682914 0.1682914 0.7400000
v 0.1925460 0.1398929 0.7400000
vt 0.0946406 0.5200000
vt 0.2300000 0.6381966
vt 0.1402073 0.7300000
vt 0.0200000 0.6250344
vn 0.2191207 0.1871467 0.9575814
vn 0.2191207 0.1871467 0.9575814
vn 0.2191207 0.1871467 0.9575814
vn 0.2191207 0.1871467 0.9575814
f 5241/5241/5241 5242/5242/5242 5243/5243/5243
f 5241/5241/5241 5243/5243/5243 5244/5244/5244
v 0.1895046 0.1895046 0.7310000
v 0.1575264 0.2168166 0.7310000
v 0.1398929 0.1925460 0.7400000
v 0.1682914 0.1682914 0.7400000
vt 0.2300000 0.6381966
vt 0.0946406 0.5200000
vt 0.0200000 0.6250344
vt 0.1402073 0.7300000
vn 0.1871467 0.2191207 0.9575814
vn 0.1871467 0.2191207 0.9575814
vn 0.1871467 0.2191207 0.9575814
vn 0.1871467 0.2191207 0.9575814
f 5245/5245/5245 5246/5246/5246 5247/5247/5247
f 5245/5245/5245 5247/5247/5247 5248/5248/5248
v 0.1575264 0.2168166 0.7310000
v 0.1216695 0.2387897 0.7310000
v 0.1080497 0.2120596 0.7400000
v 0.1398929 0.1925460 0.7400000
vt 0.2300000 0.6197838
vt 0.0778078 0.5200000
vt 0.0200000 0.6413861
vt 0.1551558 0.7300000
vn 0.1505646 0.2456991 0.9575814
vn 0.1505646 0.2456991 0.9575814
vn 0.1505646 0.2456991 0.9575814
vn 0.1505646 0.2456991 0.9575814
f 5249/5249/5249 5250/5250/5250 5251/5251/5251
f 5249/5249/5249 5251/5251/5251 5252/5252/5252
v 0.1216695 0.2387897 0.7310000
v 0.0828166 0.2548831 0.7310000
v 0.0735460 0.2263515 0.7400000
v 0.1080497 0.2120596 0.7400000
vt 0.2300000 0.5989194
vt 0.0604545 0.5200000
vt 0.0200000 0.6599148
vt 0.1705666 0.7300000
vn 0.1102751 0.2662277 0.9575814
vn 0.1102751 0.2662277 0.9575814
vn 0.1102751 0.2662277 0.9575814
vn 0.1102751 0.2662277 0.9575814
f 5253/5253/5253 5254/5254/5254 5255/5255/5255
f 5253/5253/5253 5255/5255/5255 5256/5256/5256
v 0.0828166 0.2548831 0.7310000
v 0.0419244 0.2647005 0.7310000
v 0.0372314 0.2350698 0.7400000
v 0.0735460 0.2263515 0.7400000
vt 0.2300000 0.5737599
vt 0.0416197 0.5200000
vt 0.0200000 0.6822580
vt 0.1872930 0.7300000
vn 0.0672703 0.2802008 0.9575814
vn 0.0672703 0.2802008 0.9575814
vn 0.0672703 0.2802008 0.9575814
vn 0.0672703 0.2802008 0.9575814
f 5257/5257/5257 5258/5258/5258 5259/5259/5259
f 5257/5257/5257 5259/5259/5259 5260/5260/5260
v 0.0419244 0.2647005 0.7310000
v 0.0000000 0.2680000 0.7310000
v 0.0000000 0.2380000 0.7400000
v 0.0372314 0.2350698 0.7400000
vt 0.2300000 0.5410415
vt 0.0200000 0.5200000
vt 0.0200000 0.7113139
vt 0.2064925 0.7300000
vn 0.0226090 0.2872744 0.9575814
vn 0.0226090 0.2872744 0.9575814
vn 0.0226090 0.2872744 0.9575814
vn 0.0226090 0.2872744 0.9575814
f 5261/5261/5261 5262/5262/5262 5263/5263/5263
f 5261/5261/5261 5263/5263/5263 5264/5264/5264
v 0.0000000 0.2680000 0.7310000
v -0.0419244 0.2647005 0.7310000
v -0.0372314 0.2350698 0.7400000
v 0.0000000 0.2380000 0.7400000
vt 0.2300000 0.5200000
vt 0.0200000 0.5410415
vt 0.0435075 0.7300000
vt 0.2300000 0.7113139
vn -0.0226090 0.2872744 0.9575814
vn -0.0226090 0.2872744 0.9575814
vn -0.0226090 0.2872744 0.9575814
vn -0.0226090 0.2872744 0.9575814
f 5265/5265/5265 5266/5266/5266 5267/5267/5267
f 5265/5265/5265 5267/5267/5267 5268/5268/5268
v -0.0419244 0.2647005 0.7310000
v -0.0828166 0.2548831 0.7310000
v -0.0735460 0.2263515 0.7400000
v -0.0372314 0.2350698 0.7400000
vt 0.2083803 0.5200000
vt 0.0200000 0.5737599
vt 0.0627070 0.7300000
vt 0.2300000 0.6822580
vn -0.0672703 0.2802008 0.9575814
vn -0.0672703 0.2802008 0.9575814
vn -0.0672703 0.2802008 0.9575814
vn -0.0672703 0.2802008 0.9575814
f 5269/5269/5269 5270/5270/5270 5271/5271/5271
f 5269/5269/5269 5271/5271/5271 5272/5272/5272
v -0.0828166 0.2548831 0.7310000
v -0.1216695 0.2387897 0.7310000
v -0.1080497 0.2120596 0.7400000
v -0.0735460 0.2263515 0.7400000
vt 0.1895455 0.5200000
vt 0.0200000 0.5989194
vt 0.0794334 0.7300000
vt 0.2300000 0.6599148
vn -0.1102751 0.2662277 0.9575814
vn -0.1102751 0.2662277 0.9575814
vn -0.1102751 0.2662277 0.9575814
vn -0.1102751 0.2662277 0.9575814
f 5273/5273/5273 5274/5274/5274 5275/5275/5275
f 5273/5273/5273 5275/5275/5275 5276/5276/5276
v -0.1216695 0.2387897 0.7310000
v -0.1575264 0.2168166 0.7310000
v -0.1398929 0.1925460 0.7400000
v -0.1080497 0.2120596 0.7400000
vt 0.1721922 0.5200000
vt 0.0200000 0.6197838
vt 0.0948442 0.7300000
vt 0.2300000 0.6413861
vn -0.1505646 0.2456991 0.9575814
vn -0.1505646 0.2456991 0.9575814
vn -0.1505646 0.2456991 0.9575814
vn -0.1505646 0.2456991 0.9575814
f 5277/5277/5277 5278/5278/5278 5279/5279/5279
f 5277/5277/5277 5279/5279/5279 5280/5280/5280
v -0.1575264 0.2168166 0.7310000
v -0.1895046 0.1895046 0.7310000
v -0.1682914 0.1682914 0.7400000
v -0.1398929 0.1925460 0.7400000
vt 0.1553594 0.5200000
vt 0.0200000 0.6381966
vt 0.1097927 0.7300000
vt 0.2300000 0.6250344
vn -0.1871467 0.2191207 0.9575814
vn -0.1871467 0.2191207 0.9575814
vn -0.1871467 0.2191207 0.9575814
vn -0.1871467 0.2191207 0.9575814
f 5281/5281/5281 5282/5282/5282 5283/5283/5283
f 5281/5281/5281 5283/5283/5283 5284/5284/5284
v -0.1895046 0.1895046 0.7310000
v -0.2168166 0.1575264 0.7310000
v -0.1925460 0.1398929 0.7400000
v -0.1682914 0.1682914 0.7400000
vt 0.2300000 0.6118034
vt 0.0946406 0.7300000
vt 0.0200000 0.6249656
vt 0.1402073 0.5200000
vn -0.2191207 0.1871467 0.9575814
vn -0.2191207 0.1871467 0.9575814
vn -0.2191207 0.1871467 0.9575814
vn -0.2191207 0.1871467 0.9575814
f 5285/5285/5285 5286/5286/5286 5287/5287/5287
f 5285/5285/5285 5287/5287/5287 5288/5288/5288
v -0.2168166 0.1575264 0.7310000
v -0.2387897 0.1216695 0.7310000
v -0.2120596 0.1080497 0.7400000
v -0.1925460 0.1398929 0.7400000
vt 0.2300000 0.6302162
vt 0.0778078 0.7300000
vt 0.0200000 0.6086139
vt 0.1551558 0.5200000
vn -0.2456991 0.1505646 0.9575814
vn -0.2456991 0.1505646 0.9575814
vn -0.2456991 0.1505646 0.9575814
vn -0.2456991 0.1505646 0.9575814
f 5289/5289/5289 5290/5290/5290 5291/5291/5291
f 5289/5289/5289 5291/5291/5291 5292/5292/5292
v -0.2387897 0.1216695 0.7310000
v -0.2548831 0.0828166 0.7310000
v -0.2263515 0.0735460 0.7400000
v -0.2120596 0.1080497 0.7400000
vt 0.2300000 0.6510806
vt 0.0604545 0.7300000
vt 0.0200000 0.5900852
vt 0.1705666 0.5200000
vn -0.2662277 0.1102751 0.9575814
vn -0.2662277 0.1102751 0.9575814
vn -0.2662277 0.1102751 0.9575814
vn -0.2662277 0.1102751 0.9575814
f 5293/5293/5293 5294/5294/5294 5295/5295/5295
f 5293/5293/5293 5295/5295/5295 5296/5296/5296
v -0.2548831 0.0828166 0.7310000
v -0.2647005 0.0419244 0.7310000
v -0.2350698 0.0372314 0.7400000
v -0.2263515 0.0735460 0.7400000
vt 0.2300000 0.6762401
vt 0.0416197 0.7300000
vt 0.0200000 0.5677420
vt 0.1872930 0.5200000
vn -0.2802008 0.0672703 0.9575814
vn -0.2802008 0.0672703 0.9575814
vn -0.2802008 0.0672703 0.9575814
vn -0.2802008 0.0672703 0.9575814
f 5297/5297/5297 5298/5298/5298 5299/5299/5299
f 5297/5297/5297 5299/5299/5299 5300/5300/5300
v -0.2647005 0.0419244 0.7310000
v -0.2680000 0.0000000 0.7310000
v -0.2380000 0.0000000 0.7400000
v -0.2350698 0.0372314 0.7400000
vt 0.2300000 0.7089585
vt 0.0200000 0.7300000
vt 0.0200000 0.5386861
vt 0.2064925 0.5200000
vn -0.2872744 0.0226090 0.9575814
vn -0.2872744 0.0226090 0.9575814
vn -0.2872744 0.0226090 0.9575814
vn -0.2872744 0.0226090 0.9575814
f 5301/5301/5301 5302/5302/5302 5303/5303/5303
f 5301/5301/5301 5303/5303/5303 5304/5304/5304
v -0.2680000 0.0000000 0.7310000
v -0.2647005 -0.0419244 0.7310000
v -0.2350698 -0.0372314 0.7400000
v -0.2380000 0.0000000 0.7400000
vt 0.2300000 0.7300000
vt 0.0200000 0.7089585
vt 0.0435075 0.5200000
vt 0.2300000 0.5386861
vn -0.2872744 -0.0226090 0.9575814
vn -0.2872744 -0.0226090 0.9575814
vn -0.2872744 -0.0226090 0.9575814
vn -0.2872744 -0.0226090 0.9575814
f 5305/5305/5305 5306/5306/5306 5307/5307/5307
f 5305/5305/5305 5307/5307/5307 5308/5308/5308
v -0.2647005 -0.0419244 0.7310000
v -0.2548831 -0.0828166 0.7310000
v -0.2263515 -0.0735460 0.7400000
v -0.2350698 -0.0372314 0.7400000
vt 0.2083803 0.7300000
vt 0.0200000 0.6762401
vt 0.0627070 0.5200000
vt 0.2300000 0.5677420
vn -0.2802008 -0.0672703 0.9575814
vn -0.2802008 -0.0672703 0.9575814
vn -0.2802008 -0.0672703 0.9575814
vn -0.2802008 -0.0672703 0.9575814
f 5309/5309/5309 5310/5310/5310 5311/5311/5311
f 5309/5309/5309 5311/5311/5311 5312/5312/5312
v -0.2548831 -0.0828166 0.7310000
v -0.2387897 -0.1216695 0.7310000
v -0.2120596 -0.1080497 0.7400000
v -0.2263515 -0.0735460 0.7400000
vt 0.1895455 0.7300000
vt 0.0200000 0.6510806
vt 0.0794334 0.5200000
vt 0.2300000 0.5900852
vn -0.2662277 -0.1102751 0.9575814
vn -0.2662277 -0.1102751 0.9575814
vn -0.2662277 -0.1102751 0.9575814
vn -0.2662277 -0.1102751 0.9575814
f 5313/5313/5313 5314/5314/5314 5315/5315/5315
f 5313/5313/5313 5315/5315/5315 5316/5316/5316
v -0.2387897 -0.1216695 0.7310000
v -0.2168166 -0.1575264 0.7310000
v -0.1925460 -0.1398929 0.7400000
v -0.2120596 -0.1080497 0.7400000
vt 0.1721922 0.7300000
vt 0.0200000 0.6302162
vt 0.0948442 0.5200000
vt 0.2300000 0.6086139
vn -0.2456991 -0.1505646 0.9575814
vn -0.2456991 -0.1505646 0.9575814
vn -0.2456991 -0.1505646 0.9575814
vn -0.2456991 -0.1505646 0.9575814
f 5317/5317/5317 5318/5318/5318 5319/5319/5319
f 5317/5317/5317 5319/5319/5319 5320/5320/5320
v -0.2168166 -0.1575264 0.7310000
v -0.1895046 -0.1895046 0.7310000
v -0.1682914 -0.1682914 0.7400000
v -0.1925460 -0.1398929 0.7400000
vt 0.1553594 0.7300000
vt 0.0200000 0.6118034
vt 0.1097927 0.5200000
vt 0.2300000 0.6249656
vn -0.2191207 -0.1871467 0.9575814
vn -0.2191207 -0.1871467 0.9575814
vn -0.2191207 -0.1871467 0.9575814
vn -0.2191207 -0.1871467 0.9575814
f 5321/5321/5321 5322/5322/5322 5323/5323/5323
f 5321/5321/5321 5323/5323/5323 5324/5324/5324
v -0.1895046 -0.1895046 0.7310000
v -0.1575264 -0.2168166 0.7310000
v -0.1398929 -0.1925460 0.7400000
v -0.1682914 -0.1682914 0.7400000
vt 0.0200000 0.6118034
vt 0.1553594 0.7300000
vt 0.2300000 0.6249656
vt 0.1097927 0.5200000
vn -0.1871467 -0.2191207 0.9575814
vn -0.1871467 -0.2191207 0.9575814
vn -0.1871467 -0.2191207 0.9575814
vn -0.1871467 -0.2191207 0.9575814
f 5325/5325/5325 5326/5326/5326 5327/5327/5327
f 5325/5325/5325 5327/5327/5327 5328/5328/5328
v -0.1575264 -0.2168166 0.7310000
v -0.1216695 -0.2387897 0.7310000
v -0.1080497 -0.2120596 0.7400000
v -0.1398929 -0.1925460 0.7400000
vt 0.0200000 0.6302162
vt 0.1721922 0.7300000
vt 0.2300000 0.6086139
vt 0.0948442 0.5200000
vn -0.1505646 -0.2456991 0.9575814
vn -0.1505646 -0.2456991 0.9575814
vn -0.1505646 -0.2456991 0.9575814
vn -0.1505646 -0.2456991 0.9575814
f 5329/5329/5329 5330/5330/5330 5331/5331/5331
f 5329/5329/5329 5331/5331/5331 5332/5332/5332
v -0.1216695 -0.2387897 0.7310000
v -0.0828166 -0.2548831 0.7310000
v -0.0735460 -0.2263515 0.7400000
v -0.1080497 -0.2120596 0.7400000
vt 0.0200000 0.6510806
vt 0.1895455 0.7300000
vt 0.2300000 0.5900852
vt 0.0794334 0.5200000
vn -0.1102751 -0.2662277 0.9575814
vn -0.1102751 -0.2662277 0.9575814
vn -0.1102751 -0.2662277 0.9575814
vn -0.1102751 -0.2662277 0.9575814
f 5333/5333/5333 5334/5334/5334 5335/5335/5335
f 5333/5333/5333 5335/5335/5335 5336/5336/5336
v -0.0828166 -0.2548831 0.7310000
v -0.0419244 -0.2647005 0.7310000
v -0.0372314 -0.2350698 0.7400000
v -0.0735460 -0.2263515 0.7400000
vt 0.0200000 0.6762401
vt 0.2083803 0.7300000
vt 0.2300000 0.5677420
vt 0.0627070 0.5200000
vn -0.0672703 -0.2802008 0.9575814
vn -0.0672703 -0.2802008 0.9575814
vn -0.0672703 -0.2802008 0.9575814
vn -0.0672703 -0.2802008 0.9575814
f 5337/5337/5337 5338/5338/5338 5339/5339/5339
f 5337/5337/5337 5339/5339/5339 5340/5340/5340
v -0.0419244 -0.2647005 0.7310000
v -0.0000000 -0.2680000 0.7310000
v -0.0000000 -0.2380000 0.7400000
v -0.0372314 -0.2350698 0.7400000
vt 0.0200000 0.7089585
vt 0.2300000 0.7300000
vt 0.2300000 0.5386861
vt 0.0435075 0.5200000
vn -0.0226090 -0.2872744 0.9575814
vn -0.0226090 -0.2872744 0.9575814
vn -0.0226090 -0.2872744 0.9575814
vn -0.0226090 -0.2872744 0.9575814
f 5341/5341/5341 5342/5342/5342 5343/5343/5343
f 5341/5341/5341 5343/5343/5343 5344/5344/5344
v -0.0000000 -0.2680000 0.7310000
v 0.0419244 -0.2647005 0.7310000
v 0.0372314 -0.2350698 0.7400000
v -0.0000000 -0.2380000 0.7400000
vt 0.0200000 0.7300000
vt 0.2300000 0.7089585
vt 0.2064925 0.5200000
vt 0.0200000 0.5386861
vn 0.0226090 -0.2872744 0.9575814
vn 0.0226090 -0.2872744 0.9575814
vn 0.0226090 -0.2872744 0.9575814
vn 0.0226090 -0.2872744 0.9575814
f 5345/5345/5345 5346/5346/5346 5347/5347/5347
f 5345/5345/5345 5347/5347/5347 5348/5348/5348
v 0.0419244 -0.2647005 0.7310000
v 0.0828166 -0.2548831 0.7310000
v 0.0735460 -0.2263515 0.7400000
v 0.0372314 -0.2350698 0.7400000
vt 0.0416197 0.7300000
vt 0.2300000 0.6762401
vt 0.1872930 0.5200000
vt 0.0200000 0.5677420
vn 0.0672703 -0.2802008 0.9575814
vn 0.0672703 -0.2802008 0.9575814
vn 0.0672703 -0.2802008 0.9575814
vn 0.0672703 -0.2802008 0.9575814
f 5349/5349/5349 5350/5350/5350 5351/5351/5351
f 5349/5349/5349 5351/5351/5351 5352/5352/5352
v 0.0828166 -0.2548831 0.7310000
v 0.1216695 -0.2387897 0.7310000
v 0.1080497 -0.2120596 0.7400000
v 0.0735460 -0.2263515 0.7400000
vt 0.0604545 0.7300000
vt 0.2300000 0.6510806
vt 0.1705666 0.5200000
vt 0.0200000 0.5900852
vn 0.1102751 -0.2662277 0.9575814
vn 0.1102751 -0.2662277 0.9575814
vn 0.1102751 -0.2662277 0.9575814
vn 0.1102751 -0.2662277 0.9575814
f 5353/5353/5353 5354/5354/5354 5355/5355/5355
f 5353/5353/5353 5355/5355/5355 5356/5356/5356
v 0.1216695 -0.2387897 0.7310000
v 0.1575264 -0.2168166 0.7310000
v 0.1398929 -0.1925460 0.7400000
v 0.1080497 -0.2120596 0.7400000
vt 0.0778078 0.7300000
vt 0.2300000 0.6302162
vt 0.1551558 0.5200000
vt 0.0200000 0.6086139
vn 0.1505646 -0.2456991 0.9575814
vn 0.1505646 -0.2456991 0.9575814
vn 0.1505646 -0.2456991 0.9575814
vn 0.1505646 -0.2456991 0.9575814
f 5357/5357/5357 5358/5358/5358 5359/5359/5359
f 5357/5357/5357 5359/5359/5359 5360/5360/5360
v 0.1575264 -0.2168166 0.7310000
v 0.1895046 -0.1895046 0.7310000
v 0.1682914 -0.1682914 0.7400000
v 0.1398929 -0.1925460 0.7400000
vt 0.0946406 0.7300000
vt 0.2300000 0.6118034
vt 0.1402073 0.5200000
vt 0.0200000 0.6249656
vn 0.1871467 -0.2191207 0.9575814
vn 0.1871467 -0.2191207 0.9575814
vn 0.1871467 -0.2191207 0.9575814
vn 0.1871467 -0.2191207 0.9575814
f 5361/5361/5361 5362/5362/5362 5363/5363/5363
f 5361/5361/5361 5363/5363/5363 5364/5364/5364
v 0.1895046 -0.1895046 0.7310000
v 0.2168166 -0.1575264 0.7310000
v 0.1925460 -0.1398929 0.7400000
v 0.1682914 -0.1682914 0.7400000
vt 0.0200000 0.6381966
vt 0.1553594 0.5200000
vt 0.2300000 0.6250344
vt 0.1097927 0.7300000
vn 0.2191207 -0.1871467 0.9575814
vn 0.2191207 -0.1871467 0.9575814
vn 0.2191207 -0.1871467 0.9575814
vn 0.2191207 -0.1871467 0.9575814
f 5365/5365/5365 5366/5366/5366 5367/5367/5367
f 5365/5365/5365 5367/5367/5367 5368/5368/5368
v 0.2168166 -0.1575264 0.7310000
v 0.2387897 -0.1216695 0.7310000
v 0.2120596 -0.1080497 0.7400000
v 0.1925460 -0.1398929 0.7400000
vt 0.0200000 0.6197838
vt 0.1721922 0.5200000
vt 0.2300000 0.6413861
vt 0.0948442 0.7300000
vn 0.2456991 -0.1505646 0.9575814
vn 0.2456991 -0.1505646 0.9575814
vn 0.2456991 -0.1505646 0.9575814
vn 0.2456991 -0.1505646 0.9575814
f 5369/5369/5369 5370/5370/5370 5371/5371/5371
f 5369/5369/5369 5371/5371/5371 5372/5372/5372
v 0.2387897 -0.1216695 0.7310000
v 0.2548831 -0.0828166 0.7310000
v 0.2263515 -0.0735460 0.7400000
v 0.2120596 -0.1080497 0.7400000
vt 0.0200000 0.5989194
vt 0.1895455 0.5200000
vt 0.2300000 0.6599148
vt 0.0794334 0.7300000
vn 0.2662277 -0.1102751 0.9575814
vn 0.2662277 -0.1102751 0.9575814
vn 0.2662277 -0.1102751 0.9575814
vn 0.2662277 -0.1102751 0.9575814
f 5373/5373/5373 5374/5374/5374 5375/5375/5375
f 5373/5373/5373 5375/5375/5375 5376/5376/5376
v 0.2548831 -0.0828166 0.7310000
v 0.2647005 -0.0419244 0.7310000
v 0.2350698 -0.0372314 0.7400000
v 0.2263515 -0.0735460 0.7400000
vt 0.0200000 0.5737599
vt 0.2083803 0.5200000
vt 0.2300000 0.6822580
vt 0.0627070 0.7300000
vn 0.2802008 -0.0672703 0.9575814
vn 0.2802008 -0.0672703 0.9575814
vn 0.2802008 -0.0672703 0.9575814
vn 0.2802008 -0.0672703 0.9575814
f 5377/5377/5377 5378/5378/5378 5379/5379/5379
f 5377/5377/5377 5379/5379/5379 5380/5380/5380
v 0.2647005 -0.0419244 0.7310000
v 0.2680000 0.0000000 0.7310000
v 0.2380000 0.0000000 0.7400000
v 0.2350698 -0.0372314 0.7400000
vt 0.0200000 0.5410415
vt 0.2300000 0.5200000
vt 0.2300000 0.7113139
vt 0.0435075 0.7300000
vn 0.2872744 -0.0226090 0.9575814
vn 0.2872744 -0.0226090 0.9575814
vn 0.2872744 -0.0226090 0.9575814
vn 0.2872744 -0.0226090 0.9575814
f 5381/5381/5381 5382/5382/5382 5383/5383/5383
f 5381/5381/5381 5383/5383/5383 5384/5384/5384
v 0.2380000 0.0000000 0.7400000
v 0.2350698 0.0372314 0.7400000
v 0.1846977 0.0292532 0.7400000
v 0.1870000 0.0000000 0.7400000
vt 0.2300000 0.7300000
vt 0.2184557 0.5200000
vt 0.0200000 0.5650000
vt 0.0290705 0.7300000
vn 0.0000000 0.0000000 1.0000000
vn 0.0000000 0.0000000 1.0000000
vn 0.0000000 0.0000000 1.0000000
vn 0.0000000 0.0000000 1.0000000
f 5385/5385/5385 5386/5386/5386 5387/5387/5387
f 5385/5385/5385 5387/5387/5387 5388/5388/5388
v 0.2350698 0.0372314 0.7400000
v 0.2263515 0.0735460 0.7400000
v 0.1778476 0.0577862 0.7400000
v 0.1846977 0.0292532 0.7400000
vt 0.2300000 0.6921741
vt 0.1980044 0.5200000
vt 0.0200000 0.5947203
vt 0.0451394 0.7300000
vn 0.0000000 0.0000000 1.0000000
vn 0.0000000 0.0000000 1.0000000
vn 0.0000000 0.0000000 1.0000000
vn 0.0000000 0.0000000 1.0000000
f 5389/5389/5389 5390/5390/5390 5391/5391/5391
f 5389/5389/5389 5391/5391/5391 5392/5392/5392
v 0.2263515 0.0735460 0.7400000
v 0.2120596 0.1080497 0.7400000
v 0.1666182 0.0848962 0.7400000
v 0.1778476 0.0577862 0.7400000
vt 0.2300000 0.6641556
vt 0.1797550 0.5200000
vt 0.0200000 0.6167349
vt 0.0594782 0.7300000
vn 0.0000000 0.0000000 1.0000000
vn 0.0000000 0.0000000 1.0000000
vn 0.0000000 0.0000000 1.0000000
vn 0.0000000 0.0000000 1.0000000
f 5393/5393/5393 5394/5394/5394 5395/5395/5395
f 5393/5393/5393 5395/5395/5395 5396/5396/5396
v 0.2120596 0.1080497 0.7400000
v 0.1925460 0.1398929 0.7400000
v 0.1512862 0.1099158 0.7400000
v 0.1666182 0.0848962 0.7400000
vt 0.2300000 0.6415903
vt 0.1625718 0.5200000
vt 0.0200000 0.6344648
vt 0.0729793 0.7300000
vn 0.0000000 0.0000000 1.0000000
vn 0.0000000 0.0000000 1.0000000
vn 0.0000000 0.0000000 1.0000000
vn 0.0000000 0.0000000 1.0000000
f 5397/5397/5397 5398/5398/5398 5399/5399/5399
f 5397/5397/5397 5399/5399/5399 5400/5400/5400
v 0.1925460 0.1398929 0.7400000
v 0.1682914 0.1682914 0.7400000
v 0.1322290 0.1322290 0.7400000
v 0.1512862 0.1099158 0.7400000
vt 0.2300000 0.6221607
vt 0.1455551 0.5200000
vt 0.0200000 0.6497309
vt 0.0863496 0.7300000
vn 0.0000000 0.0000000 1.0000000
vn 0.0000000 0.0000000 1.0000000
vn 0.0000000 0.0000000 1.0000000
vn 0.0000000 0.0000000 1.0000000
f 5401/5401/5401 5402/5402/5402 5403/5403/5403
f 5401/5401/5401 5403/5403/5403 5404/5404/5404
v 0.1682914 0.1682914 0.7400000
v 0.1398929 0.1925460 0.7400000
v 0.1099158 0.1512862 0.7400000
v 0.1322290 0.1322290 0.7400000
vt 0.2300000 0.6044449
vt 0.1278393 0.5200000
vt 0.0200000 0.6636504
vt 0.1002691 0.7300000
vn 0.0000000 0.0000000 1.0000000
vn 0.0000000 0.0000000 1.0000000
vn 0.0000000 0.0000000 1.0000000
vn 0.0000000 0.0000000 1.0000000
f 5405/5405/5405 5406/5406/5406 5407/5407/5407
f 5405/5405/5405 5407/5407/5407 5408/5408/5408
v 0.1398929 0.1925460 0.7400000
v 0.1080497 0.2120596 0.7400000
v 0.0848962 0.1666182 0.7400000
v 0.1099158 0.1512862 0.7400000
vt 0.2300000 0.5874282
vt 0.1084097 0.5200000
vt 0.0200000 0.6770207
vt 0.1155352 0.7300000
vn 0.0000000 0.0000000 1.0000000
vn 0.0000000 0.0000000 1.0000000
vn 0.0000000 0.0000000 1.0000000
vn 0.0000000 0.0000000 1.0000000
f 5409/5409/5409 5410/5410/5410 5411/5411/5411
f 5409/5409/5409 5411/5411/5411 5412/5412/5412
v 0.1080497 0.2120596 0.7400000
v 0.0735460 0.2263515 0.7400000
v 0.0577862 0.1778476 0.7400000
v 0.0848962 0.1666182 0.7400000
vt 0.2300000 0.5702450
vt 0.0858444 0.5200000
vt 0.0200000 0.6905218
vt 0.1332651 0.7300000
vn 0.0000000 0.0000000 1.0000000
vn 0.0000000 0.0000000 1.0000000
vn 0.0000000 0.0000000 1.0000000
vn 0.0000000 0.0000000 1.0000000
f 5413/5413/5413 5414/5414/5414 5415/5415/5415
f 5413/5413/5413 5415/5415/5415 5416/5416/5416
v 0.0735460 0.2263515 0.7400000
v 0.0372314 0.2350698 0.7400000
v 0.0292532 0.1846977 0.7400000
v 0.0577862 0.1778476 0.7400000
vt 0.2300000 0.5519956
vt 0.0578259 0.5200000
vt 0.0200000 0.7048606
vt 0.1552797 0.7300000
vn 0.0000000 0.0000000 1.0000000
vn 0.0000000 0.0000000 1.0000000
vn 0.0000000 0.0000000 1.0000000
vn 0.0000000 0.0000000 1.0000000
f 5417/5417/5417 5418/5418/5418 5419/5419/5419
f 5417/5417/5417 5419/5419/5419 5420/5420/5420
v 0.0372314 0.2350698 0.7400000
v 0.0000000 0.2380000 0.7400000
v 0.0000000 0.1870000 0.7400000
v 0.0292532 0.1846977 0.7400000
vt 0.2300000 0.5315443
vt 0.0200000 0.5200000
vt 0.0200000 0.7209295
vt 0.1850000 0.7300000
vn 0.0000000 0.0000000 1.0000000
vn 0.0000000 0.0000000 1.0000000
vn 0.0000000 0.0000000 1.0000000
vn 0.0000000 0.0000000 1.0000000
f 5421/5421/5421 5422/5422/5422 5423/5423/5423
f 5421/5421/5421 5423/5423/5423 5424/5424/5424
v 0.0000000 0.2380000 0.7400000
v -0.0372314 0.2350698 0.7400000
v -0.0292532 0.1846977 0.7400000
v 0.0000000 0.1870000 0.7400000
vt 0.2300000 0.5200000
vt 0.0200000 0.5315443
vt 0.0650000 0.7300000
vt 0.2300000 0.7209295
vn 0.0000000 0.0000000 1.0000000
vn 0.0000000 0.0000000 1.0000000
vn 0.0000000 0.0000000 1.0000000
vn 0.0000000 0.0000000 1.0000000
f 5425/5425/5425 5426/5426/5426 5427/5427/5427
f 5425/5425/5425 5427/5427/5427 5428/5428/5428
v -0.0372314 0.2350698 0.7400000
v -0.0735460 0.2263515 0.7400000
v -0.0577862 0.1778476 0.7400000
v -0.0292532 0.1846977 0.7400000
vt 0.1921741 0.5200000
vt 0.0200000 0.5519956
vt 0.0947203 0.7300000
vt 0.2300000 0.7048606
vn 0.0000000 0.0000000 1.0000000
vn 0.0000000 0.0000000 1.0000000
vn 0.0000000 0.0000000 1.0000000
vn 0.0000000 0.0000000 1.0000000
f 5429/5429/5429 5430/5430/5430 5431/5431/5431
f 5429/5429/5429 5431/5431/5431 5432/5432/5432
v -0.0735460 0.2263515 0.7400000
v -0.1080497 0.2120596 0.7400000
v -0.0848962 0.1666182 0.7400000
v -0.0577862 0.1778476 0.7400000
vt 0.1641556 0.5200000
vt 0.0200000 0.5702450
vt 0.1167349 0.7300000
vt 0.2300000 0.6905218
vn 0.0000000 0.0000000 1.0000000
vn 0.0000000 0.0000000 1.0000000
vn 0.0000000 0.0000000 1.0000000
vn 0.0000000 0.0000000 1.0000000
f 5433/5433/5433 5434/5434/5434 5435/5435/5435
f 5433/5433/5433 5435/5435/5435 5436/5436/5436
v -0.1080497 0.2120596 0.7400000
v -0.1398929 0.1925460 0.7400000
v -0.1099158 0.1512862 0.7400000
v -0.0848962 0.1666182 0.7400000
vt 0.1415903 0.5200000
vt 0.0200000 0.5874282
vt 0.1344648 0.7300000
vt 0.2300000 0.6770207
vn 0.0000000 0.0000000 1.0000000
vn 0.0000000 0.0000000 1.0000000
vn 0.0000000 0.0000000 1.0000000
vn 0.0000000 0.0000000 1.0000000
f 5437/5437/5437 5438/5438/5438 5439/5439/5439
f 5437/5437/5437 5439/5439/5439 5440/5440/5440
v -0.1398929 0.1925460 0.7400000
v -0.1682914 0.1682914 0.7400000
v -0.1322290 0.1322290 0.7400000
v -0.1099158 0.1512862 0.7400000
vt 0.1221607 0.5200000
vt 0.0200000 0.6044449
vt 0.1497309 0.7300000
vt 0.2300000 0.6636504
vn 0.0000000 0.0000000 1.0000000
vn 0.0000000 0.0000000 1.0000000
vn 0.0000000 0.0000000 1.0000000
vn 0.0000000 0.0000000 1.0000000
f 5441/5441/5441 5442/5442/5442 5443/5443/5443
f 5441/5441/5441 5443/5443/5443 5444/5444/5444
v -0.1682914 0.1682914 0.7400000
v -0.1925460 0.1398929 0.7400000
v -0.1512862 0.1099158 0.7400000
v -0.1322290 0.1322290 0.7400000
vt 0.1044449 0.5200000
vt 0.0200000 0.6221607
vt 0.1636504 0.7300000
vt 0.2300000 0.6497309
vn 0.0000000 0.0000000 1.0000000
vn 0.0000000 0.0000000 1.0000000
vn 0.0000000 0.0000000 1.0000000
vn 0.0000000 0.0000000 1.0000000
f 5445/5445/5445 5446/5446/5446 5447/5447/5447
f 5445/5445/5445 5447/5447/5447 5448/5448/5448
v -0.1925460 0.1398929 0.7400000
v -0.2120596 0.1080497 0.7400000
v -0.1666182 0.0848962 0.7400000
v -0.1512862 0.1099158 0.7400000
vt 0.0874282 0.5200000
vt 0.0200000 0.6415903
vt 0.1770207 0.7300000
vt 0.2300000 0.6344648
vn 0.0000000 0.0000000 1.0000000
vn 0.0000000 0.0000000 1.0000000
vn 0.0000000 0.0000000 1.0000000
vn 0.0000000 0.0000000 1.0000000
f 5449/5449/5449 5450/5450/5450 5451/5451/5451
f 5449/5449/5449 5451/5451/5451 5452/5452/5452
v -0.2120596 0.1080497 0.7400000
v -0.2263515 0.0735460 0.7400000
v -0.1778476 0.0577862 0.7400000
v -0.1666182 0.0848962 0.7400000
vt 0.0702450 0.5200000
vt 0.0200000 0.6641556
vt 0.1905218 0.7300000
vt 0.2300000 0.6167349
vn 0.0000000 0.0000000 1.0000000
vn 0.0000000 0.0000000 1.0000000
vn 0.0000000 0.0000000 1.0000000
vn 0.0000000 0.0000000 1.0000000
f 5453/5453/5453 5454/5454/5454 5455/5455/5455
f 5453/5453/5453 5455/5455/5455 5456/5456/5456
v -0.2263515 0.0735460 0.7400000
v -0.2350698 0.0372314 0.7400000
v -0.1846977 0.0292532 0.7400000
v -0.1778476 0.0577862 0.7400000
vt 0.0519956 0.5200000
vt 0.0200000 0.6921741
vt 0.2048606 0.7300000
vt 0.2300000 0.5947203
vn 0.0000000 0.0000000 1.0000000
vn 0.0000000 0.0000000 1.0000000
vn 0.0000000 0.0000000 1.0000000
vn 0.0000000 0.0000000 1.0000000
f 5457/5457/5457 5458/5458/5458 5459/5459/5459
f 5457/5457/5457 5459/5459/5459 5460/5460/5460
v -0.2350698 0.0372314 0.7400000
v -0.2380000 0.0000000 0.7400000
v -0.1870000 0.0000000 0.7400000
v -0.1846977 0.0292532 0.7400000
vt 0.0315443 0.5200000
vt 0.0200000 0.7300000
vt 0.2209295 0.7300000
vt 0.2300000 0.5650000
vn 0.0000000 0.0000000 1.0000000
vn 0.0000000 0.0000000 1.0000000
vn 0.0000000 0.0000000 1.0000000
vn 0.0000000 0.0000000 1.0000000
f 5461/5461/5461 5462/5462/5462 5463/5463/5463
f 5461/5461/5461 5463/5463/5463 5464/5464/5464
v -0.2380000 0.0000000 0.7400000
v -0.2350698 -0.0372314 0.7400000
v -0.1846977 -0.0292532 0.7400000
v -0.1870000 0.0000000 0.7400000
vt 0.0200000 0.5200000
vt 0.0315443 0.7300000
vt 0.2300000 0.6850000
vt 0.2209295 0.5200000
vn 0.0000000 0.0000000 1.0000000
vn 0.0000000 0.0000000 1.0000000
vn 0.0000000 0.0000000 1.0000000
vn 0.0000000 0.0000000 1.0000000
f 5465/5465/5465 5466/5466/5466 5467/5467/5467
f 5465/5465/5465 5467/5467/5467 5468/5468/5468
v -0.2350698 -0.0372314 0.7400000
v -0.2263515 -0.0735460 0.7400000
v -0.1778476 -0.0577862 0.7400000
v -0.1846977 -0.0292532 0.7400000
vt 0.0200000 0.5578259
vt 0.0519956 0.7300000
vt 0.2300000 0.6552797
vt 0.2048606 0.5200000
vn 0.0000000 0.0000000 1.0000000
vn 0.0000000 0.0000000 1.0000000
vn 0.0000000 0.0000000 1.0000000
vn 0.0000000 0.0000000 1.0000000
f 5469/5469/5469 5470/5470/5470 5471/5471/5471
f 5469/5469/5469 5471/5471/5471 5472/5472/5472
v -0.2263515 -0.0735460 0.7400000
v -0.2120596 -0.1080497 0.7400000
v -0.1666182 -0.0848962 0.7400000
v -0.1778476 -0.0577862 0.7400000
vt 0.0200000 0.5858444
vt 0.0702450 0.7300000
vt 0.2300000 0.6332651
vt 0.1905218 0.5200000
vn 0.0000000 0.0000000 1.0000000
vn 0.0000000 0.0000000 1.0000000
vn 0.0000000 0.0000000 1.0000000
vn 0.0000000 0.0000000 1.0000000
f 5473/5473/5473 5474/5474/5474 5475/5475/5475
f 5473/5473/5473 5475/5475/5475 5476/5476/5476
v -0.2120596 -0.1080497 0.7400000
v -0.1925460 -0.1398929 0.7400000
v -0.1512862 -0.1099158 0.7400000
v -0.1666182 -0.0848962 0.7400000
vt 0.0200000 0.6084097
vt 0.0874282 0.7300000
vt 0.2300000 0.6155352
vt 0.1770207 0.5200000
vn 0.0000000 0.0000000 1.0000000
vn 0.0000000 0.0000000 1.0000000
vn 0.0000000 0.0000000 1.0000000
vn 0.0000000 0.0000000 1.0000000
f 5477/5477/5477 5478/5478/5478 5479/5479/5479
f 5477/5477/5477 5479/5479/5479 5480/5480/5480
v -0.1925460 -0.1398929 0.7400000
v -0.1682914 -0.1682914 0.7400000
v -0.1322290 -0.1322290 0.7400000
v -0.1512862 -0.1099158 0.7400000
vt 0.0200000 0.6278393
vt 0.1044449 0.7300000
vt 0.2300000 0.6002691
vt 0.1636504 0.5200000
vn -0.0000000 0.0000000 1.0000000
vn -0.0000000 0.0000000 1.0000000
vn -0.0000000 0.0000000 1.0000000
vn -0.0000000 0.0000000 1.0000000
f 5481/5481/5481 5482/5482/5482 5483/5483/5483
f 5481/5481/5481 5483/5483/5483 5484/5484/5484
v -0.1682914 -0.1682914 0.7400000
v -0.1398929 -0.1925460 0.7400000
v -0.1099158 -0.1512862 0.7400000
v -0.1322290 -0.1322290 0.7400000
vt 0.0200000 0.6455551
vt 0.1221607 0.7300000
vt 0.2300000 0.5863496
vt 0.1497309 0.5200000
vn -0.0000000 0.0000000 1.0000000
vn -0.0000000 0.0000000 1.0000000
vn -0.0000000 0.0000000 1.0000000
vn -0.0000000 0.0000000 1.0000000
f 5485/5485/5485 5486/5486/5486 5487/5487/5487
f 5485/5485/5485 5487/5487/5487 5488/5488/5488
v -0.1398929 -0.1925460 0.7400000
v -0.1080497 -0.2120596 0.7400000
v -0.0848962 -0.1666182 0.7400000
v -0.1099158 -0.1512862 0.7400000
vt 0.0200000 0.6625718
vt 0.1415903 0.7300000
vt 0.2300000 0.5729793
vt 0.1344648 0.5200000
vn -0.0000000 0.0000000 1.0000000
vn -0.0000000 0.0000000 1.0000000
vn -0.0000000 0.0000000 1.0000000
vn -0.0000000 0.0000000 1.0000000
f 5489/5489/5489 5490/5490/5490 5491/5491/5491
f 5489/5489/5489 5491/5491/5491 5492/5492/5492
v -0.1080497 -0.2120596 0.7400000
v -0.0735460 -0.2263515 0.7400000
v -0.0577862 -0.1778476 0.7400000
v -0.0848962 -0.1666182 0.7400000
vt 0.0200000 0.6797550
vt 0.1641556 0.7300000
vt 0.2300000 0.5594782
vt 0.1167349 0.5200000
vn -0.0000000 0.0000000 1.0000000
vn -0.0000000 0.0000000 1.0000000
vn -0.0000000 0.0000000 1.0000000
vn -0.0000000 0.0000000 1.0000000
f 5493/5493/5493 5494/5494/5494 5495/5495/5495
f 5493/5493/5493 5495/5495/5495 5496/5496/5496
v -0.0735460 -0.2263515 0.7400000
v -0.0372314 -0.2350698 0.7400000
v -0.0292532 -0.1846977 0.7400000
v -0.0577862 -0.1778476 0.7400000
vt 0.0200000 0.6980044
vt 0.1921741 0.7300000
vt 0.2300000 0.5451394
vt 0.0947203 0.5200000
vn -0.0000000 0.0000000 1.0000000
vn -0.0000000 0.0000000 1.0000000
vn -0.0000000 0.0000000 1.0000000
vn -0.0000000 0.0000000 1.0000000
f 5497/5497/5497 5498/5498/5498 5499/5499/5499
f 5497/5497/5497 5499/5499/5499 5500/5500/5500
v -0.0372314 -0.2350698 0.7400000
v -0.0000000 -0.2380000 0.7400000
v -0.0000000 -0.1870000 0.7400000
v -0.0292532 -0.1846977 0.7400000
vt 0.0200000 0.7184557
vt 0.2300000 0.7300000
vt 0.2300000 0.5290705
vt 0.0650000 0.5200000
vn -0.0000000 0.0000000 1.0000000
vn -0.0000000 0.0000000 1.0000000
vn -0.0000000 0.0000000 1.0000000
vn -0.0000000 0.0000000 1.0000000
f 5501/5501/5501 5502/5502/5502 5503/5503/5503
f 5501/5501/5501 5503/5503/5503 5504/5504/5504
v -0.0000000 -0.2380000 0.7400000
v 0.0372314 -0.2350698 0.7400000
v 0.0292532 -0.1846977 0.7400000
v -0.0000000 -0.1870000 0.7400000
vt 0.0200000 0.7300000
vt 0.2300000 0.7184557
vt 0.1850000 0.5200000
vt 0.0200000 0.5290705
vn 0.0000000 0.0000000 1.0000000
vn 0.0000000 0.0000000 1.0000000
vn 0.0000000 0.0000000 1.0000000
vn 0.0000000 0.0000000 1.0000000
f 5505/5505/5505 5506/5506/5506 5507/5507/5507
f 5505/5505/5505 5507/5507/5507 5508/5508/5508
v 0.0372314 -0.2350698 0.7400000
v 0.0735460 -0.2263515 0.7400000
v 0.0577862 -0.1778476 0.7400000
v 0.0292532 -0.1846977 0.7400000
vt 0.0578259 0.7300000
vt 0.2300000 0.6980044
vt 0.1552797 0.5200000
vt 0.0200000 0.5451394
vn 0.0000000 0.0000000 1.0000000
vn 0.0000000 0.0000000 1.0000000
vn 0.0000000 0.0000000 1.0000000
vn 0.0000000 0.0000000 1.0000000
f 5509/5509/5509 5510/5510/5510 5511/5511/5511
f 5509/5509/5509 5511/5511/5511 5512/5512/5512
v 0.0735460 -0.2263515 0.7400000
v 0.1080497 -0.2120596 0.7400000
v 0.0848962 -0.1666182 0.7400000
v 0.0577862 -0.1778476 0.7400000
vt 0.0858444 0.7300000
vt 0.2300000 0.6797550
vt 0.1332651 0.5200000
vt 0.0200000 0.5594782
vn 0.0000000 0.0000000 1.0000000
vn 0.0000000 0.0000000 1.0000000
vn 0.0000000 0.0000000 1.0000000
vn 0.0000000 0.0000000 1.0000000
f 5513/5513/5513 5514/5514/5514 5515/5515/5515
f 5513/5513/5513 5515/5515/5515 5516/5516/5516
v 0.1080497 -0.2120596 0.7400000
v 0.1398929 -0.1925460 0.7400000
v 0.1099158 -0.1512862 0.7400000
v 0.0848962 -0.1666182 0.7400000
vt 0.1084097 0.7300000
vt 0.2300000 0.6625718
vt 0.1155352 0.5200000
vt 0.0200000 0.5729793
vn 0.0000000 0.0000000 1.0000000
vn 0.0000000 0.0000000 1.0000000
vn 0.0000000 0.0000000 1.0000000
vn 0.0000000 0.0000000 1.0000000
f 5517/5517/5517 5518/5518/5518 5519/5519/5519
f 5517/5517/5517 5519/5519/5519 5520/5520/5520
v 0.1398929 -0.1925460 0.7400000
v 0.1682914 -0.1682914 0.7400000
v 0.1322290 -0.1322290 0.7400000
v 0.1099158 -0.1512862 0.7400000
vt 0.1278393 0.7300000
vt 0.2300000 0.6455551
vt 0.1002691 0.5200000
vt 0.0200000 0.5863496
vn 0.0000000 -0.0000000 1.0000000
vn 0.0000000 -0.0000000 1.0000000
vn 0.0000000 -0.0000000 1.0000000
vn 0.0000000 -0.0000000 1.0000000
f 5521/5521/5521 5522/5522/5522 5523/5523/5523
f 5521/5521/5521 5523/5523/5523 5524/5524/5524
v 0.1682914 -0.1682914 0.7400000
v 0.1925460 -0.1398929 0.7400000
v 0.1512862 -0.1099158 0.7400000
v 0.1322290 -0.1322290 0.7400000
vt 0.1455551 0.7300000
vt 0.2300000 0.6278393
vt 0.0863496 0.5200000
vt 0.0200000 0.6002691
vn 0.0000000 -0.0000000 1.0000000
vn 0.0000000 -0.0000000 1.0000000
vn 0.0000000 -0.0000000 1.0000000
vn 0.0000000 -0.0000000 1.0000000
f 5525/5525/5525 5526/5526/5526 5527/5527/5527
f 5525/5525/5525 5527/5527/5527 5528/5528/5528
v 0.1925460 -0.1398929 0.7400000
v 0.2120596 -0.1080497 0.7400000
v 0.1666182 -0.0848962 0.7400000
v 0.1512862 -0.1099158 0.7400000
vt 0.1625718 0.7300000
vt 0.2300000 0.6084097
vt 0.0729793 0.5200000
vt 0.0200000 0.6155352
vn 0.0000000 -0.0000000 1.0000000
vn 0.0000000 -0.0000000 1.0000000
vn 0.0000000 -0.0000000 1.0000000
vn 0.0000000 -0.0000000 1.0000000
f 5529/5529/5529 5530/5530/5530 5531/5531/5531
f 5529/5529/5529 5531/5531/5531 5532/5532/5532
v 0.2120596 -0.1080497 0.7400000
v 0.2263515 -0.0735460 0.7400000
v 0.1778476 -0.0577862 0.7400000
v 0.1666182 -0.0848962 0.7400000
vt 0.1797550 0.7300000
vt 0.2300000 0.5858444
vt 0.0594782 0.5200000
vt 0.0200000 0.6332651
vn 0.0000000 -0.0000000 1.0000000
vn 0.0000000 -0.0000000 1.0000000
vn 0.0000000 -0.0000000 1.0000000
vn 0.0000000 -0.0000000 1.0000000
f 5533/5533/5533 5534/5534/5534 5535/5535/5535
f 5533/5533/5533 5535/5535/5535 5536/5536/5536
v 0.2263515 -0.0735460 0.7400000
v 0.2350698 -0.0372314 0.7400000
v 0.1846977 -0.0292532 0.7400000
v 0.1778476 -0.0577862 0.7400000
vt 0.1980044 0.7300000
vt 0.2300000 0.5578259
vt 0.0451394 0.5200000
vt 0.0200000 0.6552797
vn 0.0000000 -0.0000000 1.0000000
vn 0.0000000 -0.0000000 1.0000000
vn 0.0000000 -0.0000000 1.0000000
vn 0.0000000 -0.0000000 1.0000000
f 5537/5537/5537 5538/5538/5538 5539/5539/5539
f 5537/5537/5537 5539/5539/5539 5540/5540/5540
v 0.2350698 -0.0372314 0.7400000
v 0.2380000 0.0000000 0.7400000
v 0.1870000 0.0000000 0.7400000
v 0.1846977 -0.0292532 0.7400000
vt 0.2184557 0.7300000
vt 0.2300000 0.5200000
vt 0.0290705 0.5200000
vt 0.0200000 0.6850000
vn 0.0000000 -0.0000000 1.0000000
vn 0.0000000 -0.0000000 1.0000000
vn 0.0000000 -0.0000000 1.0000000
vn 0.0000000 -0.0000000 1.0000000
f 5541/5541/5541 5542/5542/5542 5543/5543/5543
f 5541/5541/5541 5543/5543/5543 5544/5544/5544
v 0.1870000 0.0000000 0.7400000
v 0.1846977 0.0292532 0.7400000
v 0.1777839 0.0281582 0.7200000
v 0.1800000 0.0000000 0.7200000
vt 0.0200000 0.5200000
vt 0.2300000 0.5200000
vt 0.2221390 0.7300000
vt 0.0200000 0.7300000
vn -0.9412650 -0.0740792 0.3294427
vn -0.9412650 -0.0740792 0.3294427
vn -0.9412650 -0.0740792 0.3294427
vn -0.9412650 -0.0740792 0.3294427
f 5545/5545/5545 5546/5546/5546 5547/5547/5547
f 5545/5545/5545 5547/5547/5547 5548/5548/5548
v 0.1846977 0.0292532 0.7400000
v 0.1778476 0.0577862 0.7400000
v 0.1711902 0.0556231 0.7200000
v 0.1777839 0.0281582 0.7200000
vt 0.0277615 0.5200000
vt 0.2300000 0.5200000
vt 0.2146680 0.7300000
vt 0.0200000 0.7300000
vn -0.9180879 -0.2204134 0.3294427
vn -0.9180879 -0.2204134 0.3294427
vn -0.9180879 -0.2204134 0.3294427
vn -0.9180879 -0.2204134 0.3294427
f 5549/5549/5549 5550/5550/5550 5551/5551/5551
f 5549/5549/5549 5551/5551/5551 5552/5552/5552
v 0.1778476 0.0577862 0.7400000
v 0.1666182 0.0848962 0.7400000
v 0.1603812 0.0817183 0.7200000
v 0.1711902 0.0556231 0.7200000
vt 0.2300000 0.7144822
vt 0.2300000 0.5200000
vt 0.0200000 0.5427979
vt 0.0200000 0.7300000
vn -0.8723045 -0.3613203 0.3294427
vn -0.8723045 -0.3613203 0.3294427
vn -0.8723045 -0.3613203 0.3294427
vn -0.8723045 -0.3613203 0.3294427
f 5553/5553/5553 5554/5554/5554 5555/5555/5555
f 5553/5553/5553 5555/5555/5555 5556/5556/5556
v 0.1666182 0.0848962 0.7400000
v 0.1512862 0.1099158 0.7400000
v 0.1456231 0.1058013 0.7200000
v 0.1603812 0.0817183 0.7200000
vt 0.2300000 0.7063325
vt 0.2300000 0.5200000
vt 0.0200000 0.5506425
vt 0.0200000 0.7300000
vn -0.8050420 -0.4933304 0.3294427
vn -0.8050420 -0.4933304 0.3294427
vn -0.8050420 -0.4933304 0.3294427
vn -0.8050420 -0.4933304 0.3294427
f 5557/5557/5557 5558/5558/5558 5559/5559/5559
f 5557/5557/5557 5559/5559/5559 5560/5560/5560
v 0.1512862 0.1099158 0.7400000
v 0.1322290 0.1322290 0.7400000
v 0.1272792 0.1272792 0.7200000
v 0.1456231 0.1058013 0.7200000
vt 0.2300000 0.6973053
vt 0.2300000 0.5200000
vt 0.0200000 0.5593318
vt 0.0200000 0.7300000
vn -0.7179567 -0.6131930 0.3294427
vn -0.7179567 -0.6131930 0.3294427
vn -0.7179567 -0.6131930 0.3294427
vn -0.7179567 -0.6131930 0.3294427
f 5561/5561/5561 5562/5562/5562 5563/5563/5563
f 5561/5561/5561 5563/5563/5563 5564/5564/5564
v 0.1322290 0.1322290 0.7400000
v 0.1099158 0.1512862 0.7400000
v 0.1058013 0.1456231 0.7200000
v 0.1272792 0.1272792 0.7200000
vt 0.2300000 0.5200000
vt 0.2300000 0.6973053
vt 0.0200000 0.7300000
vt 0.0200000 0.5593318
vn -0.6131930 -0.7179567 0.3294427
vn -0.6131930 -0.7179567 0.3294427
vn -0.6131930 -0.7179567 0.3294427
vn -0.6131930 -0.7179567 0.3294427
f 5565/5565/5565 5566/5566/5566 5567/5567/5567
f 5565/5565/5565 5567/5567/5567 5568/5568/5568
v 0.1099158 0.1512862 0.7400000
v 0.0848962 0.1666182 0.7400000
v 0.0817183 0.1603812 0.7200000
v 0.1058013 0.1456231 0.7200000
vt 0.2300000 0.5200000
vt 0.2300000 0.7063325
vt 0.0200000 0.7300000
vt 0.0200000 0.5506425
vn -0.4933304 -0.8050420 0.3294427
vn -0.4933304 -0.8050420 0.3294427
vn -0.4933304 -0.8050420 0.3294427
vn -0.4933304 -0.8050420 0.3294427
f 5569/5569/5569 5570/5570/5570 5571/5571/5571
f 5569/5569/5569 5571/5571/5571 5572/5572/5572
v 0.0848962 0.1666182 0.7400000
v 0.0577862 0.1778476 0.7400000
v 0.0556231 0.1711902 0.7200000
v 0.0817183 0.1603812 0.7200000
vt 0.2300000 0.5200000
vt 0.2300000 0.7144822
vt 0.0200000 0.7300000
vt 0.0200000 0.5427979
vn -0.3613203 -0.8723045 0.3294427
vn -0.3613203 -0.8723045 0.3294427
vn -0.3613203 -0.8723045 0.3294427
vn -0.3613203 -0.8723045 0.3294427
f 5573/5573/5573 5574/5574/5574 5575/5575/5575
f 5573/5573/5573 5575/5575/5575 5576/5576/5576
v 0.0577862 0.1778476 0.7400000
v 0.0292532 0.1846977 0.7400000
v 0.0281582 0.1777839 0.7200000
v 0.0556231 0.1711902 0.7200000
vt 0.2300000 0.5200000
vt 0.0277615 0.5200000
vt 0.0200000 0.7300000
vt 0.2146680 0.7300000
vn -0.2204134 -0.9180879 0.3294427
vn -0.2204134 -0.9180879 0.3294427
vn -0.2204134 -0.9180879 0.3294427
vn -0.2204134 -0.9180879 0.3294427
f 5577/5577/5577 5578/5578/5578 5579/5579/5579
f 5577/5577/5577 5579/5579/5579 5580/5580/5580
v 0.0292532 0.1846977 0.7400000
v 0.0000000 0.1870000 0.7400000
v 0.0000000 0.1800000 0.7200000
v 0.0281582 0.1777839 0.7200000
vt 0.2300000 0.5200000
vt 0.0200000 0.5200000
vt 0.0200000 0.7300000
vt 0.2221390 0.7300000
vn -0.0740792 -0.9412650 0.3294427
vn -0.0740792 -0.9412650 0.3294427
vn -0.0740792 -0.9412650 0.3294427
vn -0.0740792 -0.9412650 0.3294427
f 5581/5581/5581 5582/5582/5582 5583/5583/5583
f 5581/5581/5581 5583/5583/5583 5584/5584/5584
v 0.0000000 0.1870000 0.7400000
v -0.0292532 0.1846977 0.7400000
v -0.0281582 0.1777839 0.7200000
v 0.0000000 0.1800000 0.7200000
vt 0.2300000 0.5200000
vt 0.0200000 0.5200000
vt 0.0278610 0.7300000
vt 0.2300000 0.7300000
vn 0.0740792 -0.9412650 0.3294427
vn 0.0740792 -0.9412650 0.3294427
vn 0.0740792 -0.9412650 0.3294427
vn 0.0740792 -0.9412650 0.3294427
f 5585/5585/5585 5586/5586/5586 5587/5587/5587
f 5585/5585/5585 5587/5587/5587 5588/5588/5588
v -0.0292532 0.1846977 0.7400000
v -0.0577862 0.1778476 0.7400000
v -0.0556231 0.1711902 0.7200000
v -0.0281582 0.1777839 0.7200000
vt 0.2222385 0.5200000
vt 0.0200000 0.5200000
vt 0.0353320 0.7300000
vt 0.2300000 0.7300000
vn 0.2204134 -0.9180879 0.3294427
vn 0.2204134 -0.9180879 0.3294427
vn 0.2204134 -0.9180879 0.3294427
vn 0.2204134 -0.9180879 0.3294427
f 5589/5589/5589 5590/5590/5590 5591/5591/5591
f 5589/5589/5589 5591/5591/5591 5592/5592/5592
v -0.0577862 0.1778476 0.7400000
v -0.0848962 0.1666182 0.7400000
v -0.0817183 0.1603812 0.7200000
v -0.0556231 0.1711902 0.7200000
vt 0.2300000 0.5355178
vt 0.2300000 0.7300000
vt 0.0200000 0.7072021
vt 0.0200000 0.5200000
vn 0.3613203 -0.8723045 0.3294427
vn 0.3613203 -0.8723045 0.3294427
vn 0.3613203 -0.8723045 0.3294427
vn 0.3613203 -0.8723045 0.3294427
f 5593/5593/5593 5594/5594/5594 5595/5595/5595
f 5593/5593/5593 5595/5595/5595 5596/5596/5596
v -0.0848962 0.1666182 0.7400000
v -0.1099158 0.1512862 0.7400000
v -0.1058013 0.1456231 0.7200000
v -0.0817183 0.1603812 0.7200000
vt 0.2300000 0.5436675
vt 0.2300000 0.7300000
vt 0.0200000 0.6993575
vt 0.0200000 0.5200000
vn 0.4933304 -0.8050420 0.3294427
vn 0.4933304 -0.8050420 0.3294427
vn 0.4933304 -0.8050420 0.3294427
vn 0.4933304 -0.8050420 0.3294427
f 5597/5597/5597 5598/5598/5598 5599/5599/5599
f 5597/5597/5597 5599/5599/5599 5600/5600/5600
v -0.1099158 0.1512862 0.7400000
v -0.1322290 0.1322290 0.7400000
v -0.1272792 0.1272792 0.7200000
v -0.1058013 0.1456231 0.7200000
vt 0.2300000 0.5526947
vt 0.2300000 0.7300000
vt 0.0200000 0.6906682
vt 0.0200000 0.5200000
vn 0.6131930 -0.7179567 0.3294427
vn 0.6131930 -0.7179567 0.3294427
vn 0.6131930 -0.7179567 0.3294427
vn 0.6131930 -0.7179567 0.3294427
f 5601/5601/5601 5602/5602/5602 5603/5603/5603
f 5601/5601/5601 5603/5603/5603 5604/5604/5604
v -0.1322290 0.1322290 0.7400000
v -0.1512862 0.1099158 0.7400000
v -0.1456231 0.1058013 0.7200000
v -0.1272792 0.1272792 0.7200000
vt 0.2300000 0.5200000
vt 0.2300000 0.6973053
vt 0.0200000 0.7300000
vt 0.0200000 0.5593318
vn 0.7179567 -0.6131930 0.3294427
vn 0.7179567 -0.6131930 0.3294427
vn 0.7179567 -0.6131930 0.3294427
vn 0.7179567 -0.6131930 0.3294427
f 5605/5605/5605 5606/5606/5606 5607/5607/5607
f 5605/5605/5605 5607/5607/5607 5608/5608/5608
v -0.1512862 0.1099158 0.7400000
v -0.1666182 0.0848962 0.7400000
v -0.1603812 0.0817183 0.7200000
v -0.1456231 0.1058013 0.7200000
vt 0.2300000 0.5200000
vt 0.2300000 0.7063325
vt 0.0200000 0.7300000
vt 0.0200000 0.5506425
vn 0.8050420 -0.4933304 0.3294427
vn 0.8050420 -0.4933304 0.3294427
vn 0.8050420 -0.4933304 0.3294427
vn 0.8050420 -0.4933304 0.3294427
f 5609/5609/5609 5610/5610/5610 5611/5611/5611
f 5609/5609/5609 5611/5611/5611 5612/5612/5612
v -0.1666182 0.0848962 0.7400000
v -0.1778476 0.0577862 0.7400000
v -0.1711902 0.0556231 0.7200000
v -0.1603812 0.0817183 0.7200000
vt 0.2300000 0.5200000
vt 0.2300000 0.7144822
vt 0.0200000 0.7300000
vt 0.0200000 0.5427979
vn 0.8723045 -0.3613203 0.3294427
vn 0.8723045 -0.3613203 0.3294427
vn 0.8723045 -0.3613203 0.3294427
vn 0.8723045 -0.3613203 0.3294427
f 5613/5613/5613 5614/5614/5614 5615/5615/5615
f 5613/5613/5613 5615/5615/5615 5616/5616/5616
v -0.1778476 0.0577862 0.7400000
v -0.1846977 0.0292532 0.7400000
v -0.1777839 0.0281582 0.7200000
v -0.1711902 0.0556231 0.7200000
vt 0.2300000 0.5200000
vt 0.0277615 0.5200000
vt 0.0200000 0.7300000
vt 0.2146680 0.7300000
vn 0.9180879 -0.2204134 0.3294427
vn 0.9180879 -0.2204134 0.3294427
vn 0.9180879 -0.2204134 0.3294427
vn 0.9180879 -0.2204134 0.3294427
f 5617/5617/5617 5618/5618/5618 5619/5619/5619
f 5617/5617/5617 5619/5619/5619 5620/5620/5620
v -0.1846977 0.0292532 0.7400000
v -0.1870000 0.0000000 0.7400000
v -0.1800000 0.0000000 0.7200000
v -0.1777839 0.0281582 0.7200000
vt 0.2300000 0.5200000
vt 0.0200000 0.5200000
vt 0.0200000 0.7300000
vt 0.2221390 0.7300000
vn 0.9412650 -0.0740792 0.3294427
vn 0.9412650 -0.0740792 0.3294427
vn 0.9412650 -0.0740792 0.3294427
vn 0.9412650 -0.0740792 0.3294427
f 5621/5621/5621 5622/5622/5622 5623/5623/5623
f 5621/5621/5621 5623/5623/5623 5624/5624/5624
v -0.1870000 0.0000000 0.7400000
v -0.1846977 -0.0292532 0.7400000
v -0.1777839 -0.0281582 0.7200000
v -0.1800000 0.0000000 0.7200000
vt 0.2300000 0.5200000
vt 0.0200000 0.5200000
vt 0.0278610 0.7300000
vt 0.2300000 0.7300000
vn 0.9412650 0.0740792 0.3294427
vn 0.9412650 0.0740792 0.3294427
vn 0.9412650 0.0740792 0.3294427
vn 0.9412650 0.0740792 0.3294427
f 5625/5625/5625 5626/5626/5626 5627/5627/5627
f 5625/5625/5625 5627/5627/5627 5628/5628/5628
v -0.1846977 -0.0292532 0.7400000
v -0.1778476 -0.0577862 0.7400000
v -0.1711902 -0.0556231 0.7200000
v -0.1777839 -0.0281582 0.7200000
vt 0.2222385 0.5200000
vt 0.0200000 0.5200000
vt 0.0353320 0.7300000
vt 0.2300000 0.7300000
vn 0.9180879 0.2204134 0.3294427
vn 0.9180879 0.2204134 0.3294427
vn 0.9180879 0.2204134 0.3294427
vn 0.9180879 0.2204134 0.3294427
f 5629/5629/5629 5630/5630/5630 5631/5631/5631
f 5629/5629/5629 5631/5631/5631 5632/5632/5632
v -0.1778476 -0.0577862 0.7400000
v -0.1666182 -0.0848962 0.7400000
v -0.1603812 -0.0817183 0.7200000
v -0.1711902 -0.0556231 0.7200000
vt 0.2300000 0.5355178
vt 0.2300000 0.7300000
vt 0.0200000 0.7072021
vt 0.0200000 0.5200000
vn 0.8723045 0.3613203 0.3294427
vn 0.8723045 0.3613203 0.3294427
vn 0.8723045 0.3613203 0.3294427
vn 0.8723045 0.3613203 0.3294427
f 5633/5633/5633 5634/5634/5634 5635/5635/5635
f 5633/5633/5633 5635/5635/5635 5636/5636/5636
v -0.1666182 -0.0848962 0.7400000
v -0.1512862 -0.1099158 0.7400000
v -0.1456231 -0.1058013 0.7200000
v -0.1603812 -0.0817183 0.7200000
vt 0.2300000 0.5436675
vt 0.2300000 0.7300000
vt 0.0200000 0.6993575
vt 0.0200000 0.5200000
vn 0.8050420 0.4933304 0.3294427
vn 0.8050420 0.4933304 0.3294427
vn 0.8050420 0.4933304 0.3294427
vn 0.8050420 0.4933304 0.3294427
f 5637/5637/5637 5638/5638/5638 5639/5639/5639
f 5637/5637/5637 5639/5639/5639 5640/5640/5640
v -0.1512862 -0.1099158 0.7400000
v -0.1322290 -0.1322290 0.7400000
v -0.1272792 -0.1272792 0.7200000
v -0.1456231 -0.1058013 0.7200000
vt 0.2300000 0.5526947
vt 0.2300000 0.7300000
vt 0.0200000 0.6906682
vt 0.0200000 0.5200000
vn 0.7179567 0.6131930 0.3294427
vn 0.7179567 0.6131930 0.3294427
vn 0.7179567 0.6131930 0.3294427
vn 0.7179567 0.6131930 0.3294427
f 5641/5641/5641 5642/5642/5642 5643/5643/5643
f 5641/5641/5641 5643/5643/5643 5644/5644/5644
v -0.1322290 -0.1322290 0.7400000
v -0.1099158 -0.1512862 0.7400000
v -0.1058013 -0.1456231 0.7200000
v -0.1272792 -0.1272792 0.7200000
vt 0.2300000 0.7300000
vt 0.2300000 0.5526947
vt 0.0200000 0.5200000
vt 0.0200000 0.6906682
vn 0.6131930 0.7179567 0.3294427
vn 0.6131930 0.7179567 0.3294427
vn 0.6131930 0.7179567 0.3294427
vn 0.6131930 0.7179567 0.3294427
f 5645/5645/5645 5646/5646/5646 5647/5647/5647
f 5645/5645/5645 5647/5647/5647 5648/5648/5648
v -0.1099158 -0.1512862 0.7400000
v -0.0848962 -0.1666182 0.7400000
v -0.0817183 -0.1603812 0.7200000
v -0.1058013 -0.1456231 0.7200000
vt 0.2300000 0.7300000
vt 0.2300000 0.5436675
vt 0.0200000 0.5200000
vt 0.0200000 0.6993575
vn 0.4933304 0.8050420 0.3294427
vn 0.4933304 0.8050420 0.3294427
vn 0.4933304 0.8050420 0.3294427
vn 0.4933304 0.8050420 0.3294427
f 5649/5649/5649 5650/5650/5650 5651/5651/5651
f 5649/5649/5649 5651/5651/5651 5652/5652/5652
v -0.0848962 -0.1666182 0.7400000
v -0.0577862 -0.1778476 0.7400000
v -0.0556231 -0.1711902 0.7200000
v -0.0817183 -0.1603812 0.7200000
vt 0.2300000 0.7300000
vt 0.2300000 0.5355178
vt 0.0200000 0.5200000
vt 0.0200000 0.7072021
vn 0.3613203 0.8723045 0.3294427
vn 0.3613203 0.8723045 0.3294427
vn 0.3613203 0.8723045 0.3294427
vn 0.3613203 0.8723045 0.3294427
f 5653/5653/5653 5654/5654/5654 5655/5655/5655
f 5653/5653/5653 5655/5655/5655 5656/5656/5656
v -0.0577862 -0.1778476 0.7400000
v -0.0292532 -0.1846977 0.7400000
v -0.0281582 -0.1777839 0.7200000
v -0.0556231 -0.1711902 0.7200000
vt 0.0200000 0.5200000
vt 0.2222385 0.5200000
vt 0.2300000 0.7300000
vt 0.0353320 0.7300000
vn 0.2204134 0.9180879 0.3294427
vn 0.2204134 0.9180879 0.3294427
vn 0.2204134 0.9180879 0.3294427
vn 0.2204134 0.9180879 0.3294427
f 5657/5657/5657 5658/5658/5658 5659/5659/5659
f 5657/5657/5657 5659/5659/5659 5660/5660/5660
v -0.0292532 -0.1846977 0.7400000
v -0.0000000 -0.1870000 0.7400000
v -0.0000000 -0.1800000 0.7200000
v -0.0281582 -0.1777839 0.7200000
vt 0.0200000 0.5200000
vt 0.2300000 0.5200000
vt 0.2300000 0.7300000
vt 0.0278610 0.7300000
vn 0.0740792 0.9412650 0.3294427
vn 0.0740792 0.9412650 0.3294427
vn 0.0740792 0.9412650 0.3294427
vn 0.0740792 0.9412650 0.3294427
f 5661/5661/5661 5662/5662/5662 5663/5663/5663
f 5661/5661/5661 5663/5663/5663 5664/5664/5664
v -0.0000000 -0.1870000 0.7400000
v 0.0292532 -0.1846977 0.7400000
v 0.0281582 -0.1777839 0.7200000
v -0.0000000 -0.1800000 0.7200000
vt 0.0200000 0.5200000
vt 0.2300000 0.5200000
vt 0.2221390 0.7300000
vt 0.0200000 0.7300000
vn -0.0740792 0.9412650 0.3294427
vn -0.0740792 0.9412650 0.3294427
vn -0.0740792 0.9412650 0.3294427
vn -0.0740792 0.9412650 0.3294427
f 5665/5665/5665 5666/5666/5666 5667/5667/5667
f 5665/5665/5665 5667/5667/5667 5668/5668/5668
v 0.0292532 -0.1846977 0.7400000
v 0.0577862 -0.1778476 0.7400000
v 0.0556231 -0.1711902 0.7200000
v 0.0281582 -0.1777839 0.7200000
vt 0.0277615 0.5200000
vt 0.2300000 0.5200000
vt 0.2146680 0.7300000
vt 0.0200000 0.7300000
vn -0.2204134 0.9180879 0.3294427
vn -0.2204134 0.9180879 0.3294427
vn -0.2204134 0.9180879 0.3294427
vn -0.2204134 0.9180879 0.3294427
f 5669/5669/5669 5670/5670/5670 5671/5671/5671
f 5669/5669/5669 5671/5671/5671 5672/5672/5672
v 0.0577862 -0.1778476 0.7400000
v 0.0848962 -0.1666182 0.7400000
v 0.0817183 -0.1603812 0.7200000
v 0.0556231 -0.1711902 0.7200000
vt 0.2300000 0.7144822
vt 0.2300000 0.5200000
vt 0.0200000 0.5427979
vt 0.0200000 0.7300000
vn -0.3613203 0.8723045 0.3294427
vn -0.3613203 0.8723045 0.3294427
vn -0.3613203 0.8723045 0.3294427
vn -0.3613203 0.8723045 0.3294427
f 5673/5673/5673 5674/5674/5674 5675/5675/5675
f 5673/5673/5673 5675/5675/5675 5676/5676/5676
v 0.0848962 -0.1666182 0.7400000
v 0.1099158 -0.1512862 0.7400000
v 0.1058013 -0.1456231 0.7200000
v 0.0817183 -0.1603812 0.7200000
vt 0.2300000 0.7063325
vt 0.2300000 0.5200000
vt 0.0200000 0.5506425
vt 0.0200000 0.7300000
vn -0.4933304 0.8050420 0.3294427
vn -0.4933304 0.8050420 0.3294427
vn -0.4933304 0.8050420 0.3294427
vn -0.4933304 0.8050420 0.3294427
f 5677/5677/5677 5678/5678/5678 5679/5679/5679
f 5677/5677/5677 5679/5679/5679 5680/5680/5680
v 0.1099158 -0.1512862 0.7400000
v 0.1322290 -0.1322290 0.7400000
v 0.1272792 -0.1272792 0.7200000
v 0.1058013 -0.1456231 0.7200000
vt 0.2300000 0.6973053
vt 0.2300000 0.5200000
vt 0.0200000 0.5593318
vt 0.0200000 0.7300000
vn -0.6131930 0.7179567 0.3294427
vn -0.6131930 0.7179567 0.3294427
vn -0.6131930 0.7179567 0.3294427
vn -0.6131930 0.7179567 0.3294427
f 5681/5681/5681 5682/5682/5682 5683/5683/5683
f 5681/5681/5681 5683/5683/5683 5684/5684/5684
v 0.1322290 -0.1322290 0.7400000
v 0.1512862 -0.1099158 0.7400000
v 0.1456231 -0.1058013 0.7200000
v 0.1272792 -0.1272792 0.7200000
vt 0.2300000 0.7300000
vt 0.2300000 0.5526947
vt 0.0200000 0.5200000
vt 0.0200000 0.6906682
vn -0.7179567 0.6131930 0.3294427
vn -0.7179567 0.6131930 0.3294427
vn -0.7179567 0.6131930 0.3294427
vn -0.7179567 0.6131930 0.3294427
f 5685/5685/5685 5686/5686/5686 5687/5687/5687
f 5685/5685/5685 5687/5687/5687 5688/5688/5688
v 0.1512862 -0.1099158 0.7400000
v 0.1666182 -0.0848962 0.7400000
v 0.1603812 -0.0817183 0.7200000
v 0.1456231 -0.1058013 0.7200000
vt 0.2300000 0.7300000
vt 0.2300000 0.5436675
vt 0.0200000 0.5200000
vt 0.0200000 0.6993575
vn -0.8050420 0.4933304 0.3294427
vn -0.8050420 0.4933304 0.3294427
vn -0.8050420 0.4933304 0.3294427
vn -0.8050420 0.4933304 0.3294427
f 5689/5689/5689 5690/5690/5690 5691/5691/5691
f 5689/5689/5689 5691/5691/5691 5692/5692/5692
v 0.1666182 -0.0848962 0.7400000
v 0.1778476 -0.0577862 0.7400000
v 0.1711902 -0.0556231 0.7200000
v 0.1603812 -0.0817183 0.7200000
vt 0.2300000 0.7300000
vt 0.2300000 0.5355178
vt 0.0200000 0.5200000
vt 0.0200000 0.7072021
vn -0.8723045 0.3613203 0.3294427
vn -0.8723045 0.3613203 0.3294427
vn -0.8723045 0.3613203 0.3294427
vn -0.8723045 0.3613203 0.3294427
f 5693/5693/5693 5694/5694/5694 5695/5695/5695
f 5693/5693/5693 5695/5695/5695 5696/5696/5696
v 0.1778476 -0.0577862 0.7400000
v 0.1846977 -0.0292532 0.7400000
v 0.1777839 -0.0281582 0.7200000
v 0.1711902 -0.0556231 0.7200000
vt 0.0200000 0.5200000
vt 0.2222385 0.5200000
vt 0.2300000 0.7300000
vt 0.0353320 0.7300000
vn -0.9180879 0.2204134 0.3294427
vn -0.9180879 0.2204134 0.3294427
vn -0.9180879 0.2204134 0.3294427
vn -0.9180879 0.2204134 0.3294427
f 5697/5697/5697 5698/5698/5698 5699/5699/5699
f 5697/5697/5697 5699/5699/5699 5700/5700/5700
v 0.1846977 -0.0292532 0.7400000
v 0.1870000 0.0000000 0.7400000
v 0.1800000 0.0000000 0.7200000
v 0.1777839 -0.0281582 0.7200000
vt 0.0200000 0.5200000
vt 0.2300000 0.5200000
vt 0.2300000 0.7300000
vt 0.0278610 0.7300000
vn -0.9412650 0.0740792 0.3294427
vn -0.9412650 0.0740792 0.3294427
vn -0.9412650 0.0740792 0.3294427
vn -0.9412650 0.0740792 0.3294427
f 5701/5701/5701 5702/5702/5702 5703/5703/5703
f 5701/5701/5701 5703/5703/5703 5704/5704/5704
v 0.1817347 -0.0287839 0.7150000
v 0.1749944 -0.0568591 0.7150000
v 0.1639452 -0.0835343 0.7150000
v 0.1488591 -0.1081525 0.7150000
v 0.1301076 -0.1301076 0.7150000
v 0.1081525 -0.1488591 0.7150000
v 0.0835343 -0.1639452 0.7150000
v 0.0568591 -0.1749944 0.7150000
v 0.0287839 -0.1817347 0.7150000
v -0.0000000 -0.1840000 0.7150000
v -0.0287839 -0.1817347 0.7150000
v -0.0568591 -0.1749944 0.7150000
v -0.0835343 -0.1639452 0.7150000
v -0.1081525 -0.1488591 0.7150000
v -0.1301076 -0.1301076 0.7150000
v -0.1488591 -0.1081525 0.7150000
v -0.1639452 -0.0835343 0.7150000
v -0.1749944 -0.0568591 0.7150000
v -0.1817347 -0.0287839 0.7150000
v -0.1840000 0.0000000 0.7150000
v -0.1817347 0.0287839 0.7150000
v -0.1749944 0.0568591 0.7150000
v -0.1639452 0.0835343 0.7150000
v -0.1488591 0.1081525 0.7150000
v -0.1301076 0.1301076 0.7150000
v -0.1081525 0.1488591 0.7150000
v -0.0835343 0.1639452 0.7150000
v -0.0568591 0.1749944 0.7150000
v -0.0287839 0.1817347 0.7150000
v 0.0000000 0.1840000 0.7150000
v 0.0287839 0.1817347 0.7150000
v 0.0568591 0.1749944 0.7150000
v 0.0835343 0.1639452 0.7150000
v 0.1081525 0.1488591 0.7150000
v 0.1301076 0.1301076 0.7150000
v 0.1488591 0.1081525 0.7150000
v 0.1639452 0.0835343 0.7150000
v 0.1749944 0.0568591 0.7150000
v 0.1817347 0.0287839 0.7150000
v 0.1840000 0.0000000 0.7150000
vt 0.9787073 0.3914256
vt 0.9748609 0.4074468
vt 0.9685557 0.4226690
vt 0.9599468 0.4367175
vt 0.9492462 0.4492462
vt 0.9367175 0.4599468
vt 0.9226690 0.4685557
vt 0.9074468 0.4748609
vt 0.8914256 0.4787073
vt 0.8750000 0.4800000
vt 0.8585744 0.4787073
vt 0.8425532 0.4748609
vt 0.8273310 0.4685557
vt 0.8132825 0.4599468
vt 0.8007538 0.4492462
vt 0.7900532 0.4367175
vt 0.7814443 0.4226690
vt 0.7751391 0.4074468
vt 0.7712927 0.3914256
vt 0.7700000 0.3750000
vt 0.7712927 0.3585744
vt 0.7751391 0.3425532
vt 0.7814443 0.3273310
vt 0.7900532 0.3132825
vt 0.8007538 0.3007538
vt 0.8132825 0.2900532
vt 0.8273310 0.2814443
vt 0.8425532 0.2751391
vt 0.8585744 0.2712927
vt 0.8750000 0.2700000
vt 0.8914256 0.2712927
vt 0.9074468 0.2751391
vt 0.9226690 0.2814443
vt 0.9367175 0.2900532
vt 0.9492462 0.3007538
vt 0.9599468 0.3132825
vt 0.9685557 0.3273310
vt 0.9748609 0.3425532
vt 0.9787073 0.3585744
vt 0.9800000 0.3750000
vn 0.0000000 0.0000000 -1.0000000
vn 0.0000000 0.0000000 -1.0000000
vn 0.0000000 0.0000000 -1.0000000
vn 0.0000000 0.0000000 -1.0000000
vn 0.0000000 0.0000000 -1.0000000
vn 0.0000000 0.0000000 -1.0000000
vn 0.0000000 0.0000000 -1.0000000
vn 0.0000000 0.0000000 -1.0000000
vn 0.0000000 0.0000000 -1.0000000
vn 0.0000000 0.0000000 -1.0000000
vn 0.0000000 0.0000000 -1.0000000
vn 0.0000000 0.0000000 -1.0000000
vn 0.0000000 0.0000000 -1.0000000
vn 0.0000000 0.0000000 -1.0000000
vn 0.0000000 0.0000000 -1.0000000
vn 0.0000000 0.0000000 -1.0000000
vn 0.0000000 0.0000000 -1.0000000
vn 0.0000000 0.0000000 -1.0000000
vn 0.0000000 0.0000000 -1.0000000
vn 0.0000000 0.0000000 -1.0000000
vn 0.0000000 0.0000000 -1.0000000
vn 0.0000000 0.0000000 -1.0000000
vn 0.0000000 0.0000000 -1.0000000
vn 0.0000000 0.0000000 -1.0000000
vn 0.0000000 0.0000000 -1.0000000
vn 0.0000000 0.0000000 -1.0000000
vn 0.0000000 0.0000000 -1.0000000
vn 0.0000000 0.0000000 -1.0000000
vn 0.0000000 0.0000000 -1.0000000
vn 0.0000000 0.0000000 -1.0000000
vn 0.0000000 0.0000000 -1.0000000
vn 0.0000000 0.0000000 -1.0000000
vn 0.0000000 0.0000000 -1.0000000
vn 0.0000000 0.0000000 -1.0000000
vn 0.0000000 0.0000000 -1.0000000
vn 0.0000000 0.0000000 -1.0000000
vn 0.0000000 0.0000000 -1.0000000
vn 0.0000000 0.0000000 -1.0000000
vn 0.0000000 0.0000000 -1.0000000
vn 0.0000000 0.0000000 -1.0000000
f 5705/5705/5705 5706/5706/5706 5707/5707/5707
f 5705/5705/5705 5707/5707/5707 5708/5708/5708
f 5705/5705/5705 5708/5708/5708 5709/5709/5709
f 5705/5705/5705 5709/5709/5709 5710/5710/5710
f 5705/5705/5705 5710/5710/5710 5711/5711/5711
f 5705/5705/5705 5711/5711/5711 5712/5712/5712
f 5705/5705/5705 5712/5712/5712 5713/5713/5713
f 5705/5705/5705 5713/5713/5713 5714/5714/5714
f 5705/5705/5705 5714/5714/5714 5715/5715/5715
f 5705/5705/5705 5715/5715/5715 5716/5716/5716
f 5705/5705/5705 5716/5716/5716 5717/5717/5717
f 5705/5705/5705 5717/5717/5717 5718/5718/5718
f 5705/5705/5705 5718/5718/5718 5719/5719/5719
f 5705/5705/5705 5719/5719/5719 5720/5720/5720
f 5705/5705/5705 5720/5720/5720 5721/5721/5721
f 5705/5705/5705 5721/5721/5721 5722/5722/5722
f 5705/5705/5705 5722/5722/5722 5723/5723/5723
f 5705/5705/5705 5723/5723/5723 5724/5724/5724
f 5705/5705/5705 5724/5724/5724 5725/5725/5725
f 5705/5705/5705 5725/5725/5725 5726/5726/5726
f 5705/5705/5705 5726/5726/5726 5727/5727/5727
f 5705/5705/5705 5727/5727/5727 5728/5728/5728
f 5705/5705/5705 5728/5728/5728 5729/5729/5729
f 5705/5705/5705 5729/5729/5729 5730/5730/5730
f 5705/5705/5705 5730/5730/5730 5731/5731/5731
f 5705/5705/5705 5731/5731/5731 5732/5732/5732
f 5705/5705/5705 5732/5732/5732 5733/5733/5733
f 5705/5705/5705 5733/5733/5733 5734/5734/5734
f 5705/5705/5705 5734/5734/5734 5735/5735/5735
f 5705/5705/5705 5735/5735/5735 5736/5736/5736
f 5705/5705/5705 5736/5736/5736 5737/5737/5737
f 5705/5705/5705 5737/5737/5737 5738/5738/5738
f 5705/5705/5705 5738/5738/5738 5739/5739/5739
f 5705/5705/5705 5739/5739/5739 5740/5740/5740
f 5705/5705/5705 5740/5740/5740 5741/5741/5741
f 5705/5705/5705 5741/5741/5741 5742/5742/5742
f 5705/5705/5705 5742/5742/5742 5743/5743/5743
f 5705/5705/5705 5743/5743/5743 5744/5744/5744
v 0.1840000 0.0000000 0.7150000
v 0.1817347 0.0287839 0.7150000
v 0.1817347 0.0287839 0.7200000
v 0.1840000 0.0000000 0.7200000
vt 0.7700000 0.4800000
vt 0.7700000 0.2700000
vt 0.9800000 0.2700000
vt 0.9800000 0.4800000
vn 0.9969173 0.0784591 0.0000000
vn 0.9969173 0.0784591 0.0000000
vn 0.9969173 0.0784591 0.0000000
vn 0.9969173 0.0784591 0.0000000
f 5745/5745/5745 5746/5746/5746 5747/5747/5747
f 5745/5745/5745 5747/5747/5747 5748/5748/5748
v 0.1817347 0.0287839 0.7150000
v 0.1749944 0.0568591 0.7150000
v 0.1749944 0.0568591 0.7200000
v 0.1817347 0.0287839 0.7200000
vt 0.7700000 0.4800000
vt 0.7700000 0.2700000
vt 0.9800000 0.2700000
vt 0.9800000 0.4800000
vn 0.9723699 0.2334454 0.0000000
vn 0.9723699 0.2334454 0.0000000
vn 0.9723699 0.2334454 0.0000000
vn 0.9723699 0.2334454 0.0000000
f 5749/5749/5749 5750/5750/5750 5751/5751/5751
f 5749/5749/5749 5751/5751/5751 5752/5752/5752
v 0.1749944 0.0568591 0.7150000
v 0.1639452 0.0835343 0.7150000
v 0.1639452 0.0835343 0.7200000
v 0.1749944 0.0568591 0.7200000
vt 0.7700000 0.4800000
vt 0.7700000 0.2700000
vt 0.9800000 0.2700000
vt 0.9800000 0.4800000
vn 0.9238795 0.3826834 0.0000000
vn 0.9238795 0.3826834 0.0000000
vn 0.9238795 0.3826834 0.0000000
vn 0.9238795 0.3826834 0.0000000
f 5753/5753/5753 5754/5754/5754 5755/5755/5755
f 5753/5753/5753 5755/5755/5755 5756/5756/5756
v 0.1639452 0.0835343 0.7150000
v 0.1488591 0.1081525 0.7150000
v 0.1488591 0.1081525 0.7200000
v 0.1639452 0.0835343 0.7200000
vt 0.7700000 0.4800000
vt 0.7700000 0.2700000
vt 0.9800000 0.2700000
vt 0.9800000 0.4800000
vn 0.8526402 0.5224986 0.0000000
vn 0.8526402 0.5224986 0.0000000
vn 0.8526402 0.5224986 0.0000000
vn 0.8526402 0.5224986 0.0000000
f 5757/5757/5757 5758/5758/5758 5759/5759/5759
f 5757/5757/5757 5759/5759/5759 5760/5760/5760
v 0.1488591 0.1081525 0.7150000
v 0.1301076 0.1301076 0.7150000
v 0.1301076 0.1301076 0.7200000
v 0.1488591 0.1081525 0.7200000
vt 0.7700000 0.4800000
vt 0.7700000 0.2700000
vt 0.9800000 0.2700000
vt 0.9800000 0.4800000
vn 0.7604060 0.6494480 0.0000000
vn 0.7604060 0.6494480 0.0000000
vn 0.7604060 0.6494480 0.0000000
vn 0.7604060 0.6494480 0.0000000
f 5761/5761/5761 5762/5762/5762 5763/5763/5763
f 5761/5761/5761 5763/5763/5763 5764/5764/5764
v 0.1301076 0.1301076 0.7150000
v 0.1081525 0.1488591 0.7150000
v 0.1081525 0.1488591 0.7200000
v 0.1301076 0.1301076 0.7200000
vt 0.7700000 0.2700000
vt 0.7700000 0.4800000
vt 0.9800000 0.4800000
vt 0.9800000 0.2700000
vn 0.6494480 0.7604060 0.0000000
vn 0.6494480 0.7604060 0.0000000
vn 0.6494480 0.7604060 0.0000000
vn 0.6494480 0.7604060 0.0000000
f 5765/5765/5765 5766/5766/5766 5767/5767/5767
f 5765/5765/5765 5767/5767/5767 5768/5768/5768
v 0.1081525 0.1488591 0.7150000
v 0.0835343 0.1639452 0.7150000
v 0.0835343 0.1639452 0.7200000
v 0.1081525 0.1488591 0.7200000
vt 0.7700000 0.2700000
vt 0.7700000 0.4800000
vt 0.9800000 0.4800000
vt 0.9800000 0.2700000
vn 0.5224986 0.8526402 0.0000000
vn 0.5224986 0.8526402 0.0000000
vn 0.5224986 0.8526402 0.0000000
vn 0.5224986 0.8526402 0.0000000
f 5769/5769/5769 5770/5770/5770 5771/5771/5771
f 5769/5769/5769 5771/5771/5771 5772/5772/5772
v 0.0835343 0.1639452 0.7150000
v 0.0568591 0.1749944 0.7150000
v 0.0568591 0.1749944 0.7200000
v 0.0835343 0.1639452 0.7200000
vt 0.7700000 0.2700000
vt 0.7700000 0.4800000
vt 0.9800000 0.4800000
vt 0.9800000 0.2700000
vn 0.3826834 0.9238795 0.0000000
vn 0.3826834 0.9238795 0.0000000
vn 0.3826834 0.9238795 0.0000000
vn 0.3826834 0.9238795 0.0000000
f 5773/5773/5773 5774/5774/5774 5775/5775/5775
f 5773/5773/5773 5775/5775/5775 5776/5776/5776
v 0.0568591 0.1749944 0.7150000
v 0.0287839 0.1817347 0.7150000
v 0.0287839 0.1817347 0.7200000
v 0.0568591 0.1749944 0.7200000
vt 0.7700000 0.2700000
vt 0.7700000 0.4800000
vt 0.9800000 0.4800000
vt 0.9800000 0.2700000
vn 0.2334454 0.9723699 0.0000000
vn 0.2334454 0.9723699 0.0000000
vn 0.2334454 0.9723699 0.0000000
vn 0.2334454 0.9723699 0.0000000
f 5777/5777/5777 5778/5778/5778 5779/5779/5779
f 5777/5777/5777 5779/5779/5779 5780/5780/5780
v 0.0287839 0.1817347 0.7150000
v 0.0000000 0.1840000 0.7150000
v 0.0000000 0.1840000 0.7200000
v 0.0287839 0.1817347 0.7200000
vt 0.7700000 0.2700000
vt 0.7700000 0.4800000
vt 0.9800000 0.4800000
vt 0.9800000 0.2700000
vn 0.0784591 0.9969173 0.0000000
vn 0.0784591 0.9969173 0.0000000
vn 0.0784591 0.9969173 0.0000000
vn 0.0784591 0.9969173 0.0000000
f 5781/5781/5781 5782/5782/5782 5783/5783/5783
f 5781/5781/5781 5783/5783/5783 5784/5784/5784
v 0.0000000 0.1840000 0.7150000
v -0.0287839 0.1817347 0.7150000
v -0.0287839 0.1817347 0.7200000
v 0.0000000 0.1840000 0.7200000
vt 0.7700000 0.2700000
vt 0.7700000 0.4800000
vt 0.9800000 0.4800000
vt 0.9800000 0.2700000
vn -0.0784591 0.9969173 0.0000000
vn -0.0784591 0.9969173 0.0000000
vn -0.0784591 0.9969173 0.0000000
vn -0.0784591 0.9969173 0.0000000
f 5785/5785/5785 5786/5786/5786 5787/5787/5787
f 5785/5785/5785 5787/5787/5787 5788/5788/5788
v -0.0287839 0.1817347 0.7150000
v -0.0568591 0.1749944 0.7150000
v -0.0568591 0.1749944 0.7200000
v -0.0287839 0.1817347 0.7200000
vt 0.7700000 0.2700000
vt 0.7700000 0.4800000
vt 0.9800000 0.4800000
vt 0.9800000 0.2700000
vn -0.2334454 0.9723699 0.0000000
vn -0.2334454 0.9723699 0.0000000
vn -0.2334454 0.9723699 0.0000000
vn -0.2334454 0.9723699 0.0000000
f 5789/5789/5789 5790/5790/5790 5791/5791/5791
f 5789/5789/5789 5791/5791/5791 5792/5792/5792
v -0.0568591 0.1749944 0.7150000
v -0.0835343 0.1639452 0.7150000
v -0.0835343 0.1639452 0.7200000
v -0.0568591 0.1749944 0.7200000
vt 0.7700000 0.2700000
vt 0.7700000 0.4800000
vt 0.9800000 0.4800000
vt 0.9800000 0.2700000
vn -0.3826834 0.9238795 0.0000000
vn -0.3826834 0.9238795 0.0000000
vn -0.3826834 0.9238795 0.0000000
vn -0.3826834 0.9238795 0.0000000
f 5793/5793/5793 5794/5794/5794 5795/5795/5795
f 5793/5793/5793 5795/5795/5795 5796/5796/5796
v -0.0835343 0.1639452 0.7150000
v -0.1081525 0.1488591 0.7150000
v -0.1081525 0.1488591 0.7200000
v -0.0835343 0.1639452 0.7200000
vt 0.7700000 0.2700000
vt 0.7700000 0.4800000
vt 0.9800000 0.4800000
vt 0.9800000 0.2700000
vn -0.5224986 0.8526402 0.0000000
vn -0.5224986 0.8526402 0.0000000
vn -0.5224986 0.8526402 0.0000000
vn -0.5224986 0.8526402 0.0000000
f 5797/5797/5797 5798/5798/5798 5799/5799/5799
f 5797/5797/5797 5799/5799/5799 5800/5800/5800
v -0.1081525 0.1488591 0.7150000
v -0.1301076 0.1301076 0.7150000
v -0.1301076 0.1301076 0.7200000
v -0.1081525 0.1488591 0.7200000
vt 0.7700000 0.2700000
vt 0.7700000 0.4800000
vt 0.9800000 0.4800000
vt 0.9800000 0.2700000
vn -0.6494480 0.7604060 0.0000000
vn -0.6494480 0.7604060 0.0000000
vn -0.6494480 0.7604060 0.0000000
vn -0.6494480 0.7604060 0.0000000
f 5801/5801/5801 5802/5802/5802 5803/5803/5803
f 5801/5801/5801 5803/5803/5803 5804/5804/5804
v -0.1301076 0.1301076 0.7150000
v -0.1488591 0.1081525 0.7150000
v -0.1488591 0.1081525 0.7200000
v -0.1301076 0.1301076 0.7200000
vt 0.7700000 0.2700000
vt 0.7700000 0.4800000
vt 0.9800000 0.4800000
vt 0.9800000 0.2700000
vn -0.7604060 0.6494480 0.0000000
vn -0.7604060 0.6494480 0.0000000
vn -0.7604060 0.6494480 0.0000000
vn -0.7604060 0.6494480 0.0000000
f 5805/5805/5805 5806/5806/5806 5807/5807/5807
f 5805/5805/5805 5807/5807/5807 5808/5808/5808
v -0.1488591 0.1081525 0.7150000
v -0.1639452 0.0835343 0.7150000
v -0.1639452 0.0835343 0.7200000
v -0.1488591 0.1081525 0.7200000
vt 0.7700000 0.2700000
vt 0.7700000 0.4800000
vt 0.9800000 0.4800000
vt 0.9800000 0.2700000
vn -0.8526402 0.5224986 0.0000000
vn -0.8526402 0.5224986 0.0000000
vn -0.8526402 0.5224986 0.0000000
vn -0.8526402 0.5224986 0.0000000
f 5809/5809/5809 5810/5810/5810 5811/5811/5811
f 5809/5809/5809 5811/5811/5811 5812/5812/5812
v -0.1639452 0.0835343 0.7150000
v -0.1749944 0.0568591 0.7150000
v -0.1749944 0.0568591 0.7200000
v -0.1639452 0.0835343 0.7200000
vt 0.7700000 0.2700000
vt 0.7700000 0.4800000
vt 0.9800000 0.4800000
vt 0.9800000 0.2700000
vn -0.9238795 0.3826834 0.0000000
vn -0.9238795 0.3826834 0.0000000
vn -0.9238795 0.3826834 0.0000000
vn -0.9238795 0.3826834 0.0000000
f 5813/5813/5813 5814/5814/5814 5815/5815/5815
f 5813/5813/5813 5815/5815/5815 5816/5816/5816
v -0.1749944 0.0568591 0.7150000
v -0.1817347 0.0287839 0.7150000
v -0.1817347 0.0287839 0.7200000
v -0.1749944 0.0568591 0.7200000
vt 0.7700000 0.2700000
vt 0.7700000 0.4800000
vt 0.9800000 0.4800000
vt 0.9800000 0.2700000
vn -0.9723699 0.2334454 0.0000000
vn -0.9723699 0.2334454 0.0000000
vn -0.9723699 0.2334454 0.0000000
vn -0.9723699 0.2334454 0.0000000
f 5817/5817/5817 5818/5818/5818 5819/5819/5819
f 5817/5817/5817 5819/5819/5819 5820/5820/5820
v -0.1817347 0.0287839 0.7150000
v -0.1840000 0.0000000 0.7150000
v -0.1840000 0.0000000 0.7200000
v -0.1817347 0.0287839 0.7200000
vt 0.7700000 0.2700000
vt 0.7700000 0.4800000
vt 0.9800000 0.4800000
vt 0.9800000 0.2700000
vn -0.9969173 0.0784591 0.0000000
vn -0.9969173 0.0784591 0.0000000
vn -0.9969173 0.0784591 0.0000000
vn -0.9969173 0.0784591 0.0000000
f 5821/5821/5821 5822/5822/5822 5823/5823/5823
f 5821/5821/5821 5823/5823/5823 5824/5824/5824
v -0.1840000 0.0000000 0.7150000
v -0.1817347 -0.0287839 0.7150000
v -0.1817347 -0.0287839 0.7200000
v -0.1840000 0.0000000 0.7200000
vt 0.7700000 0.2700000
vt 0.7700000 0.4800000
vt 0.9800000 0.4800000
vt 0.9800000 0.2700000
vn -0.9969173 -0.0784591 0.0000000
vn -0.9969173 -0.0784591 0.0000000
vn -0.9969173 -0.0784591 0.0000000
vn -0.9969173 -0.0784591 0.0000000
f 5825/5825/5825 5826/5826/5826 5827/5827/5827
f 5825/5825/5825 5827/5827/5827 5828/5828/5828
v -0.1817347 -0.0287839 0.7150000
v -0.1749944 -0.0568591 0.7150000
v -0.1749944 -0.0568591 0.7200000
v -0.1817347 -0.0287839 0.7200000
vt 0.7700000 0.2700000
vt 0.7700000 0.4800000
vt 0.9800000 0.4800000
vt 0.9800000 0.2700000
vn -0.9723699 -0.2334454 0.0000000
vn -0.9723699 -0.2334454 0.0000000
vn -0.9723699 -0.2334454 0.0000000
vn -0.9723699 -0.2334454 0.0000000
f 5829/5829/5829 5830/5830/5830 5831/5831/5831
f 5829/5829/5829 5831/5831/5831 5832/5832/5832
v -0.1749944 -0.0568591 0.7150000
v -0.1639452 -0.0835343 0.7150000
v -0.1639452 -0.0835343 0.7200000
v -0.1749944 -0.0568591 0.7200000
vt 0.7700000 0.2700000
vt 0.7700000 0.4800000
vt 0.9800000 0.4800000
vt 0.9800000 0.2700000
vn -0.9238795 -0.3826834 0.0000000
vn -0.9238795 -0.3826834 0.0000000
vn -0.9238795 -0.3826834 0.0000000
vn -0.9238795 -0.3826834 0.0000000
f 5833/5833/5833 5834/5834/5834 5835/5835/5835
f 5833/5833/5833 5835/5835/5835 5836/5836/5836
v -0.1639452 -0.0835343 0.7150000
v -0.1488591 -0.1081525 0.7150000
v -0.1488591 -0.1081525 0.7200000
v -0.1639452 -0.0835343 0.7200000
vt 0.7700000 0.2700000
vt 0.7700000 0.4800000
vt 0.9800000 0.4800000
vt 0.9800000 0.2700000
vn -0.8526402 -0.5224986 0.0000000
vn -0.8526402 -0.5224986 0.0000000
vn -0.8526402 -0.5224986 0.0000000
vn -0.8526402 -0.5224986 0.0000000
f 5837/5837/5837 5838/5838/5838 5839/5839/5839
f 5837/5837/5837 5839/5839/5839 5840/5840/5840
v -0.1488591 -0.1081525 0.7150000
v -0.1301076 -0.1301076 0.7150000
v -0.1301076 -0.1301076 0.7200000
v -0.1488591 -0.1081525 0.7200000
vt 0.7700000 0.2700000
vt 0.7700000 0.4800000
vt 0.9800000 0.4800000
vt 0.9800000 0.2700000
vn -0.7604060 -0.6494480 0.0000000
vn -0.7604060 -0.6494480 0.0000000
vn -0.7604060 -0.6494480 0.0000000
vn -0.7604060 -0.6494480 0.0000000
f 5841/5841/5841 5842/5842/5842 5843/5843/5843
f 5841/5841/5841 5843/5843/5843 5844/5844/5844
v -0.1301076 -0.1301076 0.7150000
v -0.1081525 -0.1488591 0.7150000
v -0.1081525 -0.1488591 0.7200000
v -0.1301076 -0.1301076 0.7200000
vt 0.7700000 0.4800000
vt 0.7700000 0.2700000
vt 0.9800000 0.2700000
vt 0.9800000 0.4800000
vn -0.6494480 -0.7604060 0.0000000
vn -0.6494480 -0.7604060 0.0000000
vn -0.6494480 -0.7604060 0.0000000
vn -0.6494480 -0.7604060 0.0000000
f 5845/5845/5845 5846/5846/5846 5847/5847/5847
f 5845/5845/5845 5847/5847/5847 5848/5848/5848
v -0.1081525 -0.1488591 0.7150000
v -0.0835343 -0.1639452 0.7150000
v -0.0835343 -0.1639452 0.7200000
v -0.1081525 -0.1488591 0.7200000
vt 0.7700000 0.4800000
vt 0.7700000 0.2700000
vt 0.9800000 0.2700000
vt 0.9800000 0.4800000
vn -0.5224986 -0.8526402 0.0000000
vn -0.5224986 -0.8526402 0.0000000
vn -0.5224986 -0.8526402 0.0000000
vn -0.5224986 -0.8526402 0.0000000
f 5849/5849/5849 5850/5850/5850 5851/5851/5851
f 5849/5849/5849 5851/5851/5851 5852/5852/5852
v -0.0835343 -0.1639452 0.7150000
v -0.0568591 -0.1749944 0.7150000
v -0.0568591 -0.1749944 0.7200000
v -0.0835343 -0.1639452 0.7200000
vt 0.7700000 0.4800000
vt 0.7700000 0.2700000
vt 0.9800000 0.2700000
vt 0.9800000 0.4800000
vn -0.3826834 -0.9238795 0.0000000
vn -0.3826834 -0.9238795 0.0000000
vn -0.3826834 -0.9238795 0.0000000
vn -0.3826834 -0.9238795 0.0000000
f 5853/5853/5853 5854/5854/5854 5855/5855/5855
f 5853/5853/5853 5855/5855/5855 5856/5856/5856
v -0.0568591 -0.1749944 0.7150000
v -0.0287839 -0.1817347 0.7150000
v -0.0287839 -0.1817347 0.7200000
v -0.0568591 -0.1749944 0.7200000
vt 0.7700000 0.4800000
vt 0.7700000 0.2700000
vt 0.9800000 0.2700000
vt 0.9800000 0.4800000
vn -0.2334454 -0.9723699 0.0000000
vn -0.2334454 -0.9723699 0.0000000
vn -0.2334454 -0.9723699 0.0000000
vn -0.2334454 -0.9723699 0.0000000
f 5857/5857/5857 5858/5858/5858 5859/5859/5859
f 5857/5857/5857 5859/5859/5859 5860/5860/5860
v -0.0287839 -0.1817347 0.7150000
v -0.0000000 -0.1840000 0.7150000
v -0.0000000 -0.1840000 0.7200000
v -0.0287839 -0.1817347 0.7200000
vt 0.7700000 0.4800000
vt 0.7700000 0.2700000
vt 0.9800000 0.2700000
vt 0.9800000 0.4800000
vn -0.0784591 -0.9969173 0.0000000
vn -0.0784591 -0.9969173 0.0000000
vn -0.0784591 -0.9969173 0.0000000
vn -0.0784591 -0.9969173 0.0000000
f 5861/5861/5861 5862/5862/5862 5863/5863/5863
f 5861/5861/5861 5863/5863/5863 5864/5864/5864
v -0.0000000 -0.1840000 0.7150000
v 0.0287839 -0.1817347 0.7150000
v 0.0287839 -0.1817347 0.7200000
v -0.0000000 -0.1840000 0.7200000
vt 0.7700000 0.4800000
vt 0.7700000 0.2700000
vt 0.9800000 0.2700000
vt 0.9800000 0.4800000
vn 0.0784591 -0.9969173 0.0000000
vn 0.0784591 -0.9969173 0.0000000
vn 0.0784591 -0.9969173 0.0000000
vn 0.0784591 -0.9969173 0.0000000
f 5865/5865/5865 5866/5866/5866 5867/5867/5867
f 5865/5865/5865 5867/5867/5867 5868/5868/5868
v 0.0287839 -0.1817347 0.7150000
v 0.0568591 -0.1749944 0.7150000
v 0.0568591 -0.1749944 0.7200000
v 0.0287839 -0.1817347 0.7200000
vt 0.7700000 0.4800000
vt 0.7700000 0.2700000
vt 0.9800000 0.2700000
vt 0.9800000 0.4800000
vn 0.2334454 -0.9723699 0.0000000
vn 0.2334454 -0.9723699 0.0000000
vn 0.2334454 -0.9723699 0.0000000
vn 0.2334454 -0.9723699 0.0000000
f 5869/5869/5869 5870/5870/5870 5871/5871/5871
f 5869/5869/5869 5871/5871/5871 5872/5872/5872
v 0.0568591 -0.1749944 0.7150000
v 0.0835343 -0.1639452 0.7150000
v 0.0835343 -0.1639452 0.7200000
v 0.0568591 -0.1749944 0.7200000
vt 0.7700000 0.4800000
vt 0.7700000 0.2700000
vt 0.9800000 0.2700000
vt 0.9800000 0.4800000
vn 0.3826834 -0.9238795 0.0000000
vn 0.3826834 -0.9238795 0.0000000
vn 0.3826834 -0.9238795 0.0000000
vn 0.3826834 -0.9238795 0.0000000
f 5873/5873/5873 5874/5874/5874 5875/5875/5875
f 5873/5873/5873 5875/5875/5875 5876/5876/5876
v 0.0835343 -0.1639452 0.7150000
v 0.1081525 -0.1488591 0.7150000
v 0.1081525 -0.1488591 0.7200000
v 0.0835343 -0.1639452 0.7200000
vt 0.7700000 0.4800000
vt 0.7700000 0.2700000
vt 0.9800000 0.2700000
vt 0.9800000 0.4800000
vn 0.5224986 -0.8526402 0.0000000
vn 0.5224986 -0.8526402 0.0000000
vn 0.5224986 -0.8526402 0.0000000
vn 0.5224986 -0.8526402 0.0000000
f 5877/5877/5877 5878/5878/5878 5879/5879/5879
f 5877/5877/5877 5879/5879/5879 5880/5880/5880
v 0.1081525 -0.1488591 0.7150000
v 0.1301076 -0.1301076 0.7150000
v 0.1301076 -0.1301076 0.7200000
v 0.1081525 -0.1488591 0.7200000
vt 0.7700000 0.4800000
vt 0.7700000 0.2700000
vt 0.9800000 0.2700000
vt 0.9800000 0.4800000
vn 0.6494480 -0.7604060 0.0000000
vn 0.6494480 -0.7604060 0.0000000
vn 0.6494480 -0.7604060 0.0000000
vn 0.6494480 -0.7604060 0.0000000
f 5881/5881/5881 5882/5882/5882 5883/5883/5883
f 5881/5881/5881 5883/5883/5883 5884/5884/5884
v 0.1301076 -0.1301076 0.7150000
v 0.1488591 -0.1081525 0.7150000
v 0.1488591 -0.1081525 0.7200000
v 0.1301076 -0.1301076 0.7200000
vt 0.7700000 0.4800000
vt 0.7700000 0.2700000
vt 0.9800000 0.2700000
vt 0.9800000 0.4800000
vn 0.7604060 -0.6494480 0.0000000
vn 0.7604060 -0.6494480 0.0000000
vn 0.7604060 -0.6494480 0.0000000
vn 0.7604060 -0.6494480 0.0000000
f 5885/5885/5885 5886/5886/5886 5887/5887/5887
f 5885/5885/5885 5887/5887/5887 5888/5888/5888
v 0.1488591 -0.1081525 0.7150000
v 0.1639452 -0.0835343 0.7150000
v 0.1639452 -0.0835343 0.7200000
v 0.1488591 -0.1081525 0.7200000
vt 0.7700000 0.4800000
vt 0.7700000 0.2700000
vt 0.9800000 0.2700000
vt 0.9800000 0.4800000
vn 0.8526402 -0.5224986 0.0000000
vn 0.8526402 -0.5224986 0.0000000
vn 0.8526402 -0.5224986 0.0000000
vn 0.8526402 -0.5224986 0.0000000
f 5889/5889/5889 5890/5890/5890 5891/5891/5891
f 5889/5889/5889 5891/5891/5891 5892/5892/5892
v 0.1639452 -0.0835343 0.7150000
v 0.1749944 -0.0568591 0.7150000
v 0.1749944 -0.0568591 0.7200000
v 0.1639452 -0.0835343 0.7200000
vt 0.7700000 0.4800000
vt 0.7700000 0.2700000
vt 0.9800000 0.2700000
vt 0.9800000 0.4800000
vn 0.9238795 -0.3826834 0.0000000
vn 0.9238795 -0.3826834 0.0000000
vn 0.9238795 -0.3826834 0.0000000
vn 0.9238795 -0.3826834 0.0000000
f 5893/5893/5893 5894/5894/5894 5895/5895/5895
f 5893/5893/5893 5895/5895/5895 5896/5896/5896
v 0.1749944 -0.0568591 0.7150000
v 0.1817347 -0.0287839 0.7150000
v 0.1817347 -0.0287839 0.7200000
v 0.1749944 -0.0568591 0.7200000
vt 0.7700000 0.4800000
vt 0.7700000 0.2700000
vt 0.9800000 0.2700000
vt 0.9800000 0.4800000
vn 0.9723699 -0.2334454 0.0000000
vn 0.9723699 -0.2334454 0.0000000
vn 0.9723699 -0.2334454 0.0000000
vn 0.9723699 -0.2334454 0.0000000
f 5897/5897/5897 5898/5898/5898 5899/5899/5899
f 5897/5897/5897 5899/5899/5899 5900/5900/5900
v 0.1817347 -0.0287839 0.7150000
v 0.1840000 0.0000000 0.7150000
v 0.1840000 0.0000000 0.7200000
v 0.1817347 -0.0287839 0.7200000
vt 0.7700000 0.4800000
vt 0.7700000 0.2700000
vt 0.9800000 0.2700000
vt 0.9800000 0.4800000
vn 0.9969173 -0.0784591 0.0000000
vn 0.9969173 -0.0784591 0.0000000
vn 0.9969173 -0.0784591 0.0000000
vn 0.9969173 -0.0784591 0.0000000
f 5901/5901/5901 5902/5902/5902 5903/5903/5903
f 5901/5901/5901 5903/5903/5903 5904/5904/5904
v 0.1840000 0.0000000 0.7200000
v 0.1817347 0.0287839 0.7200000
v 0.1749944 0.0568591 0.7200000
v 0.1639452 0.0835343 0.7200000
v 0.1488591 0.1081525 0.7200000
v 0.1301076 0.1301076 0.7200000
v 0.1081525 0.1488591 0.7200000
v 0.0835343 0.1639452 0.7200000
v 0.0568591 0.1749944 0.7200000
v 0.0287839 0.1817347 0.7200000
v 0.0000000 0.1840000 0.7200000
v -0.0287839 0.1817347 0.7200000
v -0.0568591 0.1749944 0.7200000
v -0.0835343 0.1639452 0.7200000
v -0.1081525 0.1488591 0.7200000
v -0.1301076 0.1301076 0.7200000
v -0.1488591 0.1081525 0.7200000
v -0.1639452 0.0835343 0.7200000
v -0.1749944 0.0568591 0.7200000
v -0.1817347 0.0287839 0.7200000
v -0.1840000 0.0000000 0.7200000
v -0.1817347 -0.0287839 0.7200000
v -0.1749944 -0.0568591 0.7200000
v -0.1639452 -0.0835343 0.7200000
v -0.1488591 -0.1081525 0.7200000
v -0.1301076 -0.1301076 0.7200000
v -0.1081525 -0.1488591 0.7200000
v -0.0835343 -0.1639452 0.7200000
v -0.0568591 -0.1749944 0.7200000
v -0.0287839 -0.1817347 0.7200000
v -0.0000000 -0.1840000 0.7200000
v 0.0287839 -0.1817347 0.7200000
v 0.0568591 -0.1749944 0.7200000
v 0.0835343 -0.1639452 0.7200000
v 0.1081525 -0.1488591 0.7200000
v 0.1301076 -0.1301076 0.7200000
v 0.1488591 -0.1081525 0.7200000
v 0.1639452 -0.0835343 0.7200000
v 0.1749944 -0.0568591 0.7200000
v 0.1817347 -0.0287839 0.7200000
vt 0.9800000 0.3750000
vt 0.9787073 0.3585744
vt 0.9748609 0.3425532
vt 0.9685557 0.3273310
vt 0.9599468 0.3132825
vt 0.9492462 0.3007538
vt 0.9367175 0.2900532
vt 0.9226690 0.2814443
vt 0.9074468 0.2751391
vt 0.8914256 0.2712927
vt 0.8750000 0.2700000
vt 0.8585744 0.2712927
vt 0.8425532 0.2751391
vt 0.8273310 0.2814443
vt 0.8132825 0.2900532
vt 0.8007538 0.3007538
vt 0.7900532 0.3132825
vt 0.7814443 0.3273310
vt 0.7751391 0.3425532
vt 0.7712927 0.3585744
vt 0.7700000 0.3750000
vt 0.7712927 0.3914256
vt 0.7751391 0.4074468
vt 0.7814443 0.4226690
vt 0.7900532 0.4367175
vt 0.8007538 0.4492462
vt 0.8132825 0.4599468
vt 0.8273310 0.4685557
vt 0.8425532 0.4748609
vt 0.8585744 0.4787073
vt 0.8750000 0.4800000
vt 0.8914256 0.4787073
vt 0.9074468 0.4748609
vt 0.9226690 0.4685557
vt 0.9367175 0.4599468
vt 0.9492462 0.4492462
vt 0.9599468 0.4367175
vt 0.9685557 0.4226690
vt 0.9748609 0.4074468
vt 0.9787073 0.3914256
vn 0.0000000 0.0000000 1.0000000
vn 0.0000000 0.0000000 1.0000000
vn 0.0000000 0.0000000 1.0000000
vn 0.0000000 0.0000000 1.0000000
vn 0.0000000 0.0000000 1.0000000
vn 0.0000000 0.0000000 1.0000000
vn 0.0000000 0.0000000 1.0000000
vn 0.0000000 0.0000000 1.0000000
vn 0.0000000 0.0000000 1.0000000
vn 0.0000000 0.0000000 1.0000000
vn 0.0000000 0.0000000 1.0000000
vn 0.0000000 0.0000000 1.0000000
vn 0.0000000 0.0000000 1.0000000
vn 0.0000000 0.0000000 1.0000000
vn 0.0000000 0.0000000 1.0000000
vn 0.0000000 0.0000000 1.0000000
vn 0.0000000 0.0000000 1.0000000
vn 0.0000000 0.0000000 1.0000000
vn 0.0000000 0.0000000 1.0000000
vn 0.0000000 0.0000000 1.0000000
vn 0.0000000 0.0000000 1.0000000
vn 0.0000000 0.0000000 1.0000000
vn 0.0000000 0.0000000 1.0000000
vn 0.0000000 0.0000000 1.0000000
vn 0.0000000 0.0000000 1.0000000
vn 0.0000000 0.0000000 1.0000000
vn 0.0000000 0.0000000 1.0000000
vn 0.0000000 0.0000000 1.0000000
vn 0.0000000 0.0000000 1.0000000
vn 0.0000000 0.0000000 1.0000000
vn 0.0000000 0.0000000 1.0000000
vn 0.0000000 0.0000000 1.0000000
vn 0.0000000 0.0000000 1.0000000
vn 0.0000000 0.0000000 1.0000000
vn 0.0000000 0.0000000 1.0000000
vn 0.0000000 0.0000000 1.0000000
vn 0.0000000 0.0000000 1.0000000
vn 0.0000000 0.0000000 1.0000000
vn 0.0000000 0.0000000 1.0000000
vn 0.0000000 0.0000000 1.0000000
f 5905/5905/5905 5906/5906/5906 5907/5907/5907
f 5905/5905/5905 5907/5907/5907 5908/5908/5908
f 5905/5905/5905 5908/5908/5908 5909/5909/5909
f 5905/5905/5905 5909/5909/5909 5910/5910/5910
f 5905/5905/5905 5910/5910/5910 5911/5911/5911
f 5905/5905/5905 5911/5911/5911 5912/5912/5912
f 5905/5905/5905 5912/5912/5912 5913/5913/5913
f 5905/5905/5905 5913/5913/5913 5914/5914/5914
f 5905/5905/5905 5914/5914/5914 5915/5915/5915
f 5905/5905/5905 5915/5915/5915 5916/5916/5916
f 5905/5905/5905 5916/5916/5916 5917/5917/5917
f 5905/5905/5905 5917/5917/5917 5918/5918/5918
f 5905/5905/5905 5918/5918/5918 5919/5919/5919
f 5905/5905/5905 5919/5919/5919 5920/5920/5920
f 5905/5905/5905 5920/5920/5920 5921/5921/5921
f 5905/5905/5905 5921/5921/5921 5922/5922/5922
f 5905/5905/5905 5922/5922/5922 5923/5923/5923
f 5905/5905/5905 5923/5923/5923 5924/5924/5924
f 5905/5905/5905 5924/5924/5924 5925/5925/5925
f 5905/5905/5905 5925/5925/5925 5926/5926/5926
f 5905/5905/5905 5926/5926/5926 5927/5927/5927
f 5905/5905/5905 5927/5927/5927 5928/5928/5928
f 5905/5905/5905 5928/5928/5928 5929/5929/5929
f 5905/5905/5905 5929/5929/5929 5930/5930/5930
f 5905/5905/5905 5930/5930/5930 5931/5931/5931
f 5905/5905/5905 5931/5931/5931 5932/5932/5932
f 5905/5905/5905 5932/5932/5932 5933/5933/5933
f 5905/5905/5905 5933/5933/5933 5934/5934/5934
f 5905/5905/5905 5934/5934/5934 5935/5935/5935
f 5905/5905/5905 5935/5935/5935 5936/5936/5936
f 5905/5905/5905 5936/5936/5936 5937/5937/5937
f 5905/5905/5905 5937/5937/5937 5938/5938/5938
f 5905/5905/5905 5938/5938/5938 5939/5939/5939
f 5905/5905/5905 5939/5939/5939 5940/5940/5940
f 5905/5905/5905 5940/5940/5940 5941/5941/5941
f 5905/5905/5905 5941/5941/5941 5942/5942/5942
f 5905/5905/5905 5942/5942/5942 5943/5943/5943
f 5905/5905/5905 5943/5943/5943 5944/5944/5944
v 0.2900000 -0.0103923 0.7040000
v 0.2780000 -0.0103923 0.7040000
v 0.2720000 0.0000000 0.7040000
v 0.2780000 0.0103923 0.7040000
v 0.2900000 0.0103923 0.7040000
v 0.2960000 0.0000000 0.7040000
vt 0.1775000 0.4800000
vt 0.0725000 0.4800000
vt 0.0200000 0.3750000
vt 0.0725000 0.2700000
vt 0.1775000 0.2700000
vt 0.2300000 0.3750000
vn 0.0000000 0.0000000 -1.0000000
vn 0.0000000 0.0000000 -1.0000000
vn 0.0000000 0.0000000 -1.0000000
vn 0.0000000 0.0000000 -1.0000000
vn 0.0000000 0.0000000 -1.0000000
vn 0.0000000 0.0000000 -1.0000000
f 5945/5945/5945 5946/5946/5946 5947/5947/5947
f 5945/5945/5945 5947/5947/5947 5948/5948/5948
f 5945/5945/5945 5948/5948/5948 5949/5949/5949
f 5945/5945/5945 5949/5949/5949 5950/5950/5950
v 0.2960000 0.0000000 0.7040000
v 0.2900000 0.0103923 0.7040000
v 0.2900000 0.0103923 0.7100000
v 0.2960000 0.0000000 0.7100000
vt 0.0200000 0.4800000
vt 0.0200000 0.2700000
vt 0.2300000 0.2700000
vt 0.2300000 0.4800000
vn 0.8660254 0.5000000 0.0000000
vn 0.8660254 0.5000000 0.0000000
vn 0.8660254 0.5000000 0.0000000
vn 0.8660254 0.5000000 0.0000000
f 5951/5951/5951 5952/5952/5952 5953/5953/5953
f 5951/5951/5951 5953/5953/5953 5954/5954/5954
v 0.2900000 0.0103923 0.7040000
v 0.2780000 0.0103923 0.7040000
v 0.2780000 0.0103923 0.7100000
v 0.2900000 0.0103923 0.7100000
vt 0.0200000 0.2700000
vt 0.0200000 0.4800000
vt 0.2300000 0.4800000
vt 0.2300000 0.2700000
vn 0.0000000 1.0000000 0.0000000
vn 0.0000000 1.0000000 0.0000000
vn 0.0000000 1.0000000 0.0000000
vn 0.0000000 1.0000000 0.0000000
f 5955/5955/5955 5956/5956/5956 5957/5957/5957
f 5955/5955/5955 5957/5957/5957 5958/5958/5958
v 0.2780000 0.0103923 0.7040000
v 0.2720000 0.0000000 0.7040000
v 0.2720000 0.0000000 0.7100000
v 0.2780000 0.0103923 0.7100000
vt 0.0200000 0.2700000
vt 0.0200000 0.4800000
vt 0.2300000 0.4800000
vt 0.2300000 0.2700000
vn -0.8660254 0.5000000 0.0000000
vn -0.8660254 0.5000000 0.0000000
vn -0.8660254 0.5000000 0.0000000
vn -0.8660254 0.5000000 0.0000000
f 5959/5959/5959 5960/5960/5960 5961/5961/5961
f 5959/5959/5959 5961/5961/5961 5962/5962/5962
v 0.2720000 0.0000000 0.7040000
v 0.2780000 -0.0103923 0.7040000
v 0.2780000 -0.0103923 0.7100000
v 0.2720000 0.0000000 0.7100000
vt 0.0200000 0.2700000
vt 0.0200000 0.4800000
vt 0.2300000 0.4800000
vt 0.2300000 0.2700000
vn -0.8660254 -0.5000000 0.0000000
vn -0.8660254 -0.5000000 0.0000000
vn -0.8660254 -0.5000000 0.0000000
vn -0.8660254 -0.5000000 0.0000000
f 5963/5963/5963 5964/5964/5964 5965/5965/5965
f 5963/5963/5963 5965/5965/5965 5966/5966/5966
v 0.2780000 -0.0103923 0.7040000
v 0.2900000 -0.0103923 0.7040000
v 0.2900000 -0.0103923 0.7100000
v 0.2780000 -0.0103923 0.7100000
vt 0.0200000 0.4800000
vt 0.0200000 0.2700000
vt 0.2300000 0.2700000
vt 0.2300000 0.4800000
vn -0.0000000 -1.0000000 0.0000000
vn -0.0000000 -1.0000000 0.0000000
vn -0.0000000 -1.0000000 0.0000000
vn -0.0000000 -1.0000000 0.0000000
f 5967/5967/5967 5968/5968/5968 5969/5969/5969
f 5967/5967/5967 5969/5969/5969 5970/5970/5970
v 0.2900000 -0.0103923 0.7040000
v 0.2960000 0.0000000 0.7040000
v 0.2960000 0.0000000 0.7100000
v 0.2900000 -0.0103923 0.7100000
vt 0.0200000 0.4800000
vt 0.0200000 0.2700000
vt 0.2300000 0.2700000
vt 0.2300000 0.4800000
vn 0.8660254 -0.5000000 0.0000000
vn 0.8660254 -0.5000000 0.0000000
vn 0.8660254 -0.5000000 0.0000000
vn 0.8660254 -0.5000000 0.0000000
f 5971/5971/5971 5972/5972/5972 5973/5973/5973
f 5971/5971/5971 5973/5973/5973 5974/5974/5974
v 0.2960000 0.0000000 0.7100000
v 0.2900000 0.0103923 0.7100000
v 0.2780000 0.0103923 0.7100000
v 0.2720000 0.0000000 0.7100000
v 0.2780000 -0.0103923 0.7100000
v 0.2900000 -0.0103923 0.7100000
vt 0.2300000 0.3750000
vt 0.1775000 0.2700000
vt 0.0725000 0.2700000
vt 0.0200000 0.3750000
vt 0.0725000 0.4800000
vt 0.1775000 0.4800000
vn 0.0000000 0.0000000 1.0000000
vn 0.0000000 0.0000000 1.0000000
vn 0.0000000 0.0000000 1.0000000
vn 0.0000000 0.0000000 1.0000000
vn 0.0000000 0.0000000 1.0000000
vn 0.0000000 0.0000000 1.0000000
f 5975/5975/5975 5976/5976/5976 5977/5977/5977
f 5975/5975/5975 5977/5977/5977 5978/5978/5978
f 5975/5975/5975 5978/5978/5978 5979/5979/5979
f 5975/5975/5975 5979/5979/5979 5980/5980/5980
v 0.2683818 0.0982898 0.7040000
v 0.2563818 0.0982898 0.7040000
v 0.2503818 0.1086821 0.7040000
v 0.2563818 0.1190744 0.7040000
v 0.2683818 0.1190744 0.7040000
v 0.2743818 0.1086821 0.7040000
vt 0.1775000 0.4800000
vt 0.0725000 0.4800000
vt 0.0200000 0.3750000
vt 0.0725000 0.2700000
vt 0.1775000 0.2700000
vt 0.2300000 0.3750000
vn 0.0000000 0.0000000 -1.0000000
vn 0.0000000 0.0000000 -1.0000000
vn 0.0000000 0.0000000 -1.0000000
vn 0.0000000 0.0000000 -1.0000000
vn 0.0000000 0.0000000 -1.0000000
vn 0.0000000 0.0000000 -1.0000000
f 5981/5981/5981 5982/5982/5982 5983/5983/5983
f 5981/5981/5981 5983/5983/5983 5984/5984/5984
f 5981/5981/5981 5984/5984/5984 5985/5985/5985
f 5981/5981/5981 5985/5985/5985 5986/5986/5986
v 0.2743818 0.1086821 0.7040000
v 0.2683818 0.1190744 0.7040000
v 0.2683818 0.1190744 0.7100000
v 0.2743818 0.1086821 0.7100000
vt 0.0200000 0.4800000
vt 0.0200000 0.2700000
vt 0.2300000 0.2700000
vt 0.2300000 0.4800000
vn 0.8660254 0.5000000 0.0000000
vn 0.8660254 0.5000000 0.0000000
vn 0.8660254 0.5000000 0.0000000
vn 0.8660254 0.5000000 0.0000000
f 5987/5987/5987 5988/5988/5988 5989/5989/5989
f 5987/5987/5987 5989/5989/5989 5990/5990/5990
v 0.2683818 0.1190744 0.7040000
v 0.2563818 0.1190744 0.7040000
v 0.2563818 0.1190744 0.7100000
v 0.2683818 0.1190744 0.7100000
vt 0.0200000 0.2700000
vt 0.0200000 0.4800000
vt 0.2300000 0.4800000
vt 0.2300000 0.2700000
vn 0.0000000 1.0000000 0.0000000
vn 0.0000000 1.0000000 0.0000000
vn 0.0000000 1.0000000 0.0000000
vn 0.0000000 1.0000000 0.0000000
f 5991/5991/5991 5992/5992/5992 5993/5993/5993
f 5991/5991/5991 5993/5993/5993 5994/5994/5994
v 0.2563818 0.1190744 0.7040000
v 0.2503818 0.1086821 0.7040000
v 0.2503818 0.1086821 0.7100000
v 0.2563818 0.1190744 0.7100000
vt 0.0200000 0.2700000
vt 0.0200000 0.4800000
vt 0.2300000 0.4800000
vt 0.2300000 0.2700000
vn -0.8660254 0.5000000 0.0000000
vn -0.8660254 0.5000000 0.0000000
vn -0.8660254 0.5000000 0.0000000
vn -0.8660254 0.5000000 0.0000000
f 5995/5995/5995 5996/5996/5996 5997/5997/5997
f 5995/5995/5995 5997/5997/5997 5998/5998/5998
v 0.2503818 0.1086821 0.7040000
v 0.2563818 0.0982898 0.7040000
v 0.2563818 0.0982898 0.7100000
v 0.2503818 0.1086821 0.7100000
vt 0.0200000 0.2700000
vt 0.0200000 0.4800000
vt 0.2300000 0.4800000
vt 0.2300000 0.2700000
vn -0.8660254 -0.5000000 0.0000000
vn -0.8660254 -0.5000000 0.0000000
vn -0.8660254 -0.5000000 0.0000000
vn -0.8660254 -0.5000000 0.0000000
f 5999/5999/5999 6000/6000/6000 6001/6001/6001
f 5999/5999/5999 6001/6001/6001 6002/6002/6002
v 0.2563818 0.0982898 0.7040000
v 0.2683818 0.0982898 0.7040000
v 0.2683818 0.0982898 0.7100000
v 0.2563818 0.0982898 0.7100000
vt 0.0200000 0.4800000
vt 0.2300000 0.4800000
vt 0.2300000 0.2700000
vt 0.0200000 0.2700000
vn 0.0000000 -1.0000000 0.0000000
vn 0.0000000 -1.0000000 0.0000000
vn 0.0000000 -1.0000000 0.0000000
vn 0.0000000 -1.0000000 0.0000000
f 6003/6003/6003 6004/6004/6004 6005/6005/6005
f 6003/6003/6003 6005/6005/6005 6006/6006/6006
v 0.2683818 0.0982898 0.7040000
v 0.2743818 0.1086821 0.7040000
v 0.2743818 0.1086821 0.7100000
v 0.2683818 0.0982898 0.7100000
vt 0.0200000 0.4800000
vt 0.0200000 0.2700000
vt 0.2300000 0.2700000
vt 0.2300000 0.4800000
vn 0.8660254 -0.5000000 0.0000000
vn 0.8660254 -0.5000000 0.0000000
vn 0.8660254 -0.5000000 0.0000000
vn 0.8660254 -0.5000000 0.0000000
f 6007/6007/6007 6008/6008/6008 6009/6009/6009
f 6007/6007/6007 6009/6009/6009 6010/6010/6010
v 0.2743818 0.1086821 0.7100000
v 0.2683818 0.1190744 0.7100000
v 0.2563818 0.1190744 0.7100000
v 0.2503818 0.1086821 0.7100000
v 0.2563818 0.0982898 0.7100000
v 0.2683818 0.0982898 0.7100000
vt 0.2300000 0.3750000
vt 0.1775000 0.2700000
vt 0.0725000 0.2700000
vt 0.0200000 0.3750000
vt 0.0725000 0.4800000
vt 0.1775000 0.4800000
vn 0.0000000 0.0000000 1.0000000
vn 0.0000000 0.0000000 1.0000000
vn 0.0000000 0.0000000 1.0000000
vn 0.0000000 0.0000000 1.0000000
vn 0.0000000 0.0000000 1.0000000
vn 0.0000000 0.0000000 1.0000000
f 6011/6011/6011 6012/6012/6012 6013/6013/6013
f 6011/6011/6011 6013/6013/6013 6014/6014/6014
f 6011/6011/6011 6014/6014/6014 6015/6015/6015
f 6011/6011/6011 6015/6015/6015 6016/6016/6016
v 0.2068183 0.1904260 0.7040000
v 0.1948183 0.1904260 0.7040000
v 0.1888183 0.2008183 0.7040000
v 0.1948183 0.2112106 0.7040000
v 0.2068183 0.2112106 0.7040000
v 0.2128183 0.2008183 0.7040000
vt 0.1775000 0.4800000
vt 0.0725000 0.4800000
vt 0.0200000 0.3750000
vt 0.0725000 0.2700000
vt 0.1775000 0.2700000
vt 0.2300000 0.3750000
vn 0.0000000 0.0000000 -1.0000000
vn 0.0000000 0.0000000 -1.0000000
vn 0.0000000 0.0000000 -1.0000000
vn 0.0000000 0.0000000 -1.0000000
vn 0.0000000 0.0000000 -1.0000000
vn 0.0000000 0.0000000 -1.0000000
f 6017/6017/6017 6018/6018/6018 6019/6019/6019
f 6017/6017/6017 6019/6019/6019 6020/6020/6020
f 6017/6017/6017 6020/6020/6020 6021/6021/6021
f 6017/6017/6017 6021/6021/6021 6022/6022/6022
v 0.2128183 0.2008183 0.7040000
v 0.2068183 0.2112106 0.7040000
v 0.2068183 0.2112106 0.7100000
v 0.2128183 0.2008183 0.7100000
vt 0.0200000 0.4800000
vt 0.0200000 0.2700000
vt 0.2300000 0.2700000
vt 0.2300000 0.4800000
vn 0.8660254 0.5000000 0.0000000
vn 0.8660254 0.5000000 0.0000000
vn 0.8660254 0.5000000 0.0000000
vn 0.8660254 0.5000000 0.0000000
f 6023/6023/6023 6024/6024/6024 6025/6025/6025
f 6023/6023/6023 6025/6025/6025 6026/6026/6026
v 0.2068183 0.2112106 0.7040000
v 0.1948183 0.2112106 0.7040000
v 0.1948183 0.2112106 0.7100000
v 0.2068183 0.2112106 0.7100000
vt 0.2300000 0.4800000
vt 0.0200000 0.4800000
vt 0.0200000 0.2700000
vt 0.2300000 0.2700000
vn 0.0000000 1.0000000 0.0000000
vn 0.0000000 1.0000000 0.0000000
vn 0.0000000 1.0000000 0.0000000
vn 0.0000000 1.0000000 0.0000000
f 6027/6027/6027 6028/6028/6028 6029/6029/6029
f 6027/6027/6027 6029/6029/6029 6030/6030/6030
v 0.1948183 0.2112106 0.7040000
v 0.1888183 0.2008183 0.7040000
v 0.1888183 0.2008183 0.7100000
v 0.1948183 0.2112106 0.7100000
vt 0.0200000 0.2700000
vt 0.0200000 0.4800000
vt 0.2300000 0.4800000
vt 0.2300000 0.2700000
vn -0.8660254 0.5000000 0.0000000
vn -0.8660254 0.5000000 0.0000000
vn -0.8660254 0.5000000 0.0000000
vn -0.8660254 0.5000000 0.0000000
f 6031/6031/6031 6032/6032/6032 6033/6033/6033
f 6031/6031/6031 6033/6033/6033 6034/6034/6034
v 0.1888183 0.2008183 0.7040000
v 0.1948183 0.1904260 0.7040000
v 0.1948183 0.1904260 0.7100000
v 0.1888183 0.2008183 0.7100000
vt 0.0200000 0.2700000
vt 0.0200000 0.4800000
vt 0.2300000 0.4800000
vt 0.2300000 0.2700000
vn -0.8660254 -0.5000000 0.0000000
vn -0.8660254 -0.5000000 0.0000000
vn -0.8660254 -0.5000000 0.0000000
vn -0.8660254 -0.5000000 0.0000000
f 6035/6035/6035 6036/6036/6036 6037/6037/6037
f 6035/6035/6035 6037/6037/6037 6038/6038/6038
v 0.1948183 0.1904260 0.7040000
v 0.2068183 0.1904260 0.7040000
v 0.2068183 0.1904260 0.7100000
v 0.1948183 0.1904260 0.7100000
vt 0.0200000 0.4800000
vt 0.2300000 0.4800000
vt 0.2300000 0.2700000
vt 0.0200000 0.2700000
vn 0.0000000 -1.0000000 0.0000000
vn 0.0000000 -1.0000000 0.0000000
vn 0.0000000 -1.0000000 0.0000000
vn 0.0000000 -1.0000000 0.0000000
f 6039/6039/6039 6040/6040/6040 6041/6041/6041
f 6039/6039/6039 6041/6041/6041 6042/6042/6042
v 0.2068183 0.1904260 0.7040000
v 0.2128183 0.2008183 0.7040000
v 0.2128183 0.2008183 0.7100000
v 0.2068183 0.1904260 0.7100000
vt 0.0200000 0.4800000
vt 0.0200000 0.2700000
vt 0.2300000 0.2700000
vt 0.2300000 0.4800000
vn 0.8660254 -0.5000000 0.0000000
vn 0.8660254 -0.5000000 0.0000000
vn 0.8660254 -0.5000000 0.0000000
vn 0.8660254 -0.5000000 0.0000000
f 6043/6043/6043 6044/6044/6044 6045/6045/6045
f 6043/6043/6043 6045/6045/6045 6046/6046/6046
v 0.2128183 0.2008183 0.7100000
v 0.2068183 0.2112106 0.7100000
v 0.1948183 0.2112106 0.7100000
v 0.1888183 0.2008183 0.7100000
v 0.1948183 0.1904260 0.7100000
v 0.2068183 0.1904260 0.7100000
vt 0.2300000 0.3750000
vt 0.1775000 0.2700000
vt 0.0725000 0.2700000
vt 0.0200000 0.3750000
vt 0.0725000 0.4800000
vt 0.1775000 0.4800000
vn 0.0000000 0.0000000 1.0000000
vn 0.0000000 0.0000000 1.0000000
vn 0.0000000 0.0000000 1.0000000
vn 0.0000000 0.0000000 1.0000000
vn 0.0000000 0.0000000 1.0000000
vn 0.0000000 0.0000000 1.0000000
f 6047/6047/6047 6048/6048/6048 6049/6049/6049
f 6047/6047/6047 6049/6049/6049 6050/6050/6050
f 6047/6047/6047 6050/6050/6050 6051/6051/6051
f 6047/6047/6047 6051/6051/6051 6052/6052/6052
v 0.1146821 0.2519895 0.7040000
v 0.1026821 0.2519895 0.7040000
v 0.0966821 0.2623818 0.7040000
v 0.1026821 0.2727741 0.7040000
v 0.1146821 0.2727741 0.7040000
v 0.1206821 0.2623818 0.7040000
vt 0.1775000 0.4800000
vt 0.0725000 0.4800000
vt 0.0200000 0.3750000
vt 0.0725000 0.2700000
vt 0.1775000 0.2700000
vt 0.2300000 0.3750000
vn 0.0000000 0.0000000 -1.0000000
vn 0.0000000 0.0000000 -1.0000000
vn 0.0000000 0.0000000 -1.0000000
vn 0.0000000 0.0000000 -1.0000000
vn 0.0000000 0.0000000 -1.0000000
vn 0.0000000 0.0000000 -1.0000000
f 6053/6053/6053 6054/6054/6054 6055/6055/6055
f 6053/6053/6053 6055/6055/6055 6056/6056/6056
f 6053/6053/6053 6056/6056/6056 6057/6057/6057
f 6053/6053/6053 6057/6057/6057 6058/6058/6058
v 0.1206821 0.2623818 0.7040000
v 0.1146821 0.2727741 0.7040000
v 0.1146821 0.2727741 0.7100000
v 0.1206821 0.2623818 0.7100000
vt 0.0200000 0.4800000
vt 0.0200000 0.2700000
vt 0.2300000 0.2700000
vt 0.2300000 0.4800000
vn 0.8660254 0.5000000 0.0000000
vn 0.8660254 0.5000000 0.0000000
vn 0.8660254 0.5000000 0.0000000
vn 0.8660254 0.5000000 0.0000000
f 6059/6059/6059 6060/6060/6060 6061/6061/6061
f 6059/6059/6059 6061/6061/6061 6062/6062/6062
v 0.1146821 0.2727741 0.7040000
v 0.1026821 0.2727741 0.7040000
v 0.1026821 0.2727741 0.7100000
v 0.1146821 0.2727741 0.7100000
vt 0.2300000 0.4800000
vt 0.0200000 0.4800000
vt 0.0200000 0.2700000
vt 0.2300000 0.2700000
vn 0.0000000 1.0000000 0.0000000
vn 0.0000000 1.0000000 0.0000000
vn 0.0000000 1.0000000 0.0000000
vn 0.0000000 1.0000000 0.0000000
f 6063/6063/6063 6064/6064/6064 6065/6065/6065
f 6063/6063/6063 6065/6065/6065 6066/6066/6066
v 0.1026821 0.2727741 0.7040000
v 0.0966821 0.2623818 0.7040000
v 0.0966821 0.2623818 0.7100000
v 0.1026821 0.2727741 0.7100000
vt 0.0200000 0.2700000
vt 0.0200000 0.4800000
vt 0.2300000 0.4800000
vt 0.2300000 0.2700000
vn -0.8660254 0.5000000 0.0000000
vn -0.8660254 0.5000000 0.0000000
vn -0.8660254 0.5000000 0.0000000
vn -0.8660254 0.5000000 0.0000000
f 6067/6067/6067 6068/6068/6068 6069/6069/6069
f 6067/6067/6067 6069/6069/6069 6070/6070/6070
v 0.0966821 0.2623818 0.7040000
v 0.1026821 0.2519895 0.7040000
v 0.1026821 0.2519895 0.7100000
v 0.0966821 0.2623818 0.7100000
vt 0.0200000 0.2700000
vt 0.0200000 0.4800000
vt 0.2300000 0.4800000
vt 0.2300000 0.2700000
vn -0.8660254 -0.5000000 0.0000000
vn -0.8660254 -0.5000000 0.0000000
vn -0.8660254 -0.5000000 0.0000000
vn -0.8660254 -0.5000000 0.0000000
f 6071/6071/6071 6072/6072/6072 6073/6073/6073
f 6071/6071/6071 6073/6073/6073 6074/6074/6074
v 0.1026821 0.2519895 0.7040000
v 0.1146821 0.2519895 0.7040000
v 0.1146821 0.2519895 0.7100000
v 0.1026821 0.2519895 0.7100000
vt 0.0200000 0.4800000
vt 0.2300000 0.4800000
vt 0.2300000 0.2700000
vt 0.0200000 0.2700000
vn 0.0000000 -1.0000000 0.0000000
vn 0.0000000 -1.0000000 0.0000000
vn 0.0000000 -1.0000000 0.0000000
vn 0.0000000 -1.0000000 0.0000000
f 6075/6075/6075 6076/6076/6076 6077/6077/6077
f 6075/6075/6075 6077/6077/6077 6078/6078/6078
v 0.1146821 0.2519895 0.7040000
v 0.1206821 0.2623818 0.7040000
v 0.1206821 0.2623818 0.7100000
v 0.1146821 0.2519895 0.7100000
vt 0.0200000 0.4800000
vt 0.0200000 0.2700000
vt 0.2300000 0.2700000
vt 0.2300000 0.4800000
vn 0.8660254 -0.5000000 0.0000000
vn 0.8660254 -0.5000000 0.0000000
vn 0.8660254 -0.5000000 0.0000000
vn 0.8660254 -0.5000000 0.0000000
f 6079/6079/6079 6080/6080/6080 6081/6081/6081
f 6079/6079/6079 6081/6081/6081 6082/6082/6082
v 0.1206821 0.2623818 0.7100000
v 0.1146821 0.2727741 0.7100000
v 0.1026821 0.2727741 0.7100000
v 0.0966821 0.2623818 0.7100000
v 0.1026821 0.2519895 0.7100000
v 0.1146821 0.2519895 0.7100000
vt 0.2300000 0.3750000
vt 0.1775000 0.2700000
vt 0.0725000 0.2700000
vt 0.0200000 0.3750000
vt 0.0725000 0.4800000
vt 0.1775000 0.4800000
vn 0.0000000 0.0000000 1.0000000
vn 0.0000000 0.0000000 1.0000000
vn 0.0000000 0.0000000 1.0000000
vn 0.0000000 0.0000000 1.0000000
vn 0.0000000 0.0000000 1.0000000
vn 0.0000000 0.0000000 1.0000000
f 6083/6083/6083 6084/6084/6084 6085/6085/6085
f 6083/6083/6083 6085/6085/6085 6086/6086/6086
f 6083/6083/6083 6086/6086/6086 6087/6087/6087
f 6083/6083/6083 6087/6087/6087 6088/6088/6088
v 0.0060000 0.2736077 0.7040000
v -0.0060000 0.2736077 0.7040000
v -0.0120000 0.2840000 0.7040000
v -0.0060000 0.2943923 0.7040000
v 0.0060000 0.2943923 0.7040000
v 0.0120000 0.2840000 0.7040000
vt 0.1775000 0.4800000
vt 0.0725000 0.4800000
vt 0.0200000 0.3750000
vt 0.0725000 0.2700000
vt 0.1775000 0.2700000
vt 0.2300000 0.3750000
vn 0.0000000 0.0000000 -1.0000000
vn 0.0000000 0.0000000 -1.0000000
vn 0.0000000 0.0000000 -1.0000000
vn 0.0000000 0.0000000 -1.0000000
vn 0.0000000 0.0000000 -1.0000000
vn 0.0000000 0.0000000 -1.0000000
f 6089/6089/6089 6090/6090/6090 6091/6091/6091
f 6089/6089/6089 6091/6091/6091 6092/6092/6092
f 6089/6089/6089 6092/6092/6092 6093/6093/6093
f 6089/6089/6089 6093/6093/6093 6094/6094/6094
v 0.0120000 0.2840000 0.7040000
v 0.0060000 0.2943923 0.7040000
v 0.0060000 0.2943923 0.7100000
v 0.0120000 0.2840000 0.7100000
vt 0.0200000 0.4800000
vt 0.0200000 0.2700000
vt 0.2300000 0.2700000
vt 0.2300000 0.4800000
vn 0.8660254 0.5000000 0.0000000
vn 0.8660254 0.5000000 0.0000000
vn 0.8660254 0.5000000 0.0000000
vn 0.8660254 0.5000000 0.0000000
f 6095/6095/6095 6096/6096/6096 6097/6097/6097
f 6095/6095/6095 6097/6097/6097 6098/6098/6098
v 0.0060000 0.2943923 0.7040000
v -0.0060000 0.2943923 0.7040000
v -0.0060000 0.2943923 0.7100000
v 0.0060000 0.2943923 0.7100000
vt 0.2300000 0.4800000
vt 0.0200000 0.4800000
vt 0.0200000 0.2700000
vt 0.2300000 0.2700000
vn 0.0000000 1.0000000 0.0000000
vn 0.0000000 1.0000000 0.0000000
vn 0.0000000 1.0000000 0.0000000
vn 0.0000000 1.0000000 0.0000000
f 6099/6099/6099 6100/6100/6100 6101/6101/6101
f 6099/6099/6099 6101/6101/6101 6102/6102/6102
v -0.0060000 0.2943923 0.7040000
v -0.0120000 0.2840000 0.7040000
v -0.0120000 0.2840000 0.7100000
v -0.0060000 0.2943923 0.7100000
vt 0.0200000 0.2700000
vt 0.0200000 0.4800000
vt 0.2300000 0.4800000
vt 0.2300000 0.2700000
vn -0.8660254 0.5000000 0.0000000
vn -0.8660254 0.5000000 0.0000000
vn -0.8660254 0.5000000 0.0000000
vn -0.8660254 0.5000000 0.0000000
f 6103/6103/6103 6104/6104/6104 6105/6105/6105
f 6103/6103/6103 6105/6105/6105 6106/6106/6106
v -0.0120000 0.2840000 0.7040000
v -0.0060000 0.2736077 0.7040000
v -0.0060000 0.2736077 0.7100000
v -0.0120000 0.2840000 0.7100000
vt 0.0200000 0.2700000
vt 0.0200000 0.4800000
vt 0.2300000 0.4800000
vt 0.2300000 0.2700000
vn -0.8660254 -0.5000000 0.0000000
vn -0.8660254 -0.5000000 0.0000000
vn -0.8660254 -0.5000000 0.0000000
vn -0.8660254 -0.5000000 0.0000000
f 6107/6107/6107 6108/6108/6108 6109/6109/6109
f 6107/6107/6107 6109/6109/6109 6110/6110/6110
v -0.0060000 0.2736077 0.7040000
v 0.0060000 0.2736077 0.7040000
v 0.0060000 0.2736077 0.7100000
v -0.0060000 0.2736077 0.7100000
vt 0.0200000 0.4800000
vt 0.2300000 0.4800000
vt 0.2300000 0.2700000
vt 0.0200000 0.2700000
vn 0.0000000 -1.0000000 0.0000000
vn 0.0000000 -1.0000000 0.0000000
vn 0.0000000 -1.0000000 0.0000000
vn 0.0000000 -1.0000000 0.0000000
f 6111/6111/6111 6112/6112/6112 6113/6113/6113
f 6111/6111/6111 6113/6113/6113 6114/6114/6114
v 0.0060000 0.2736077 0.7040000
v 0.0120000 0.2840000 0.7040000
v 0.0120000 0.2840000 0.7100000
v 0.0060000 0.2736077 0.7100000
vt 0.0200000 0.4800000
vt 0.0200000 0.2700000
vt 0.2300000 0.2700000
vt 0.2300000 0.4800000
vn 0.8660254 -0.5000000 0.0000000
vn 0.8660254 -0.5000000 0.0000000
vn 0.8660254 -0.5000000 0.0000000
vn 0.8660254 -0.5000000 0.0000000
f 6115/6115/6115 6116/6116/6116 6117/6117/6117
f 6115/6115/6115 6117/6117/6117 6118/6118/6118
v 0.0120000 0.2840000 0.7100000
v 0.0060000 0.2943923 0.7100000
v -0.0060000 0.2943923 0.7100000
v -0.0120000 0.2840000 0.7100000
v -0.0060000 0.2736077 0.7100000
v 0.0060000 0.2736077 0.7100000
vt 0.2300000 0.3750000
vt 0.1775000 0.2700000
vt 0.0725000 0.2700000
vt 0.0200000 0.3750000
vt 0.0725000 0.4800000
vt 0.1775000 0.4800000
vn 0.0000000 0.0000000 1.0000000
vn 0.0000000 0.0000000 1.0000000
vn 0.0000000 0.0000000 1.0000000
vn 0.0000000 0.0000000 1.0000000
vn 0.0000000 0.0000000 1.0000000
vn 0.0000000 0.0000000 1.0000000
f 6119/6119/6119 6120/6120/6120 6121/6121/6121
f 6119/6119/6119 6121/6121/6121 6122/6122/6122
f 6119/6119/6119 6122/6122/6122 6123/6123/6123
f 6119/6119/6119 6123/6123/6123 6124/6124/6124
v -0.1026821 0.2519895 0.7040000
v -0.1146821 0.2519895 0.7040000
v -0.1206821 0.2623818 0.7040000
v -0.1146821 0.2727741 0.7040000
v -0.1026821 0.2727741 0.7040000
v -0.0966821 0.2623818 0.7040000
vt 0.1775000 0.4800000
vt 0.0725000 0.4800000
vt 0.0200000 0.3750000
vt 0.0725000 0.2700000
vt 0.1775000 0.2700000
vt 0.2300000 0.3750000
vn 0.0000000 0.0000000 -1.0000000
vn 0.0000000 0.0000000 -1.0000000
vn 0.0000000 0.0000000 -1.0000000
vn 0.0000000 0.0000000 -1.0000000
vn 0.0000000 0.0000000 -1.0000000
vn 0.0000000 0.0000000 -1.0000000
f 6125/6125/6125 6126/6126/6126 6127/6127/6127
f 6125/6125/6125 6127/6127/6127 6128/6128/6128
f 6125/6125/6125 6128/6128/6128 6129/6129/6129
f 6125/6125/6125 6129/6129/6129 6130/6130/6130
v -0.0966821 0.2623818 0.7040000
v -0.1026821 0.2727741 0.7040000
v -0.1026821 0.2727741 0.7100000
v -0.0966821 0.2623818 0.7100000
vt 0.0200000 0.4800000
vt 0.0200000 0.2700000
vt 0.2300000 0.2700000
vt 0.2300000 0.4800000
vn 0.8660254 0.5000000 0.0000000
vn 0.8660254 0.5000000 0.0000000
vn 0.8660254 0.5000000 0.0000000
vn 0.8660254 0.5000000 0.0000000
f 6131/6131/6131 6132/6132/6132 6133/6133/6133
f 6131/6131/6131 6133/6133/6133 6134/6134/6134
v -0.1026821 0.2727741 0.7040000
v -0.1146821 0.2727741 0.7040000
v -0.1146821 0.2727741 0.7100000
v -0.1026821 0.2727741 0.7100000
vt 0.2300000 0.4800000
vt 0.0200000 0.4800000
vt 0.0200000 0.2700000
vt 0.2300000 0.2700000
vn 0.0000000 1.0000000 0.0000000
vn 0.0000000 1.0000000 0.0000000
vn 0.0000000 1.0000000 0.0000000
vn 0.0000000 1.0000000 0.0000000
f 6135/6135/6135 6136/6136/6136 6137/6137/6137
f 6135/6135/6135 6137/6137/6137 6138/6138/6138
v -0.1146821 0.2727741 0.7040000
v -0.1206821 0.2623818 0.7040000
v -0.1206821 0.2623818 0.7100000
v -0.1146821 0.2727741 0.7100000
vt 0.0200000 0.2700000
vt 0.0200000 0.4800000
vt 0.2300000 0.4800000
vt 0.2300000 0.2700000
vn -0.8660254 0.5000000 0.0000000
vn -0.8660254 0.5000000 0.0000000
vn -0.8660254 0.5000000 0.0000000
vn -0.8660254 0.5000000 0.0000000
f 6139/6139/6139 6140/6140/6140 6141/6141/6141
f 6139/6139/6139 6141/6141/6141 6142/6142/6142
v -0.1206821 0.2623818 0.7040000
v -0.1146821 0.2519895 0.7040000
v -0.1146821 0.2519895 0.7100000
v -0.1206821 0.2623818 0.7100000
vt 0.0200000 0.2700000
vt 0.0200000 0.4800000
vt 0.2300000 0.4800000
vt 0.2300000 0.2700000
vn -0.8660254 -0.5000000 0.0000000
vn -0.8660254 -0.5000000 0.0000000
vn -0.8660254 -0.5000000 0.0000000
vn -0.8660254 -0.5000000 0.0000000
f 6143/6143/6143 6144/6144/6144 6145/6145/6145
f 6143/6143/6143 6145/6145/6145 6146/6146/6146
v -0.1146821 0.2519895 0.7040000
v -0.1026821 0.2519895 0.7040000
v -0.1026821 0.2519895 0.7100000
v -0.1146821 0.2519895 0.7100000
vt 0.0200000 0.4800000
vt 0.2300000 0.4800000
vt 0.2300000 0.2700000
vt 0.0200000 0.2700000
vn 0.0000000 -1.0000000 0.0000000
vn 0.0000000 -1.0000000 0.0000000
vn 0.0000000 -1.0000000 0.0000000
vn 0.0000000 -1.0000000 0.0000000
f 6147/6147/6147 6148/6148/6148 6149/6149/6149
f 6147/6147/6147 6149/6149/6149 6150/6150/6150
v -0.1026821 0.2519895 0.7040000
v -0.0966821 0.2623818 0.7040000
v -0.0966821 0.2623818 0.7100000
v -0.1026821 0.2519895 0.7100000
vt 0.0200000 0.4800000
vt 0.0200000 0.2700000
vt 0.2300000 0.2700000
vt 0.2300000 0.4800000
vn 0.8660254 -0.5000000 0.0000000
vn 0.8660254 -0.5000000 0.0000000
vn 0.8660254 -0.5000000 0.0000000
vn 0.8660254 -0.5000000 0.0000000
f 6151/6151/6151 6152/6152/6152 6153/6153/6153
f 6151/6151/6151 6153/6153/6153 6154/6154/6154
v -0.0966821 0.2623818 0.7100000
v -0.1026821 0.2727741 0.7100000
v -0.1146821 0.2727741 0.7100000
v -0.1206821 0.2623818 0.7100000
v -0.1146821 0.2519895 0.7100000
v -0.1026821 0.2519895 0.7100000
vt 0.2300000 0.3750000
vt 0.1775000 0.2700000
vt 0.0725000 0.2700000
vt 0.0200000 0.3750000
vt 0.0725000 0.4800000
vt 0.1775000 0.4800000
vn 0.0000000 0.0000000 1.0000000
vn 0.0000000 0.0000000 1.0000000
vn 0.0000000 0.0000000 1.0000000
vn 0.0000000 0.0000000 1.0000000
vn 0.0000000 0.0000000 1.0000000
vn 0.0000000 0.0000000 1.0000000
f 6155/6155/6155 6156/6156/6156 6157/6157/6157
f 6155/6155/6155 6157/6157/6157 6158/6158/6158
f 6155/6155/6155 6158/6158/6158 6159/6159/6159
f 6155/6155/6155 6159/6159/6159 6160/6160/6160
v -0.1948183 0.1904260 0.7040000
v -0.2068183 0.1904260 0.7040000
v -0.2128183 0.2008183 0.7040000
v -0.2068183 0.2112106 0.7040000
v -0.1948183 0.2112106 0.7040000
v -0.1888183 0.2008183 0.7040000
vt 0.1775000 0.4800000
vt 0.0725000 0.4800000
vt 0.0200000 0.3750000
vt 0.0725000 0.2700000
vt 0.1775000 0.2700000
vt 0.2300000 0.3750000
vn 0.0000000 0.0000000 -1.0000000
vn 0.0000000 0.0000000 -1.0000000
vn 0.0000000 0.0000000 -1.0000000
vn 0.0000000 0.0000000 -1.0000000
vn 0.0000000 0.0000000 -1.0000000
vn 0.0000000 0.0000000 -1.0000000
f 6161/6161/6161 6162/6162/6162 6163/6163/6163
f 6161/6161/6161 6163/6163/6163 6164/6164/6164
f 6161/6161/6161 6164/6164/6164 6165/6165/6165
f 6161/6161/6161 6165/6165/6165 6166/6166/6166
v -0.1888183 0.2008183 0.7040000
v -0.1948183 0.2112106 0.7040000
v -0.1948183 0.2112106 0.7100000
v -0.1888183 0.2008183 0.7100000
vt 0.0200000 0.4800000
vt 0.0200000 0.2700000
vt 0.2300000 0.2700000
vt 0.2300000 0.4800000
vn 0.8660254 0.5000000 0.0000000
vn 0.8660254 0.5000000 0.0000000
vn 0.8660254 0.5000000 0.0000000
vn 0.8660254 0.5000000 0.0000000
f 6167/6167/6167 6168/6168/6168 6169/6169/6169
f 6167/6167/6167 6169/6169/6169 6170/6170/6170
v -0.1948183 0.2112106 0.7040000
v -0.2068183 0.2112106 0.7040000
v -0.2068183 0.2112106 0.7100000
v -0.1948183 0.2112106 0.7100000
vt 0.2300000 0.4800000
vt 0.0200000 0.4800000
vt 0.0200000 0.2700000
vt 0.2300000 0.2700000
vn 0.0000000 1.0000000 0.0000000
vn 0.0000000 1.0000000 0.0000000
vn 0.0000000 1.0000000 0.0000000
vn 0.0000000 1.0000000 0.0000000
f 6171/6171/6171 6172/6172/6172 6173/6173/6173
f 6171/6171/6171 6173/6173/6173 6174/6174/6174
v -0.2068183 0.2112106 0.7040000
v -0.2128183 0.2008183 0.7040000
v -0.2128183 0.2008183 0.7100000
v -0.2068183 0.2112106 0.7100000
vt 0.0200000 0.2700000
vt 0.0200000 0.4800000
vt 0.2300000 0.4800000
vt 0.2300000 0.2700000
vn -0.8660254 0.5000000 0.0000000
vn -0.8660254 0.5000000 0.0000000
vn -0.8660254 0.5000000 0.0000000
vn -0.8660254 0.5000000 0.0000000
f 6175/6175/6175 6176/6176/6176 6177/6177/6177
f 6175/6175/6175 6177/6177/6177 6178/6178/6178
v -0.2128183 0.2008183 0.7040000
v -0.2068183 0.1904260 0.7040000
v -0.2068183 0.1904260 0.7100000
v -0.2128183 0.2008183 0.7100000
vt 0.0200000 0.2700000
vt 0.0200000 0.4800000
vt 0.2300000 0.4800000
vt 0.2300000 0.2700000
vn -0.8660254 -0.5000000 0.0000000
vn -0.8660254 -0.5000000 0.0000000
vn -0.8660254 -0.5000000 0.0000000
vn -0.8660254 -0.5000000 0.0000000
f 6179/6179/6179 6180/6180/6180 6181/6181/6181
f 6179/6179/6179 6181/6181/6181 6182/6182/6182
v -0.2068183 0.1904260 0.7040000
v -0.1948183 0.1904260 0.7040000
v -0.1948183 0.1904260 0.7100000
v -0.2068183 0.1904260 0.7100000
vt 0.0200000 0.4800000
vt 0.2300000 0.4800000
vt 0.2300000 0.2700000
vt 0.0200000 0.2700000
vn 0.0000000 -1.0000000 0.0000000
vn 0.0000000 -1.0000000 0.0000000
vn 0.0000000 -1.0000000 0.0000000
vn 0.0000000 -1.0000000 0.0000000
f 6183/6183/6183 6184/6184/6184 6185/6185/6185
f 6183/6183/6183 6185/6185/6185 6186/6186/6186
v -0.1948183 0.1904260 0.7040000
v -0.1888183 0.2008183 0.7040000
v -0.1888183 0.2008183 0.7100000
v -0.1948183 0.1904260 0.7100000
vt 0.0200000 0.4800000
vt 0.0200000 0.2700000
vt 0.2300000 0.2700000
vt 0.2300000 0.4800000
vn 0.8660254 -0.5000000 0.0000000
vn 0.8660254 -0.5000000 0.0000000
vn 0.8660254 -0.5000000 0.0000000
vn 0.8660254 -0.5000000 0.0000000
f 6187/6187/6187 6188/6188/6188 6189/6189/6189
f 6187/6187/6187 6189/6189/6189 6190/6190/6190
v -0.1888183 0.2008183 0.7100000
v -0.1948183 0.2112106 0.7100000
v -0.2068183 0.2112106 0.7100000
v -0.2128183 0.2008183 0.7100000
v -0.2068183 0.1904260 0.7100000
v -0.1948183 0.1904260 0.7100000
vt 0.2300000 0.3750000
vt 0.1775000 0.2700000
vt 0.0725000 0.2700000
vt 0.0200000 0.3750000
vt 0.0725000 0.4800000
vt 0.1775000 0.4800000
vn 0.0000000 0.0000000 1.0000000
vn 0.0000000 0.0000000 1.0000000
vn 0.0000000 0.0000000 1.0000000
vn 0.0000000 0.0000000 1.0000000
vn 0.0000000 0.0000000 1.0000000
vn 0.0000000 0.0000000 1.0000000
f 6191/6191/6191 6192/6192/6192 6193/6193/6193
f 6191/6191/6191 6193/6193/6193 6194/6194/6194
f 6191/6191/6191 6194/6194/6194 6195/6195/6195
f 6191/6191/6191 6195/6195/6195 6196/6196/6196
v -0.2563818 0.0982898 0.7040000
v -0.2683818 0.0982898 0.7040000
v -0.2743818 0.1086821 0.7040000
v -0.2683818 0.1190744 0.7040000
v -0.2563818 0.1190744 0.7040000
v -0.2503818 0.1086821 0.7040000
vt 0.1775000 0.4800000
vt 0.0725000 0.4800000
vt 0.0200000 0.3750000
vt 0.0725000 0.2700000
vt 0.1775000 0.2700000
vt 0.2300000 0.3750000
vn 0.0000000 0.0000000 -1.0000000
vn 0.0000000 0.0000000 -1.0000000
vn 0.0000000 0.0000000 -1.0000000
vn 0.0000000 0.0000000 -1.0000000
vn 0.0000000 0.0000000 -1.0000000
vn 0.0000000 0.0000000 -1.0000000
f 6197/6197/6197 6198/6198/6198 6199/6199/6199
f 6197/6197/6197 6199/6199/6199 6200/6200/6200
f 6197/6197/6197 6200/6200/6200 6201/6201/6201
f 6197/6197/6197 6201/6201/6201 6202/6202/6202
v -0.2503818 0.1086821 0.7040000
v -0.2563818 0.1190744 0.7040000
v -0.2563818 0.1190744 0.7100000
v -0.2503818 0.1086821 0.7100000
vt 0.0200000 0.4800000
vt 0.0200000 0.2700000
vt 0.2300000 0.2700000
vt 0.2300000 0.4800000
vn 0.8660254 0.5000000 0.0000000
vn 0.8660254 0.5000000 0.0000000
vn 0.8660254 0.5000000 0.0000000
vn 0.8660254 0.5000000 0.0000000
f 6203/6203/6203 6204/6204/6204 6205/6205/6205
f 6203/6203/6203 6205/6205/6205 6206/6206/6206
v -0.2563818 0.1190744 0.7040000
v -0.2683818 0.1190744 0.7040000
v -0.2683818 0.1190744 0.7100000
v -0.2563818 0.1190744 0.7100000
vt 0.0200000 0.2700000
vt 0.0200000 0.4800000
vt 0.2300000 0.4800000
vt 0.2300000 0.2700000
vn 0.0000000 1.0000000 0.0000000
vn 0.0000000 1.0000000 0.0000000
vn 0.0000000 1.0000000 0.0000000
vn 0.0000000 1.0000000 0.0000000
f 6207/6207/6207 6208/6208/6208 6209/6209/6209
f 6207/6207/6207 6209/6209/6209 6210/6210/6210
v -0.2683818 0.1190744 0.7040000
v -0.2743818 0.1086821 0.7040000
v -0.2743818 0.1086821 0.7100000
v -0.2683818 0.1190744 0.7100000
vt 0.0200000 0.2700000
vt 0.0200000 0.4800000
vt 0.2300000 0.4800000
vt 0.2300000 0.2700000
vn -0.8660254 0.5000000 0.0000000
vn -0.8660254 0.5000000 0.0000000
vn -0.8660254 0.5000000 0.0000000
vn -0.8660254 0.5000000 0.0000000
f 6211/6211/6211 6212/6212/6212 6213/6213/6213
f 6211/6211/6211 6213/6213/6213 6214/6214/6214
v -0.2743818 0.1086821 0.7040000
v -0.2683818 0.0982898 0.7040000
v -0.2683818 0.0982898 0.7100000
v -0.2743818 0.1086821 0.7100000
vt 0.0200000 0.2700000
vt 0.0200000 0.4800000
vt 0.2300000 0.4800000
vt 0.2300000 0.2700000
vn -0.8660254 -0.5000000 0.0000000
vn -0.8660254 -0.5000000 0.0000000
vn -0.8660254 -0.5000000 0.0000000
vn -0.8660254 -0.5000000 0.0000000
f 6215/6215/6215 6216/6216/6216 6217/6217/6217
f 6215/6215/6215 6217/6217/6217 6218/6218/6218
v -0.2683818 0.0982898 0.7040000
v -0.2563818 0.0982898 0.7040000
v -0.2563818 0.0982898 0.7100000
v -0.2683818 0.0982898 0.7100000
vt 0.0200000 0.4800000
vt 0.2300000 0.4800000
vt 0.2300000 0.2700000
vt 0.0200000 0.2700000
vn 0.0000000 -1.0000000 0.0000000
vn 0.0000000 -1.0000000 0.0000000
vn 0.0000000 -1.0000000 0.0000000
vn 0.0000000 -1.0000000 0.0000000
f 6219/6219/6219 6220/6220/6220 6221/6221/6221
f 6219/6219/6219 6221/6221/6221 6222/6222/6222
v -0.2563818 0.0982898 0.7040000
v -0.2503818 0.1086821 0.7040000
v -0.2503818 0.1086821 0.7100000
v -0.2563818 0.0982898 0.7100000
vt 0.0200000 0.4800000
vt 0.0200000 0.2700000
vt 0.2300000 0.2700000
vt 0.2300000 0.4800000
vn 0.8660254 -0.5000000 0.0000000
vn 0.8660254 -0.5000000 0.0000000
vn 0.8660254 -0.5000000 0.0000000
vn 0.8660254 -0.5000000 0.0000000
f 6223/6223/6223 6224/6224/6224 6225/6225/6225
f 6223/6223/6223 6225/6225/6225 6226/6226/6226
v -0.2503818 0.1086821 0.7100000
v -0.2563818 0.1190744 0.7100000
v -0.2683818 0.1190744 0.7100000
v -0.2743818 0.1086821 0.7100000
v -0.2683818 0.0982898 0.7100000
v -0.2563818 0.0982898 0.7100000
vt 0.2300000 0.3750000
vt 0.1775000 0.2700000
vt 0.0725000 0.2700000
vt 0.0200000 0.3750000
vt 0.0725000 0.4800000
vt 0.1775000 0.4800000
vn 0.0000000 0.0000000 1.0000000
vn 0.0000000 0.0000000 1.0000000
vn 0.0000000 0.0000000 1.0000000
vn 0.0000000 0.0000000 1.0000000
vn 0.0000000 0.0000000 1.0000000
vn 0.0000000 0.0000000 1.0000000
f 6227/6227/6227 6228/6228/6228 6229/6229/6229
f 6227/6227/6227 6229/6229/6229 6230/6230/6230
f 6227/6227/6227 6230/6230/6230 6231/6231/6231
f 6227/6227/6227 6231/6231/6231 6232/6232/6232
v -0.2780000 -0.0103923 0.7040000
v -0.2900000 -0.0103923 0.7040000
v -0.2960000 0.0000000 0.7040000
v -0.2900000 0.0103923 0.7040000
v -0.2780000 0.0103923 0.7040000
v -0.2720000 0.0000000 0.7040000
vt 0.1775000 0.4800000
vt 0.0725000 0.4800000
vt 0.0200000 0.3750000
vt 0.0725000 0.2700000
vt 0.1775000 0.2700000
vt 0.2300000 0.3750000
vn 0.0000000 0.0000000 -1.0000000
vn 0.0000000 0.0000000 -1.0000000
vn 0.0000000 0.0000000 -1.0000000
vn 0.0000000 0.0000000 -1.0000000
vn 0.0000000 0.0000000 -1.0000000
vn 0.0000000 0.0000000 -1.0000000
f 6233/6233/6233 6234/6234/6234 6235/6235/6235
f 6233/6233/6233 6235/6235/6235 6236/6236/6236
f 6233/6233/6233 6236/6236/6236 6237/6237/6237
f 6233/6233/6233 6237/6237/6237 6238/6238/6238
v -0.2720000 0.0000000 0.7040000
v -0.2780000 0.0103923 0.7040000
v -0.2780000 0.0103923 0.7100000
v -0.2720000 0.0000000 0.7100000
vt 0.0200000 0.4800000
vt 0.0200000 0.2700000
vt 0.2300000 0.2700000
vt 0.2300000 0.4800000
vn 0.8660254 0.5000000 0.0000000
vn 0.8660254 0.5000000 0.0000000
vn 0.8660254 0.5000000 0.0000000
vn 0.8660254 0.5000000 0.0000000
f 6239/6239/6239 6240/6240/6240 6241/6241/6241
f 6239/6239/6239 6241/6241/6241 6242/6242/6242
v -0.2780000 0.0103923 0.7040000
v -0.2900000 0.0103923 0.7040000
v -0.2900000 0.0103923 0.7100000
v -0.2780000 0.0103923 0.7100000
vt 0.0200000 0.2700000
vt 0.0200000 0.4800000
vt 0.2300000 0.4800000
vt 0.2300000 0.2700000
vn 0.0000000 1.0000000 0.0000000
vn 0.0000000 1.0000000 0.0000000
vn 0.0000000 1.0000000 0.0000000
vn 0.0000000 1.0000000 0.0000000
f 6243/6243/6243 6244/6244/6244 6245/6245/6245
f 6243/6243/6243 6245/6245/6245 6246/6246/6246
v -0.2900000 0.0103923 0.7040000
v -0.2960000 0.0000000 0.7040000
v -0.2960000 0.0000000 0.7100000
v -0.2900000 0.0103923 0.7100000
vt 0.0200000 0.2700000
vt 0.0200000 0.4800000
vt 0.2300000 0.4800000
vt 0.2300000 0.2700000
vn -0.8660254 0.5000000 0.0000000
vn -0.8660254 0.5000000 0.0000000
vn -0.8660254 0.5000000 0.0000000
vn -0.8660254 0.5000000 0.0000000
f 6247/6247/6247 6248/6248/6248 6249/6249/6249
f 6247/6247/6247 6249/6249/6249 6250/6250/6250
v -0.2960000 0.0000000 0.7040000
v -0.2900000 -0.0103923 0.7040000
v -0.2900000 -0.0103923 0.7100000
v -0.2960000 0.0000000 0.7100000
vt 0.0200000 0.2700000
vt 0.0200000 0.4800000
vt 0.2300000 0.4800000
vt 0.2300000 0.2700000
vn -0.8660254 -0.5000000 0.0000000
vn -0.8660254 -0.5000000 0.0000000
vn -0.8660254 -0.5000000 0.0000000
vn -0.8660254 -0.5000000 0.0000000
f 6251/6251/6251 6252/6252/6252 6253/6253/6253
f 6251/6251/6251 6253/6253/6253 6254/6254/6254
v -0.2900000 -0.0103923 0.7040000
v -0.2780000 -0.0103923 0.7040000
v -0.2780000 -0.0103923 0.7100000
v -0.2900000 -0.0103923 0.7100000
vt 0.0200000 0.4800000
vt 0.0200000 0.2700000
vt 0.2300000 0.2700000
vt 0.2300000 0.4800000
vn -0.0000000 -1.0000000 0.0000000
vn -0.0000000 -1.0000000 0.0000000
vn -0.0000000 -1.0000000 0.0000000
vn -0.0000000 -1.0000000 0.0000000
f 6255/6255/6255 6256/6256/6256 6257/6257/6257
f 6255/6255/6255 6257/6257/6257 6258/6258/6258
v -0.2780000 -0.0103923 0.7040000
v -0.2720000 0.0000000 0.7040000
v -0.2720000 0.0000000 0.7100000
v -0.2780000 -0.0103923 0.7100000
vt 0.0200000 0.4800000
vt 0.0200000 0.2700000
vt 0.2300000 0.2700000
vt 0.2300000 0.4800000
vn 0.8660254 -0.5000000 0.0000000
vn 0.8660254 -0.5000000 0.0000000
vn 0.8660254 -0.5000000 0.0000000
vn 0.8660254 -0.5000000 0.0000000
f 6259/6259/6259 6260/6260/6260 6261/6261/6261
f 6259/6259/6259 6261/6261/6261 6262/6262/6262
v -0.2720000 0.0000000 0.7100000
v -0.2780000 0.0103923 0.7100000
v -0.2900000 0.0103923 0.7100000
v -0.2960000 0.0000000 0.7100000
v -0.2900000 -0.0103923 0.7100000
v -0.2780000 -0.0103923 0.7100000
vt 0.2300000 0.3750000
vt 0.1775000 0.2700000
vt 0.0725000 0.2700000
vt 0.0200000 0.3750000
vt 0.0725000 0.4800000
vt 0.1775000 0.4800000
vn 0.0000000 0.0000000 1.0000000
vn 0.0000000 0.0000000 1.0000000
vn 0.0000000 0.0000000 1.0000000
vn 0.0000000 0.0000000 1.0000000
vn 0.0000000 0.0000000 1.0000000
vn 0.0000000 0.0000000 1.0000000
f 6263/6263/6263 6264/6264/6264 6265/6265/6265
f 6263/6263/6263 6265/6265/6265 6266/6266/6266
f 6263/6263/6263 6266/6266/6266 6267/6267/6267
f 6263/6263/6263 6267/6267/6267 6268/6268/6268
v -0.2563818 -0.1190744 0.7040000
v -0.2683818 -0.1190744 0.7040000
v -0.2743818 -0.1086821 0.7040000
v -0.2683818 -0.0982898 0.7040000
v -0.2563818 -0.0982898 0.7040000
v -0.2503818 -0.1086821 0.7040000
vt 0.1775000 0.4800000
vt 0.0725000 0.4800000
vt 0.0200000 0.3750000
vt 0.0725000 0.2700000
vt 0.1775000 0.2700000
vt 0.2300000 0.3750000
vn 0.0000000 0.0000000 -1.0000000
vn 0.0000000 0.0000000 -1.0000000
vn 0.0000000 0.0000000 -1.0000000
vn 0.0000000 0.0000000 -1.0000000
vn 0.0000000 0.0000000 -1.0000000
vn 0.0000000 0.0000000 -1.0000000
f 6269/6269/6269 6270/6270/6270 6271/6271/6271
f 6269/6269/6269 6271/6271/6271 6272/6272/6272
f 6269/6269/6269 6272/6272/6272 6273/6273/6273
f 6269/6269/6269 6273/6273/6273 6274/6274/6274
v -0.2503818 -0.1086821 0.7040000
v -0.2563818 -0.0982898 0.7040000
v -0.2563818 -0.0982898 0.7100000
v -0.2503818 -0.1086821 0.7100000
vt 0.0200000 0.4800000
vt 0.0200000 0.2700000
vt 0.2300000 0.2700000
vt 0.2300000 0.4800000
vn 0.8660254 0.5000000 0.0000000
vn 0.8660254 0.5000000 0.0000000
vn 0.8660254 0.5000000 0.0000000
vn 0.8660254 0.5000000 0.0000000
f 6275/6275/6275 6276/6276/6276 6277/6277/6277
f 6275/6275/6275 6277/6277/6277 6278/6278/6278
v -0.2563818 -0.0982898 0.7040000
v -0.2683818 -0.0982898 0.7040000
v -0.2683818 -0.0982898 0.7100000
v -0.2563818 -0.0982898 0.7100000
vt 0.0200000 0.2700000
vt 0.0200000 0.4800000
vt 0.2300000 0.4800000
vt 0.2300000 0.2700000
vn 0.0000000 1.0000000 0.0000000
vn 0.0000000 1.0000000 0.0000000
vn 0.0000000 1.0000000 0.0000000
vn 0.0000000 1.0000000 0.0000000
f 6279/6279/6279 6280/6280/6280 6281/6281/6281
f 6279/6279/6279 6281/6281/6281 6282/6282/6282
v -0.2683818 -0.0982898 0.7040000
v -0.2743818 -0.1086821 0.7040000
v -0.2743818 -0.1086821 0.7100000
v -0.2683818 -0.0982898 0.7100000
vt 0.0200000 0.2700000
vt 0.0200000 0.4800000
vt 0.2300000 0.4800000
vt 0.2300000 0.2700000
vn -0.8660254 0.5000000 0.0000000
vn -0.8660254 0.5000000 0.0000000
vn -0.8660254 0.5000000 0.0000000
vn -0.8660254 0.5000000 0.0000000
f 6283/6283/6283 6284/6284/6284 6285/6285/6285
f 6283/6283/6283 6285/6285/6285 6286/6286/6286
v -0.2743818 -0.1086821 0.7040000
v -0.2683818 -0.1190744 0.7040000
v -0.2683818 -0.1190744 0.7100000
v -0.2743818 -0.1086821 0.7100000
vt 0.0200000 0.2700000
vt 0.0200000 0.4800000
vt 0.2300000 0.4800000
vt 0.2300000 0.2700000
vn -0.8660254 -0.5000000 0.0000000
vn -0.8660254 -0.5000000 0.0000000
vn -0.8660254 -0.5000000 0.0000000
vn -0.8660254 -0.5000000 0.0000000
f 6287/6287/6287 6288/6288/6288 6289/6289/6289
f 6287/6287/6287 6289/6289/6289 6290/6290/6290
v -0.2683818 -0.1190744 0.7040000
v -0.2563818 -0.1190744 0.7040000
v -0.2563818 -0.1190744 0.7100000
v -0.2683818 -0.1190744 0.7100000
vt 0.0200000 0.4800000
vt 0.2300000 0.4800000
vt 0.2300000 0.2700000
vt 0.0200000 0.2700000
vn 0.0000000 -1.0000000 0.0000000
vn 0.0000000 -1.0000000 0.0000000
vn 0.0000000 -1.0000000 0.0000000
vn 0.0000000 -1.0000000 0.0000000
f 6291/6291/6291 6292/6292/6292 6293/6293/6293
f 6291/6291/6291 6293/6293/6293 6294/6294/6294
v -0.2563818 -0.1190744 0.7040000
v -0.2503818 -0.1086821 0.7040000
v -0.2503818 -0.1086821 0.7100000
v -0.2563818 -0.1190744 0.7100000
vt 0.0200000 0.4800000
vt 0.0200000 0.2700000
vt 0.2300000 0.2700000
vt 0.2300000 0.4800000
vn 0.8660254 -0.5000000 0.0000000
vn 0.8660254 -0.5000000 0.0000000
vn 0.8660254 -0.5000000 0.0000000
vn 0.8660254 -0.5000000 0.0000000
f 6295/6295/6295 6296/6296/6296 6297/6297/6297
f 6295/6295/6295 6297/6297/6297 6298/6298/6298
v -0.2503818 -0.1086821 0.7100000
v -0.2563818 -0.0982898 0.7100000
v -0.2683818 -0.0982898 0.7100000
v -0.2743818 -0.1086821 0.7100000
v -0.2683818 -0.1190744 0.7100000
v -0.2563818 -0.1190744 0.7100000
vt 0.2300000 0.3750000
vt 0.1775000 0.2700000
vt 0.0725000 0.2700000
vt 0.0200000 0.3750000
vt 0.0725000 0.4800000
vt 0.1775000 0.4800000
vn 0.0000000 0.0000000 1.0000000
vn 0.0000000 0.0000000 1.0000000
vn 0.0000000 0.0000000 1.0000000
vn 0.0000000 0.0000000 1.0000000
vn 0.0000000 0.0000000 1.0000000
vn 0.0000000 0.0000000 1.0000000
f 6299/6299/6299 6300/6300/6300 6301/6301/6301
f 6299/6299/6299 6301/6301/6301 6302/6302/6302
f 6299/6299/6299 6302/6302/6302 6303/6303/6303
f 6299/6299/6299 6303/6303/6303 6304/6304/6304
v -0.1948183 -0.2112106 0.7040000
v -0.2068183 -0.2112106 0.7040000
v -0.2128183 -0.2008183 0.7040000
v -0.2068183 -0.1904260 0.7040000
v -0.1948183 -0.1904260 0.7040000
v -0.1888183 -0.2008183 0.7040000
vt 0.1775000 0.4800000
vt 0.0725000 0.4800000
vt 0.0200000 0.3750000
vt 0.0725000 0.2700000
vt 0.1775000 0.2700000
vt 0.2300000 0.3750000
vn 0.0000000 0.0000000 -1.0000000
vn 0.0000000 0.0000000 -1.0000000
vn 0.0000000 0.0000000 -1.0000000
vn 0.0000000 0.0000000 -1.0000000
vn 0.0000000 0.0000000 -1.0000000
vn 0.0000000 0.0000000 -1.0000000
f 6305/6305/6305 6306/6306/6306 6307/6307/6307
f 6305/6305/6305 6307/6307/6307 6308/6308/6308
f 6305/6305/6305 6308/6308/6308 6309/6309/6309
f 6305/6305/6305 6309/6309/6309 6310/6310/6310
v -0.1888183 -0.2008183 0.7040000
v -0.1948183 -0.1904260 0.7040000
v -0.1948183 -0.1904260 0.7100000
v -0.1888183 -0.2008183 0.7100000
vt 0.0200000 0.4800000
vt 0.0200000 0.2700000
vt 0.2300000 0.2700000
vt 0.2300000 0.4800000
vn 0.8660254 0.5000000 0.0000000
vn 0.8660254 0.5000000 0.0000000
vn 0.8660254 0.5000000 0.0000000
vn 0.8660254 0.5000000 0.0000000
f 6311/6311/6311 6312/6312/6312 6313/6313/6313
f 6311/6311/6311 6313/6313/6313 6314/6314/6314
v -0.1948183 -0.1904260 0.7040000
v -0.2068183 -0.1904260 0.7040000
v -0.2068183 -0.1904260 0.7100000
v -0.1948183 -0.1904260 0.7100000
vt 0.2300000 0.4800000
vt 0.0200000 0.4800000
vt 0.0200000 0.2700000
vt 0.2300000 0.2700000
vn 0.0000000 1.0000000 0.0000000
vn 0.0000000 1.0000000 0.0000000
vn 0.0000000 1.0000000 0.0000000
vn 0.0000000 1.0000000 0.0000000
f 6315/6315/6315 6316/6316/6316 6317/6317/6317
f 6315/6315/6315 6317/6317/6317 6318/6318/6318
v -0.2068183 -0.1904260 0.7040000
v -0.2128183 -0.2008183 0.7040000
v -0.2128183 -0.2008183 0.7100000
v -0.2068183 -0.1904260 0.7100000
vt 0.0200000 0.2700000
vt 0.0200000 0.4800000
vt 0.2300000 0.4800000
vt 0.2300000 0.2700000
vn -0.8660254 0.5000000 0.0000000
vn -0.8660254 0.5000000 0.0000000
vn -0.8660254 0.5000000 0.0000000
vn -0.8660254 0.5000000 0.0000000
f 6319/6319/6319 6320/6320/6320 6321/6321/6321
f 6319/6319/6319 6321/6321/6321 6322/6322/6322
v -0.2128183 -0.2008183 0.7040000
v -0.2068183 -0.2112106 0.7040000
v -0.2068183 -0.2112106 0.7100000
v -0.2128183 -0.2008183 0.7100000
vt 0.0200000 0.2700000
vt 0.0200000 0.4800000
vt 0.2300000 0.4800000
vt 0.2300000 0.2700000
vn -0.8660254 -0.5000000 0.0000000
vn -0.8660254 -0.5000000 0.0000000
vn -0.8660254 -0.5000000 0.0000000
vn -0.8660254 -0.5000000 0.0000000
f 6323/6323/6323 6324/6324/6324 6325/6325/6325
f 6323/6323/6323 6325/6325/6325 6326/6326/6326
v -0.2068183 -0.2112106 0.7040000
v -0.1948183 -0.2112106 0.7040000
v -0.1948183 -0.2112106 0.7100000
v -0.2068183 -0.2112106 0.7100000
vt 0.0200000 0.4800000
vt 0.2300000 0.4800000
vt 0.2300000 0.2700000
vt 0.0200000 0.2700000
vn 0.0000000 -1.0000000 0.0000000
vn 0.0000000 -1.0000000 0.0000000
vn 0.0000000 -1.0000000 0.0000000
vn 0.0000000 -1.0000000 0.0000000
f 6327/6327/6327 6328/6328/6328 6329/6329/6329
f 6327/6327/6327 6329/6329/6329 6330/6330/6330
v -0.1948183 -0.2112106 0.7040000
v -0.1888183 -0.2008183 0.7040000
v -0.1888183 -0.2008183 0.7100000
v -0.1948183 -0.2112106 0.7100000
vt 0.0200000 0.4800000
vt 0.0200000 0.2700000
vt 0.2300000 0.2700000
vt 0.2300000 0.4800000
vn 0.8660254 -0.5000000 0.0000000
vn 0.8660254 -0.5000000 0.0000000
vn 0.8660254 -0.5000000 0.0000000
vn 0.8660254 -0.5000000 0.0000000
f 6331/6331/6331 6332/6332/6332 6333/6333/6333
f 6331/6331/6331 6333/6333/6333 6334/6334/6334
v -0.1888183 -0.2008183 0.7100000
v -0.1948183 -0.1904260 0.7100000
v -0.2068183 -0.1904260 0.7100000
v -0.2128183 -0.2008183 0.7100000
v -0.2068183 -0.2112106 0.7100000
v -0.1948183 -0.2112106 0.7100000
vt 0.2300000 0.3750000
vt 0.1775000 0.2700000
vt 0.0725000 0.2700000
vt 0.0200000 0.3750000
vt 0.0725000 0.4800000
vt 0.1775000 0.4800000
vn 0.0000000 0.0000000 1.0000000
vn 0.0000000 0.0000000 1.0000000
vn 0.0000000 0.0000000 1.0000000
vn 0.0000000 0.0000000 1.0000000
vn 0.0000000 0.0000000 1.0000000
vn 0.0000000 0.0000000 1.0000000
f 6335/6335/6335 6336/6336/6336 6337/6337/6337
f 6335/6335/6335 6337/6337/6337 6338/6338/6338
f 6335/6335/6335 6338/6338/6338 6339/6339/6339
f 6335/6335/6335 6339/6339/6339 6340/6340/6340
v -0.1026821 -0.2727741 0.7040000
v -0.1146821 -0.2727741 0.7040000
v -0.1206821 -0.2623818 0.7040000
v -0.1146821 -0.2519895 0.7040000
v -0.1026821 -0.2519895 0.7040000
v -0.0966821 -0.2623818 0.7040000
vt 0.1775000 0.4800000
vt 0.0725000 0.4800000
vt 0.0200000 0.3750000
vt 0.0725000 0.2700000
vt 0.1775000 0.2700000
vt 0.2300000 0.3750000
vn 0.0000000 0.0000000 -1.0000000
vn 0.0000000 0.0000000 -1.0000000
vn 0.0000000 0.0000000 -1.0000000
vn 0.0000000 0.0000000 -1.0000000
vn 0.0000000 0.0000000 -1.0000000
vn 0.0000000 0.0000000 -1.0000000
f 6341/6341/6341 6342/6342/6342 6343/6343/6343
f 6341/6341/6341 6343/6343/6343 6344/6344/6344
f 6341/6341/6341 6344/6344/6344 6345/6345/6345
f 6341/6341/6341 6345/6345/6345 6346/6346/6346
v -0.0966821 -0.2623818 0.7040000
v -0.1026821 -0.2519895 0.7040000
v -0.1026821 -0.2519895 0.7100000
v -0.0966821 -0.2623818 0.7100000
vt 0.0200000 0.4800000
vt 0.0200000 0.2700000
vt 0.2300000 0.2700000
vt 0.2300000 0.4800000
vn 0.8660254 0.5000000 0.0000000
vn 0.8660254 0.5000000 0.0000000
vn 0.8660254 0.5000000 0.0000000
vn 0.8660254 0.5000000 0.0000000
f 6347/6347/6347 6348/6348/6348 6349/6349/6349
f 6347/6347/6347 6349/6349/6349 6350/6350/6350
v -0.1026821 -0.2519895 0.7040000
v -0.1146821 -0.2519895 0.7040000
v -0.1146821 -0.2519895 0.7100000
v -0.1026821 -0.2519895 0.7100000
vt 0.2300000 0.4800000
vt 0.0200000 0.4800000
vt 0.0200000 0.2700000
vt 0.2300000 0.2700000
vn 0.0000000 1.0000000 0.0000000
vn 0.0000000 1.0000000 0.0000000
vn 0.0000000 1.0000000 0.0000000
vn 0.0000000 1.0000000 0.0000000
f 6351/6351/6351 6352/6352/6352 6353/6353/6353
f 6351/6351/6351 6353/6353/6353 6354/6354/6354
v -0.1146821 -0.2519895 0.7040000
v -0.1206821 -0.2623818 0.7040000
v -0.1206821 -0.2623818 0.7100000
v -0.1146821 -0.2519895 0.7100000
vt 0.0200000 0.2700000
vt 0.0200000 0.4800000
vt 0.2300000 0.4800000
vt 0.2300000 0.2700000
vn -0.8660254 0.5000000 0.0000000
vn -0.8660254 0.5000000 0.0000000
vn -0.8660254 0.5000000 0.0000000
vn -0.8660254 0.5000000 0.0000000
f 6355/6355/6355 6356/6356/6356 6357/6357/6357
f 6355/6355/6355 6357/6357/6357 6358/6358/6358
v -0.1206821 -0.2623818 0.7040000
v -0.1146821 -0.2727741 0.7040000
v -0.1146821 -0.2727741 0.7100000
v -0.1206821 -0.2623818 0.7100000
vt 0.0200000 0.2700000
vt 0.0200000 0.4800000
vt 0.2300000 0.4800000
vt 0.2300000 0.2700000
vn -0.8660254 -0.5000000 0.0000000
vn -0.8660254 -0.5000000 0.0000000
vn -0.8660254 -0.5000000 0.0000000
vn -0.8660254 -0.5000000 0.0000000
f 6359/6359/6359 6360/6360/6360 6361/6361/6361
f 6359/6359/6359 6361/6361/6361 6362/6362/6362
v -0.1146821 -0.2727741 0.7040000
v -0.1026821 -0.2727741 0.7040000
v -0.1026821 -0.2727741 0.7100000
v -0.1146821 -0.2727741 0.7100000
vt 0.0200000 0.4800000
vt 0.2300000 0.4800000
vt 0.2300000 0.2700000
vt 0.0200000 0.2700000
vn 0.0000000 -1.0000000 0.0000000
vn 0.0000000 -1.0000000 0.0000000
vn 0.0000000 -1.0000000 0.0000000
vn 0.0000000 -1.0000000 0.0000000
f 6363/6363/6363 6364/6364/6364 6365/6365/6365
f 6363/6363/6363 6365/6365/6365 6366/6366/6366
v -0.1026821 -0.2727741 0.7040000
v -0.0966821 -0.2623818 0.7040000
v -0.0966821 -0.2623818 0.7100000
v -0.1026821 -0.2727741 0.7100000
vt 0.0200000 0.4800000
vt 0.0200000 0.2700000
vt 0.2300000 0.2700000
vt 0.2300000 0.4800000
vn 0.8660254 -0.5000000 0.0000000
vn 0.8660254 -0.5000000 0.0000000
vn 0.8660254 -0.5000000 0.0000000
vn 0.8660254 -0.5000000 0.0000000
f 6367/6367/6367 6368/6368/6368 6369/6369/6369
f 6367/6367/6367 6369/6369/6369 6370/6370/6370
v -0.0966821 -0.2623818 0.7100000
v -0.1026821 -0.2519895 0.7100000
v -0.1146821 -0.2519895 0.7100000
v -0.1206821 -0.2623818 0.7100000
v -0.1146821 -0.2727741 0.7100000
v -0.1026821 -0.2727741 0.7100000
vt 0.2300000 0.3750000
vt 0.1775000 0.2700000
vt 0.0725000 0.2700000
vt 0.0200000 0.3750000
vt 0.0725000 0.4800000
vt 0.1775000 0.4800000
vn 0.0000000 0.0000000 1.0000000
vn 0.0000000 0.0000000 1.0000000
vn 0.0000000 0.0000000 1.0000000
vn 0.0000000 0.0000000 1.0000000
vn 0.0000000 0.0000000 1.0000000
vn 0.0000000 0.0000000 1.0000000
f 6371/6371/6371 6372/6372/6372 6373/6373/6373
f 6371/6371/6371 6373/6373/6373 6374/6374/6374
f 6371/6371/6371 6374/6374/6374 6375/6375/6375
f 6371/6371/6371 6375/6375/6375 6376/6376/6376
v 0.0060000 -0.2943923 0.7040000
v -0.0060000 -0.2943923 0.7040000
v -0.0120000 -0.2840000 0.7040000
v -0.0060000 -0.2736077 0.7040000
v 0.0060000 -0.2736077 0.7040000
v 0.0120000 -0.2840000 0.7040000
vt 0.1775000 0.4800000
vt 0.0725000 0.4800000
vt 0.0200000 0.3750000
vt 0.0725000 0.2700000
vt 0.1775000 0.2700000
vt 0.2300000 0.3750000
vn 0.0000000 0.0000000 -1.0000000
vn 0.0000000 0.0000000 -1.0000000
vn 0.0000000 0.0000000 -1.0000000
vn 0.0000000 0.0000000 -1.0000000
vn 0.0000000 0.0000000 -1.0000000
vn 0.0000000 0.0000000 -1.0000000
f 6377/6377/6377 6378/6378/6378 6379/6379/6379
f 6377/6377/6377 6379/6379/6379 6380/6380/6380
f 6377/6377/6377 6380/6380/6380 6381/6381/6381
f 6377/6377/6377 6381/6381/6381 6382/6382/6382
v 0.0120000 -0.2840000 0.7040000
v 0.0060000 -0.2736077 0.7040000
v 0.0060000 -0.2736077 0.7100000
v 0.0120000 -0.2840000 0.7100000
vt 0.0200000 0.4800000
vt 0.0200000 0.2700000
vt 0.2300000 0.2700000
vt 0.2300000 0.4800000
vn 0.8660254 0.5000000 0.0000000
vn 0.8660254 0.5000000 0.0000000
vn 0.8660254 0.5000000 0.0000000
vn 0.8660254 0.5000000 0.0000000
f 6383/6383/6383 6384/6384/6384 6385/6385/6385
f 6383/6383/6383 6385/6385/6385 6386/6386/6386
v 0.0060000 -0.2736077 0.7040000
v -0.0060000 -0.2736077 0.7040000
v -0.0060000 -0.2736077 0.7100000
v 0.0060000 -0.2736077 0.7100000
vt 0.2300000 0.4800000
vt 0.0200000 0.4800000
vt 0.0200000 0.2700000
vt 0.2300000 0.2700000
vn 0.0000000 1.0000000 0.0000000
vn 0.0000000 1.0000000 0.0000000
vn 0.0000000 1.0000000 0.0000000
vn 0.0000000 1.0000000 0.0000000
f 6387/6387/6387 6388/6388/6388 6389/6389/6389
f 6387/6387/6387 6389/6389/6389 6390/6390/6390
v -0.0060000 -0.2736077 0.7040000
v -0.0120000 -0.2840000 0.7040000
v -0.0120000 -0.2840000 0.7100000
v -0.0060000 -0.2736077 0.7100000
vt 0.0200000 0.2700000
vt 0.0200000 0.4800000
vt 0.2300000 0.4800000
vt 0.2300000 0.2700000
vn -0.8660254 0.5000000 0.0000000
vn -0.8660254 0.5000000 0.0000000
vn -0.8660254 0.5000000 0.0000000
vn -0.8660254 0.5000000 0.0000000
f 6391/6391/6391 6392/6392/6392 6393/6393/6393
f 6391/6391/6391 6393/6393/6393 6394/6394/6394
v -0.0120000 -0.2840000 0.7040000
v -0.0060000 -0.2943923 0.7040000
v -0.0060000 -0.2943923 0.7100000
v -0.0120000 -0.2840000 0.7100000
vt 0.0200000 0.2700000
vt 0.0200000 0.4800000
vt 0.2300000 0.4800000
vt 0.2300000 0.2700000
vn -0.8660254 -0.5000000 0.0000000
vn -0.8660254 -0.5000000 0.0000000
vn -0.8660254 -0.5000000 0.0000000
vn -0.8660254 -0.5000000 0.0000000
f 6395/6395/6395 6396/6396/6396 6397/6397/6397
f 6395/6395/6395 6397/6397/6397 6398/6398/6398
v -0.0060000 -0.2943923 0.7040000
v 0.0060000 -0.2943923 0.7040000
v 0.0060000 -0.2943923 0.7100000
v -0.0060000 -0.2943923 0.7100000
vt 0.0200000 0.4800000
vt 0.2300000 0.4800000
vt 0.2300000 0.2700000
vt 0.0200000 0.2700000
vn 0.0000000 -1.0000000 0.0000000
vn 0.0000000 -1.0000000 0.0000000
vn 0.0000000 -1.0000000 0.0000000
vn 0.0000000 -1.0000000 0.0000000
f 6399/6399/6399 6400/6400/6400 6401/6401/6401
f 6399/6399/6399 6401/6401/6401 6402/6402/6402
v 0.0060000 -0.2943923 0.7040000
v 0.0120000 -0.2840000 0.7040000
v 0.0120000 -0.2840000 0.7100000
v 0.0060000 -0.2943923 0.7100000
vt 0.0200000 0.4800000
vt 0.0200000 0.2700000
vt 0.2300000 0.2700000
vt 0.2300000 0.4800000
vn 0.8660254 -0.5000000 0.0000000
vn 0.8660254 -0.5000000 0.0000000
vn 0.8660254 -0.5000000 0.0000000
vn 0.8660254 -0.5000000 0.0000000
f 6403/6403/6403 6404/6404/6404 6405/6405/6405
f 6403/6403/6403 6405/6405/6405 6406/6406/6406
v 0.0120000 -0.2840000 0.7100000
v 0.0060000 -0.2736077 0.7100000
v -0.0060000 -0.2736077 0.7100000
v -0.0120000 -0.2840000 0.7100000
v -0.0060000 -0.2943923 0.7100000
v 0.0060000 -0.2943923 0.7100000
vt 0.2300000 0.3750000
vt 0.1775000 0.2700000
vt 0.0725000 0.2700000
vt 0.0200000 0.3750000
vt 0.0725000 0.4800000
vt 0.1775000 0.4800000
vn 0.0000000 0.0000000 1.0000000
vn 0.0000000 0.0000000 1.0000000
vn 0.0000000 0.0000000 1.0000000
vn 0.0000000 0.0000000 1.0000000
vn 0.0000000 0.0000000 1.0000000
vn 0.0000000 0.0000000 1.0000000
f 6407/6407/6407 6408/6408/6408 6409/6409/6409
f 6407/6407/6407 6409/6409/6409 6410/6410/6410
f 6407/6407/6407 6410/6410/6410 6411/6411/6411
f 6407/6407/6407 6411/6411/6411 6412/6412/6412
v 0.1146821 -0.2727741 0.7040000
v 0.1026821 -0.2727741 0.7040000
v 0.0966821 -0.2623818 0.7040000
v 0.1026821 -0.2519895 0.7040000
v 0.1146821 -0.2519895 0.7040000
v 0.1206821 -0.2623818 0.7040000
vt 0.1775000 0.4800000
vt 0.0725000 0.4800000
vt 0.0200000 0.3750000
vt 0.0725000 0.2700000
vt 0.1775000 0.2700000
vt 0.2300000 0.3750000
vn 0.0000000 0.0000000 -1.0000000
vn 0.0000000 0.0000000 -1.0000000
vn 0.0000000 0.0000000 -1.0000000
vn 0.0000000 0.0000000 -1.0000000
vn 0.0000000 0.0000000 -1.0000000
vn 0.0000000 0.0000000 -1.0000000
f 6413/6413/6413 6414/6414/6414 6415/6415/6415
f 6413/6413/6413 6415/6415/6415 6416/6416/6416
f 6413/6413/6413 6416/6416/6416 6417/6417/6417
f 6413/6413/6413 6417/6417/6417 6418/6418/6418
v 0.1206821 -0.2623818 0.7040000
v 0.1146821 -0.2519895 0.7040000
v 0.1146821 -0.2519895 0.7100000
v 0.1206821 -0.2623818 0.7100000
vt 0.0200000 0.4800000
vt 0.0200000 0.2700000
vt 0.2300000 0.2700000
vt 0.2300000 0.4800000
vn 0.8660254 0.5000000 0.0000000
vn 0.8660254 0.5000000 0.0000000
vn 0.8660254 0.5000000 0.0000000
vn 0.8660254 0.5000000 0.0000000
f 6419/6419/6419 6420/6420/6420 6421/6421/6421
f 6419/6419/6419 6421/6421/6421 6422/6422/6422
v 0.1146821 -0.2519895 0.7040000
v 0.1026821 -0.2519895 0.7040000
v 0.1026821 -0.2519895 0.7100000
v 0.1146821 -0.2519895 0.7100000
vt 0.2300000 0.4800000
vt 0.0200000 0.4800000
vt 0.0200000 0.2700000
vt 0.2300000 0.2700000
vn 0.0000000 1.0000000 0.0000000
vn 0.0000000 1.0000000 0.0000000
vn 0.0000000 1.0000000 0.0000000
vn 0.0000000 1.0000000 0.0000000
f 6423/6423/6423 6424/6424/6424 6425/6425/6425
f 6423/6423/6423 6425/6425/6425 6426/6426/6426
v 0.1026821 -0.2519895 0.7040000
v 0.0966821 -0.2623818 0.7040000
v 0.0966821 -0.2623818 0.7100000
v 0.1026821 -0.2519895 0.7100000
vt 0.0200000 0.2700000
vt 0.0200000 0.4800000
vt 0.2300000 0.4800000
vt 0.2300000 0.2700000
vn -0.8660254 0.5000000 0.0000000
vn -0.8660254 0.5000000 0.0000000
vn -0.8660254 0.5000000 0.0000000
vn -0.8660254 0.5000000 0.0000000
f 6427/6427/6427 6428/6428/6428 6429/6429/6429
f 6427/6427/6427 6429/6429/6429 6430/6430/6430
v 0.0966821 -0.2623818 0.7040000
v 0.1026821 -0.2727741 0.7040000
v 0.1026821 -0.2727741 0.7100000
v 0.0966821 -0.2623818 0.7100000
vt 0.0200000 0.2700000
vt 0.0200000 0.4800000
vt 0.2300000 0.4800000
vt 0.2300000 0.2700000
vn -0.8660254 -0.5000000 0.0000000
vn -0.8660254 -0.5000000 0.0000000
vn -0.8660254 -0.5000000 0.0000000
vn -0.8660254 -0.5000000 0.0000000
f 6431/6431/6431 6432/6432/6432 6433/6433/6433
f 6431/6431/6431 6433/6433/6433 6434/6434/6434
v 0.1026821 -0.2727741 0.7040000
v 0.1146821 -0.2727741 0.7040000
v 0.1146821 -0.2727741 0.7100000
v 0.1026821 -0.2727741 0.7100000
vt 0.0200000 0.4800000
vt 0.2300000 0.4800000
vt 0.2300000 0.2700000
vt 0.0200000 0.2700000
vn 0.0000000 -1.0000000 0.0000000
vn 0.0000000 -1.0000000 0.0000000
vn 0.0000000 -1.0000000 0.0000000
vn 0.0000000 -1.0000000 0.0000000
f 6435/6435/6435 6436/6436/6436 6437/6437/6437
f 6435/6435/6435 6437/6437/6437 6438/6438/6438
v 0.1146821 -0.2727741 0.7040000
v 0.1206821 -0.2623818 0.7040000
v 0.1206821 -0.2623818 0.7100000
v 0.1146821 -0.2727741 0.7100000
vt 0.0200000 0.4800000
vt 0.0200000 0.2700000
vt 0.2300000 0.2700000
vt 0.2300000 0.4800000
vn 0.8660254 -0.5000000 0.0000000
vn 0.8660254 -0.5000000 0.0000000
vn 0.8660254 -0.5000000 0.0000000
vn 0.8660254 -0.5000000 0.0000000
f 6439/6439/6439 6440/6440/6440 6441/6441/6441
f 6439/6439/6439 6441/6441/6441 6442/6442/6442
v 0.1206821 -0.2623818 0.7100000
v 0.1146821 -0.2519895 0.7100000
v 0.1026821 -0.2519895 0.7100000
v 0.0966821 -0.2623818 0.7100000
v 0.1026821 -0.2727741 0.7100000
v 0.1146821 -0.2727741 0.7100000
vt 0.2300000 0.3750000
vt 0.1775000 0.2700000
vt 0.0725000 0.2700000
vt 0.0200000 0.3750000
vt 0.0725000 0.4800000
vt 0.1775000 0.4800000
vn 0.0000000 0.0000000 1.0000000
vn 0.0000000 0.0000000 1.0000000
vn 0.0000000 0.0000000 1.0000000
vn 0.0000000 0.0000000 1.0000000
vn 0.0000000 0.0000000 1.0000000
vn 0.0000000 0.0000000 1.0000000
f 6443/6443/6443 6444/6444/6444 6445/6445/6445
f 6443/6443/6443 6445/6445/6445 6446/6446/6446
f 6443/6443/6443 6446/6446/6446 6447/6447/6447
f 6443/6443/6443 6447/6447/6447 6448/6448/6448
v 0.2068183 -0.2112106 0.7040000
v 0.1948183 -0.2112106 0.7040000
v 0.1888183 -0.2008183 0.7040000
v 0.1948183 -0.1904260 0.7040000
v 0.2068183 -0.1904260 0.7040000
v 0.2128183 -0.2008183 0.7040000
vt 0.1775000 0.4800000
vt 0.0725000 0.4800000
vt 0.0200000 0.3750000
vt 0.0725000 0.2700000
vt 0.1775000 0.2700000
vt 0.2300000 0.3750000
vn 0.0000000 0.0000000 -1.0000000
vn 0.0000000 0.0000000 -1.0000000
vn 0.0000000 0.0000000 -1.0000000
vn 0.0000000 0.0000000 -1.0000000
vn 0.0000000 0.0000000 -1.0000000
vn 0.0000000 0.0000000 -1.0000000
f 6449/6449/6449 6450/6450/6450 6451/6451/6451
f 6449/6449/6449 6451/6451/6451 6452/6452/6452
f 6449/6449/6449 6452/6452/6452 6453/6453/6453
f 6449/6449/6449 6453/6453/6453 6454/6454/6454
v 0.2128183 -0.2008183 0.7040000
v 0.2068183 -0.1904260 0.7040000
v 0.2068183 -0.1904260 0.7100000
v 0.2128183 -0.2008183 0.7100000
vt 0.0200000 0.4800000
vt 0.0200000 0.2700000
vt 0.2300000 0.2700000
vt 0.2300000 0.4800000
vn 0.8660254 0.5000000 0.0000000
vn 0.8660254 0.5000000 0.0000000
vn 0.8660254 0.5000000 0.0000000
vn 0.8660254 0.5000000 0.0000000
f 6455/6455/6455 6456/6456/6456 6457/6457/6457
f 6455/6455/6455 6457/6457/6457 6458/6458/6458
v 0.2068183 -0.1904260 0.7040000
v 0.1948183 -0.1904260 0.7040000
v 0.1948183 -0.1904260 0.7100000
v 0.2068183 -0.1904260 0.7100000
vt 0.2300000 0.4800000
vt 0.0200000 0.4800000
vt 0.0200000 0.2700000
vt 0.2300000 0.2700000
vn 0.0000000 1.0000000 0.0000000
vn 0.0000000 1.0000000 0.0000000
vn 0.0000000 1.0000000 0.0000000
vn 0.0000000 1.0000000 0.0000000
f 6459/6459/6459 6460/6460/6460 6461/6461/6461
f 6459/6459/6459 6461/6461/6461 6462/6462/6462
v 0.1948183 -0.1904260 0.7040000
v 0.1888183 -0.2008183 0.7040000
v 0.1888183 -0.2008183 0.7100000
v 0.1948183 -0.1904260 0.7100000
vt 0.0200000 0.2700000
vt 0.0200000 0.4800000
vt 0.2300000 0.4800000
vt 0.2300000 0.2700000
vn -0.8660254 0.5000000 0.0000000
vn -0.8660254 0.5000000 0.0000000
vn -0.8660254 0.5000000 0.0000000
vn -0.8660254 0.5000000 0.0000000
f 6463/6463/6463 6464/6464/6464 6465/6465/6465
f 6463/6463/6463 6465/6465/6465 6466/6466/6466
v 0.1888183 -0.2008183 0.7040000
v 0.1948183 -0.2112106 0.7040000
v 0.1948183 -0.2112106 0.7100000
v 0.1888183 -0.2008183 0.7100000
vt 0.0200000 0.2700000
vt 0.0200000 0.4800000
vt 0.2300000 0.4800000
vt 0.2300000 0.2700000
vn -0.8660254 -0.5000000 0.0000000
vn -0.8660254 -0.5000000 0.0000000
vn -0.8660254 -0.5000000 0.0000000
vn -0.8660254 -0.5000000 0.0000000
f 6467/6467/6467 6468/6468/6468 6469/6469/6469
f 6467/6467/6467 6469/6469/6469 6470/6470/6470
v 0.1948183 -0.2112106 0.7040000
v 0.2068183 -0.2112106 0.7040000
v 0.2068183 -0.2112106 0.7100000
v 0.1948183 -0.2112106 0.7100000
vt 0.0200000 0.4800000
vt 0.2300000 0.4800000
vt 0.2300000 0.2700000
vt 0.0200000 0.2700000
vn 0.0000000 -1.0000000 0.0000000
vn 0.0000000 -1.0000000 0.0000000
vn 0.0000000 -1.0000000 0.0000000
vn 0.0000000 -1.0000000 0.0000000
f 6471/6471/6471 6472/6472/6472 6473/6473/6473
f 6471/6471/6471 6473/6473/6473 6474/6474/6474
v 0.2068183 -0.2112106 0.7040000
v 0.2128183 -0.2008183 0.7040000
v 0.2128183 -0.2008183 0.7100000
v 0.2068183 -0.2112106 0.7100000
vt 0.0200000 0.4800000
vt 0.0200000 0.2700000
vt 0.2300000 0.2700000
vt 0.2300000 0.4800000
vn 0.8660254 -0.5000000 0.0000000
vn 0.8660254 -0.5000000 0.0000000
vn 0.8660254 -0.5000000 0.0000000
vn 0.8660254 -0.5000000 0.0000000
f 6475/6475/6475 6476/6476/6476 6477/6477/6477
f 6475/6475/6475 6477/6477/6477 6478/6478/6478
v 0.2128183 -0.2008183 0.7100000
v 0.2068183 -0.1904260 0.7100000
v 0.1948183 -0.1904260 0.7100000
v 0.1888183 -0.2008183 0.7100000
v 0.1948183 -0.2112106 0.7100000
v 0.2068183 -0.2112106 0.7100000
vt 0.2300000 0.3750000
vt 0.1775000 0.2700000
vt 0.0725000 0.2700000
vt 0.0200000 0.3750000
vt 0.0725000 0.4800000
vt 0.1775000 0.4800000
vn 0.0000000 0.0000000 1.0000000
vn 0.0000000 0.0000000 1.0000000
vn 0.0000000 0.0000000 1.0000000
vn 0.0000000 0.0000000 1.0000000
vn 0.0000000 0.0000000 1.0000000
vn 0.0000000 0.0000000 1.0000000
f 6479/6479/6479 6480/6480/6480 6481/6481/6481
f 6479/6479/6479 6481/6481/6481 6482/6482/6482
f 6479/6479/6479 6482/6482/6482 6483/6483/6483
f 6479/6479/6479 6483/6483/6483 6484/6484/6484
v 0.2683818 -0.1190744 0.7040000
v 0.2563818 -0.1190744 0.7040000
v 0.2503818 -0.1086821 0.7040000
v 0.2563818 -0.0982898 0.7040000
v 0.2683818 -0.0982898 0.7040000
v 0.2743818 -0.1086821 0.7040000
vt 0.1775000 0.4800000
vt 0.0725000 0.4800000
vt 0.0200000 0.3750000
vt 0.0725000 0.2700000
vt 0.1775000 0.2700000
vt 0.2300000 0.3750000
vn 0.0000000 0.0000000 -1.0000000
vn 0.0000000 0.0000000 -1.0000000
vn 0.0000000 0.0000000 -1.0000000
vn 0.0000000 0.0000000 -1.0000000
vn 0.0000000 0.0000000 -1.0000000
vn 0.0000000 0.0000000 -1.0000000
f 6485/6485/6485 6486/6486/6486 6487/6487/6487
f 6485/6485/6485 6487/6487/6487 6488/6488/6488
f 6485/6485/6485 6488/6488/6488 6489/6489/6489
f 6485/6485/6485 6489/6489/6489 6490/6490/6490
v 0.2743818 -0.1086821 0.7040000
v 0.2683818 -0.0982898 0.7040000
v 0.2683818 -0.0982898 0.7100000
v 0.2743818 -0.1086821 0.7100000
vt 0.0200000 0.4800000
vt 0.0200000 0.2700000
vt 0.2300000 0.2700000
vt 0.2300000 0.4800000
vn 0.8660254 0.5000000 0.0000000
vn 0.8660254 0.5000000 0.0000000
vn 0.8660254 0.5000000 0.0000000
vn 0.8660254 0.5000000 0.0000000
f 6491/6491/6491 6492/6492/6492 6493/6493/6493
f 6491/6491/6491 6493/6493/6493 6494/6494/6494
v 0.2683818 -0.0982898 0.7040000
v 0.2563818 -0.0982898 0.7040000
v 0.2563818 -0.0982898 0.7100000
v 0.2683818 -0.0982898 0.7100000
vt 0.2300000 0.4800000
vt 0.0200000 0.4800000
vt 0.0200000 0.2700000
vt 0.2300000 0.2700000
vn 0.0000000 1.0000000 0.0000000
vn 0.0000000 1.0000000 0.0000000
vn 0.0000000 1.0000000 0.0000000
vn 0.0000000 1.0000000 0.0000000
f 6495/6495/6495 6496/6496/6496 6497/6497/6497
f 6495/6495/6495 6497/6497/6497 6498/6498/6498
v 0.2563818 -0.0982898 0.7040000
v 0.2503818 -0.1086821 0.7040000
v 0.2503818 -0.1086821 0.7100000
v 0.2563818 -0.0982898 0.7100000
vt 0.0200000 0.2700000
vt 0.0200000 0.4800000
vt 0.2300000 0.4800000
vt 0.2300000 0.2700000
vn -0.8660254 0.5000000 0.0000000
vn -0.8660254 0.5000000 0.0000000
vn -0.8660254 0.5000000 0.0000000
vn -0.8660254 0.5000000 0.0000000
f 6499/6499/6499 6500/6500/6500 6501/6501/6501
f 6499/6499/6499 6501/6501/6501 6502/6502/6502
v 0.2503818 -0.1086821 0.7040000
v 0.2563818 -0.1190744 0.7040000
v 0.2563818 -0.1190744 0.7100000
v 0.2503818 -0.1086821 0.7100000
vt 0.0200000 0.2700000
vt 0.0200000 0.4800000
vt 0.2300000 0.4800000
vt 0.2300000 0.2700000
vn -0.8660254 -0.5000000 0.0000000
vn -0.8660254 -0.5000000 0.0000000
vn -0.8660254 -0.5000000 0.0000000
vn -0.8660254 -0.5000000 0.0000000
f 6503/6503/6503 6504/6504/6504 6505/6505/6505
f 6503/6503/6503 6505/6505/6505 6506/6506/6506
v 0.2563818 -0.1190744 0.7040000
v 0.2683818 -0.1190744 0.7040000
v 0.2683818 -0.1190744 0.7100000
v 0.2563818 -0.1190744 0.7100000
vt 0.0200000 0.4800000
vt 0.2300000 0.4800000
vt 0.2300000 0.2700000
vt 0.0200000 0.2700000
vn 0.0000000 -1.0000000 0.0000000
vn 0.0000000 -1.0000000 0.0000000
vn 0.0000000 -1.0000000 0.0000000
vn 0.0000000 -1.0000000 0.0000000
f 6507/6507/6507 6508/6508/6508 6509/6509/6509
f 6507/6507/6507 6509/6509/6509 6510/6510/6510
v 0.2683818 -0.1190744 0.7040000
v 0.2743818 -0.1086821 0.7040000
v 0.2743818 -0.1086821 0.7100000
v 0.2683818 -0.1190744 0.7100000
vt 0.0200000 0.4800000
vt 0.0200000 0.2700000
vt 0.2300000 0.2700000
vt 0.2300000 0.4800000
vn 0.8660254 -0.5000000 0.0000000
vn 0.8660254 -0.5000000 0.0000000
vn 0.8660254 -0.5000000 0.0000000
vn 0.8660254 -0.5000000 0.0000000
f 6511/6511/6511 6512/6512/6512 6513/6513/6513
f 6511/6511/6511 6513/6513/6513 6514/6514/6514
v 0.2743818 -0.1086821 0.7100000
v 0.2683818 -0.0982898 0.7100000
v 0.2563818 -0.0982898 0.7100000
v 0.2503818 -0.1086821 0.7100000
v 0.2563818 -0.1190744 0.7100000
v 0.2683818 -0.1190744 0.7100000
vt 0.2300000 0.3750000
vt 0.1775000 0.2700000
vt 0.0725000 0.2700000
vt 0.0200000 0.3750000
vt 0.0725000 0.4800000
vt 0.1775000 0.4800000
vn 0.0000000 0.0000000 1.0000000
vn 0.0000000 0.0000000 1.0000000
vn 0.0000000 0.0000000 1.0000000
vn 0.0000000 0.0000000 1.0000000
vn 0.0000000 0.0000000 1.0000000
vn 0.0000000 0.0000000 1.0000000
f 6515/6515/6515 6516/6516/6516 6517/6517/6517
f 6515/6515/6515 6517/6517/6517 6518/6518/6518
f 6515/6515/6515 6518/6518/6518 6519/6519/6519
f 6515/6515/6515 6519/6519/6519 6520/6520/6520
v -0.4600000 0.1950000 0.4850000
v -0.4100000 0.1950000 0.4850000
v -0.4100000 -0.2650000 0.4850000
v -0.4600000 -0.2650000 0.4850000
vt 0.5200000 0.7700000
vt 0.7300000 0.7700000
vt 0.7300000 0.9800000
vt 0.5200000 0.9800000
vn 0.0000000 0.0000000 -1.0000000
vn 0.0000000 0.0000000 -1.0000000
vn 0.0000000 0.0000000 -1.0000000
vn 0.0000000 0.0000000 -1.0000000
f 6521/6521/6521 6522/6522/6522 6523/6523/6523
f 6521/6521/6521 6523/6523/6523 6524/6524/6524
v -0.4600000 -0.2650000 0.6150000
v -0.4100000 -0.2650000 0.6150000
v -0.4100000 0.1950000 0.6150000
v -0.4600000 0.1950000 0.6150000
vt 0.0200000 0.7300000
vt 0.2300000 0.7300000
vt 0.2300000 0.5200000
vt 0.0200000 0.5200000
vn 0.0000000 0.0000000 1.0000000
vn 0.0000000 0.0000000 1.0000000
vn 0.0000000 0.0000000 1.0000000
vn 0.0000000 0.0000000 1.0000000
f 6525/6525/6525 6526/6526/6526 6527/6527/6527
f 6525/6525/6525 6527/6527/6527 6528/6528/6528
v -0.4600000 -0.2650000 0.4850000
v -0.4100000 -0.2650000 0.4850000
v -0.4100000 -0.2650000 0.6150000
v -0.4600000 -0.2650000 0.6150000
vt 0.0200000 0.7300000
vt 0.2300000 0.7300000
vt 0.2300000 0.5200000
vt 0.0200000 0.5200000
vn 0.0000000 -1.0000000 0.0000000
vn 0.0000000 -1.0000000 0.0000000
vn 0.0000000 -1.0000000 0.0000000
vn 0.0000000 -1.0000000 0.0000000
f 6529/6529/6529 6530/6530/6530 6531/6531/6531
f 6529/6529/6529 6531/6531/6531 6532/6532/6532
v -0.4100000 -0.2650000 0.4850000
v -0.4100000 0.1950000 0.4850000
v -0.4100000 0.1950000 0.6150000
v -0.4100000 -0.2650000 0.6150000
vt 0.0200000 0.7300000
vt 0.2300000 0.7300000
vt 0.2300000 0.5200000
vt 0.0200000 0.5200000
vn 1.0000000 0.0000000 0.0000000
vn 1.0000000 0.0000000 0.0000000
vn 1.0000000 0.0000000 0.0000000
vn 1.0000000 0.0000000 0.0000000
f 6533/6533/6533 6534/6534/6534 6535/6535/6535
f 6533/6533/6533 6535/6535/6535 6536/6536/6536
v -0.4100000 0.1950000 0.4850000
v -0.4600000 0.1950000 0.4850000
v -0.4600000 0.1950000 0.6150000
v -0.4100000 0.1950000 0.6150000
vt 0.2300000 0.7300000
vt 0.0200000 0.7300000
vt 0.0200000 0.5200000
vt 0.2300000 0.5200000
vn 0.0000000 1.0000000 0.0000000
vn 0.0000000 1.0000000 0.0000000
vn 0.0000000 1.0000000 0.0000000
vn 0.0000000 1.0000000 0.0000000
f 6537/6537/6537 6538/6538/6538 6539/6539/6539
f 6537/6537/6537 6539/6539/6539 6540/6540/6540
v -0.4600000 0.1950000 0.4850000
v -0.4600000 -0.2650000 0.4850000
v -0.4600000 -0.2650000 0.6150000
v -0.4600000 0.1950000 0.6150000
vt 0.2300000 0.7300000
vt 0.0200000 0.7300000
vt 0.0200000 0.5200000
vt 0.2300000 0.5200000
vn -1.0000000 0.0000000 0.0000000
vn -1.0000000 0.0000000 0.0000000
vn -1.0000000 0.0000000 0.0000000
vn -1.0000000 0.0000000 0.0000000
f 6541/6541/6541 6542/6542/6542 6543/6543/6543
f 6541/6541/6541 6543/6543/6543 6544/6544/6544
v 0.4100000 0.1950000 0.4850000
v 0.4600000 0.1950000 0.4850000
v 0.4600000 -0.2650000 0.4850000
v 0.4100000 -0.2650000 0.4850000
vt 0.5200000 0.7700000
vt 0.7300000 0.7700000
vt 0.7300000 0.9800000
vt 0.5200000 0.9800000
vn 0.0000000 0.0000000 -1.0000000
vn 0.0000000 0.0000000 -1.0000000
vn 0.0000000 0.0000000 -1.0000000
vn 0.0000000 0.0000000 -1.0000000
f 6545/6545/6545 6546/6546/6546 6547/6547/6547
f 6545/6545/6545 6547/6547/6547 6548/6548/6548
v 0.4100000 -0.2650000 0.6150000
v 0.4600000 -0.2650000 0.6150000
v 0.4600000 0.1950000 0.6150000
v 0.4100000 0.1950000 0.6150000
vt 0.0200000 0.7300000
vt 0.2300000 0.7300000
vt 0.2300000 0.5200000
vt 0.0200000 0.5200000
vn 0.0000000 0.0000000 1.0000000
vn 0.0000000 0.0000000 1.0000000
vn 0.0000000 0.0000000 1.0000000
vn 0.0000000 0.0000000 1.0000000
f 6549/6549/6549 6550/6550/6550 6551/6551/6551
f 6549/6549/6549 6551/6551/6551 6552/6552/6552
v 0.4100000 -0.2650000 0.4850000
v 0.4600000 -0.2650000 0.4850000
v 0.4600000 -0.2650000 0.6150000
v 0.4100000 -0.2650000 0.6150000
vt 0.0200000 0.7300000
vt 0.2300000 0.7300000
vt 0.2300000 0.5200000
vt 0.0200000 0.5200000
vn 0.0000000 -1.0000000 0.0000000
vn 0.0000000 -1.0000000 0.0000000
vn 0.0000000 -1.0000000 0.0000000
vn 0.0000000 -1.0000000 0.0000000
f 6553/6553/6553 6554/6554/6554 6555/6555/6555
f 6553/6553/6553 6555/6555/6555 6556/6556/6556
v 0.4600000 -0.2650000 0.4850000
v 0.4600000 0.1950000 0.4850000
v 0.4600000 0.1950000 0.6150000
v 0.4600000 -0.2650000 0.6150000
vt 0.0200000 0.7300000
vt 0.2300000 0.7300000
vt 0.2300000 0.5200000
vt 0.0200000 0.5200000
vn 1.0000000 0.0000000 0.0000000
vn 1.0000000 0.0000000 0.0000000
vn 1.0000000 0.0000000 0.0000000
vn 1.0000000 0.0000000 0.0000000
f 6557/6557/6557 6558/6558/6558 6559/6559/6559
f 6557/6557/6557 6559/6559/6559 6560/6560/6560
v 0.4600000 0.1950000 0.4850000
v 0.4100000 0.1950000 0.4850000
v 0.4100000 0.1950000 0.6150000
v 0.4600000 0.1950000 0.6150000
vt 0.2300000 0.7300000
vt 0.0200000 0.7300000
vt 0.0200000 0.5200000
vt 0.2300000 0.5200000
vn 0.0000000 1.0000000 0.0000000
vn 0.0000000 1.0000000 0.0000000
vn 0.0000000 1.0000000 0.0000000
vn 0.0000000 1.0000000 0.0000000
f 6561/6561/6561 6562/6562/6562 6563/6563/6563
f 6561/6561/6561 6563/6563/6563 6564/6564/6564
v 0.4100000 0.1950000 0.4850000
v 0.4100000 -0.2650000 0.4850000
v 0.4100000 -0.2650000 0.6150000
v 0.4100000 0.1950000 0.6150000
vt 0.2300000 0.7300000
vt 0.0200000 0.7300000
vt 0.0200000 0.5200000
vt 0.2300000 0.5200000
vn -1.0000000 0.0000000 0.0000000
vn -1.0000000 0.0000000 0.0000000
vn -1.0000000 0.0000000 0.0000000
vn -1.0000000 0.0000000 0.0000000
f 6565/6565/6565 6566/6566/6566 6567/6567/6567
f 6565/6565/6565 6567/6567/6567 6568/6568/6568
v -0.2300000 0.7050000 -0.1200000
v 0.2300000 0.7050000 -0.1200000
v 0.2300000 0.5950000 -0.1200000
v -0.2300000 0.5950000 -0.1200000
vt 0.5200000 0.7700000
vt 0.7300000 0.7700000
vt 0.7300000 0.9800000
vt 0.5200000 0.9800000
vn 0.0000000 0.0000000 -1.0000000
vn 0.0000000 0.0000000 -1.0000000
vn 0.0000000 0.0000000 -1.0000000
vn 0.0000000 0.0000000 -1.0000000
f 6569/6569/6569 6570/6570/6570 6571/6571/6571
f 6569/6569/6569 6571/6571/6571 6572/6572/6572
v -0.2300000 0.5950000 0.2000000
v 0.2300000 0.5950000 0.2000000
v 0.2300000 0.7050000 0.2000000
v -0.2300000 0.7050000 0.2000000
vt 0.5200000 0.9800000
vt 0.7300000 0.9800000
vt 0.7300000 0.7700000
vt 0.5200000 0.7700000
vn 0.0000000 0.0000000 1.0000000
vn 0.0000000 0.0000000 1.0000000
vn 0.0000000 0.0000000 1.0000000
vn 0.0000000 0.0000000 1.0000000
f 6573/6573/6573 6574/6574/6574 6575/6575/6575
f 6573/6573/6573 6575/6575/6575 6576/6576/6576
v -0.2300000 0.5950000 -0.1200000
v 0.2300000 0.5950000 -0.1200000
v 0.2300000 0.5950000 0.2000000
v -0.2300000 0.5950000 0.2000000
vt 0.5200000 0.9800000
vt 0.7300000 0.9800000
vt 0.7300000 0.7700000
vt 0.5200000 0.7700000
vn 0.0000000 -1.0000000 0.0000000
vn 0.0000000 -1.0000000 0.0000000
vn 0.0000000 -1.0000000 0.0000000
vn 0.0000000 -1.0000000 0.0000000
f 6577/6577/6577 6578/6578/6578 6579/6579/6579
f 6577/6577/6577 6579/6579/6579 6580/6580/6580
v 0.2300000 0.5950000 -0.1200000
v 0.2300000 0.7050000 -0.1200000
v 0.2300000 0.7050000 0.2000000
v 0.2300000 0.5950000 0.2000000
vt 0.5200000 0.9800000
vt 0.7300000 0.9800000
vt 0.7300000 0.7700000
vt 0.5200000 0.7700000
vn 1.0000000 0.0000000 0.0000000
vn 1.0000000 0.0000000 0.0000000
vn 1.0000000 0.0000000 0.0000000
vn 1.0000000 0.0000000 0.0000000
f 6581/6581/6581 6582/6582/6582 6583/6583/6583
f 6581/6581/6581 6583/6583/6583 6584/6584/6584
v 0.2300000 0.7050000 -0.1200000
v -0.2300000 0.7050000 -0.1200000
v -0.2300000 0.7050000 0.2000000
v 0.2300000 0.7050000 0.2000000
vt 0.7300000 0.9800000
vt 0.5200000 0.9800000
vt 0.5200000 0.7700000
vt 0.7300000 0.7700000
vn 0.0000000 1.0000000 0.0000000
vn 0.0000000 1.0000000 0.0000000
vn 0.0000000 1.0000000 0.0000000
vn 0.0000000 1.0000000 0.0000000
f 6585/6585/6585 6586/6586/6586 6587/6587/6587
f 6585/6585/6585 6587/6587/6587 6588/6588/6588
v -0.2300000 0.7050000 -0.1200000
v -0.2300000 0.5950000 -0.1200000
v -0.2300000 0.5950000 0.2000000
v -0.2300000 0.7050000 0.2000000
vt 0.7300000 0.9800000
vt 0.5200000 0.9800000
vt 0.5200000 0.7700000
vt 0.7300000 0.7700000
vn -1.0000000 0.0000000 0.0000000
vn -1.0000000 0.0000000 0.0000000
vn -1.0000000 0.0000000 0.0000000
vn -1.0000000 0.0000000 0.0000000
f 6589/6589/6589 6590/6590/6590 6591/6591/6591
f 6589/6589/6589 6591/6591/6591 6592/6592/6592
v -0.1800000 0.7130000 -0.0600000
v -0.1200000 0.7130000 -0.0600000
v -0.1200000 0.7050000 -0.0600000
v -0.1800000 0.7050000 -0.0600000
vt 0.5200000 0.7700000
vt 0.7300000 0.7700000
vt 0.7300000 0.9800000
vt 0.5200000 0.9800000
vn 0.0000000 0.0000000 -1.0000000
vn 0.0000000 0.0000000 -1.0000000
vn 0.0000000 0.0000000 -1.0000000
vn 0.0000000 0.0000000 -1.0000000
f 6593/6593/6593 6594/6594/6594 6595/6595/6595
f 6593/6593/6593 6595/6595/6595 6596/6596/6596
v -0.1800000 0.7050000 0.1400000
v -0.1200000 0.7050000 0.1400000
v -0.1200000 0.7130000 0.1400000
v -0.1800000 0.7130000 0.1400000
vt 0.7700000 0.4800000
vt 0.9800000 0.4800000
vt 0.9800000 0.2700000
vt 0.7700000 0.2700000
vn 0.0000000 0.0000000 1.0000000
vn 0.0000000 0.0000000 1.0000000
vn 0.0000000 0.0000000 1.0000000
vn 0.0000000 0.0000000 1.0000000
f 6597/6597/6597 6598/6598/6598 6599/6599/6599
f 6597/6597/6597 6599/6599/6599 6600/6600/6600
v -0.1800000 0.7050000 -0.0600000
v -0.1200000 0.7050000 -0.0600000
v -0.1200000 0.7050000 0.1400000
v -0.1800000 0.7050000 0.1400000
vt 0.7700000 0.4800000
vt 0.9800000 0.4800000
vt 0.9800000 0.2700000
vt 0.7700000 0.2700000
vn 0.0000000 -1.0000000 0.0000000
vn 0.0000000 -1.0000000 0.0000000
vn 0.0000000 -1.0000000 0.0000000
vn 0.0000000 -1.0000000 0.0000000
f 6601/6601/6601 6602/6602/6602 6603/6603/6603
f 6601/6601/6601 6603/6603/6603 6604/6604/6604
v -0.1200000 0.7050000 -0.0600000
v -0.1200000 0.7130000 -0.0600000
v -0.1200000 0.7130000 0.1400000
v -0.1200000 0.7050000 0.1400000
vt 0.7700000 0.4800000
vt 0.9800000 0.4800000
vt 0.9800000 0.2700000
vt 0.7700000 0.2700000
vn 1.0000000 0.0000000 0.0000000
vn 1.0000000 0.0000000 0.0000000
vn 1.0000000 0.0000000 0.0000000
vn 1.0000000 0.0000000 0.0000000
f 6605/6605/6605 6606/6606/6606 6607/6607/6607
f 6605/6605/6605 6607/6607/6607 6608/6608/6608
v -0.1200000 0.7130000 -0.0600000
v -0.1800000 0.7130000 -0.0600000
v -0.1800000 0.7130000 0.1400000
v -0.1200000 0.7130000 0.1400000
vt 0.9800000 0.4800000
vt 0.7700000 0.4800000
vt 0.7700000 0.2700000
vt 0.9800000 0.2700000
vn 0.0000000 1.0000000 0.0000000
vn 0.0000000 1.0000000 0.0000000
vn 0.0000000 1.0000000 0.0000000
vn 0.0000000 1.0000000 0.0000000
f 6609/6609/6609 6610/6610/6610 6611/6611/6611
f 6609/6609/6609 6611/6611/6611 6612/6612/6612
v -0.1800000 0.7130000 -0.0600000
v -0.1800000 0.7050000 -0.0600000
v -0.1800000 0.7050000 0.1400000
v -0.1800000 0.7130000 0.1400000
vt 0.9800000 0.4800000
vt 0.7700000 0.4800000
vt 0.7700000 0.2700000
vt 0.9800000 0.2700000
vn -1.0000000 0.0000000 0.0000000
vn -1.0000000 0.0000000 0.0000000
vn -1.0000000 0.0000000 0.0000000
vn -1.0000000 0.0000000 0.0000000
f 6613/6613/6613 6614/6614/6614 6615/6615/6615
f 6613/6613/6613 6615/6615/6615 6616/6616/6616
v -0.0800000 0.7130000 -0.0600000
v -0.0200000 0.7130000 -0.0600000
v -0.0200000 0.7050000 -0.0600000
v -0.0800000 0.7050000 -0.0600000
vt 0.5200000 0.7700000
vt 0.7300000 0.7700000
vt 0.7300000 0.9800000
vt 0.5200000 0.9800000
vn 0.0000000 0.0000000 -1.0000000
vn 0.0000000 0.0000000 -1.0000000
vn 0.0000000 0.0000000 -1.0000000
vn 0.0000000 0.0000000 -1.0000000
f 6617/6617/6617 6618/6618/6618 6619/6619/6619
f 6617/6617/6617 6619/6619/6619 6620/6620/6620
v -0.0800000 0.7050000 0.1400000
v -0.0200000 0.7050000 0.1400000
v -0.0200000 0.7130000 0.1400000
v -0.0800000 0.7130000 0.1400000
vt 0.7700000 0.4800000
vt 0.9800000 0.4800000
vt 0.9800000 0.2700000
vt 0.7700000 0.2700000
vn 0.0000000 0.0000000 1.0000000
vn 0.0000000 0.0000000 1.0000000
vn 0.0000000 0.0000000 1.0000000
vn 0.0000000 0.0000000 1.0000000
f 6621/6621/6621 6622/6622/6622 6623/6623/6623
f 6621/6621/6621 6623/6623/6623 6624/6624/6624
v -0.0800000 0.7050000 -0.0600000
v -0.0200000 0.7050000 -0.0600000
v -0.0200000 0.7050000 0.1400000
v -0.0800000 0.7050000 0.1400000
vt 0.7700000 0.4800000
vt 0.9800000 0.4800000
vt 0.9800000 0.2700000
vt 0.7700000 0.2700000
vn 0.0000000 -1.0000000 0.0000000
vn 0.0000000 -1.0000000 0.0000000
vn 0.0000000 -1.0000000 0.0000000
vn 0.0000000 -1.0000000 0.0000000
f 6625/6625/6625 6626/6626/6626 6627/6627/6627
f 6625/6625/6625 6627/6627/6627 6628/6628/6628
v -0.0200000 0.7050000 -0.0600000
v -0.0200000 0.7130000 -0.0600000
v -0.0200000 0.7130000 0.1400000
v -0.0200000 0.7050000 0.1400000
vt 0.7700000 0.4800000
vt 0.9800000 0.4800000
vt 0.9800000 0.2700000
vt 0.7700000 0.2700000
vn 1.0000000 0.0000000 0.0000000
vn 1.0000000 0.0000000 0.0000000
vn 1.0000000 0.0000000 0.0000000
vn 1.0000000 0.0000000 0.0000000
f 6629/6629/6629 6630/6630/6630 6631/6631/6631
f 6629/6629/6629 6631/6631/6631 6632/6632/6632
v -0.0200000 0.7130000 -0.0600000
v -0.0800000 0.7130000 -0.0600000
v -0.0800000 0.7130000 0.1400000
v -0.0200000 0.7130000 0.1400000
vt 0.9800000 0.4800000
vt 0.7700000 0.4800000
vt 0.7700000 0.2700000
vt 0.9800000 0.2700000
vn 0.0000000 1.0000000 0.0000000
vn 0.0000000 1.0000000 0.0000000
vn 0.0000000 1.0000000 0.0000000
vn 0.0000000 1.0000000 0.0000000
f 6633/6633/6633 6634/6634/6634 6635/6635/6635
f 6633/6633/6633 6635/6635/6635 6636/6636/6636
v -0.0800000 0.7130000 -0.0600000
v -0.0800000 0.7050000 -0.0600000
v -0.0800000 0.7050000 0.1400000
v -0.0800000 0.7130000 0.1400000
vt 0.9800000 0.4800000
vt 0.7700000 0.4800000
vt 0.7700000 0.2700000
vt 0.9800000 0.2700000
vn -1.0000000 0.0000000 0.0000000
vn -1.0000000 0.0000000 0.0000000
vn -1.0000000 0.0000000 0.0000000
vn -1.0000000 0.0000000 0.0000000
f 6637/6637/6637 6638/6638/6638 6639/6639/6639
f 6637/6637/6637 6639/6639/6639 6640/6640/6640
v 0.0200000 0.7130000 -0.0600000
v 0.0800000 0.7130000 -0.0600000
v 0.0800000 0.7050000 -0.0600000
v 0.0200000 0.7050000 -0.0600000
vt 0.5200000 0.7700000
vt 0.7300000 0.7700000
vt 0.7300000 0.9800000
vt 0.5200000 0.9800000
vn 0.0000000 0.0000000 -1.0000000
vn 0.0000000 0.0000000 -1.0000000
vn 0.0000000 0.0000000 -1.0000000
vn 0.0000000 0.0000000 -1.0000000
f 6641/6641/6641 6642/6642/6642 6643/6643/6643
f 6641/6641/6641 6643/6643/6643 6644/6644/6644
v 0.0200000 0.7050000 0.1400000
v 0.0800000 0.7050000 0.1400000
v 0.0800000 0.7130000 0.1400000
v 0.0200000 0.7130000 0.1400000
vt 0.7700000 0.4800000
vt 0.9800000 0.4800000
vt 0.9800000 0.2700000
vt 0.7700000 0.2700000
vn 0.0000000 0.0000000 1.0000000
vn 0.0000000 0.0000000 1.0000000
vn 0.0000000 0.0000000 1.0000000
vn 0.0000000 0.0000000 1.0000000
f 6645/6645/6645 6646/6646/6646 6647/6647/6647
f 6645/6645/6645 6647/6647/6647 6648/6648/6648
v 0.0200000 0.7050000 -0.0600000
v 0.0800000 0.7050000 -0.0600000
v 0.0800000 0.7050000 0.1400000
v 0.0200000 0.7050000 0.1400000
vt 0.7700000 0.4800000
vt 0.9800000 0.4800000
vt 0.9800000 0.2700000
vt 0.7700000 0.2700000
vn 0.0000000 -1.0000000 0.0000000
vn 0.0000000 -1.0000000 0.0000000
vn 0.0000000 -1.0000000 0.0000000
vn 0.0000000 -1.0000000 0.0000000
f 6649/6649/6649 6650/6650/6650 6651/6651/6651
f 6649/6649/6649 6651/6651/6651 6652/6652/6652
v 0.0800000 0.7050000 -0.0600000
v 0.0800000 0.7130000 -0.0600000
v 0.0800000 0.7130000 0.1400000
v 0.0800000 0.7050000 0.1400000
vt 0.7700000 0.4800000
vt 0.9800000 0.4800000
vt 0.9800000 0.2700000
vt 0.7700000 0.2700000
vn 1.0000000 0.0000000 0.0000000
vn 1.0000000 0.0000000 0.0000000
vn 1.0000000 0.0000000 0.0000000
vn 1.0000000 0.0000000 0.0000000
f 6653/6653/6653 6654/6654/6654 6655/6655/6655
f 6653/6653/6653 6655/6655/6655 6656/6656/6656
v 0.0800000 0.7130000 -0.0600000
v 0.0200000 0.7130000 -0.0600000
v 0.0200000 0.7130000 0.1400000
v 0.0800000 0.7130000 0.1400000
vt 0.9800000 0.4800000
vt 0.7700000 0.4800000
vt 0.7700000 0.2700000
vt 0.9800000 0.2700000
vn 0.0000000 1.0000000 0.0000000
vn 0.0000000 1.0000000 0.0000000
vn 0.0000000 1.0000000 0.0000000
vn 0.0000000 1.0000000 0.0000000
f 6657/6657/6657 6658/6658/6658 6659/6659/6659
f 6657/6657/6657 6659/6659/6659 6660/6660/6660
v 0.0200000 0.7130000 -0.0600000
v 0.0200000 0.7050000 -0.0600000
v 0.0200000 0.7050000 0.1400000
v 0.0200000 0.7130000 0.1400000
vt 0.9800000 0.4800000
vt 0.7700000 0.4800000
vt 0.7700000 0.2700000
vt 0.9800000 0.2700000
vn -1.0000000 0.0000000 0.0000000
vn -1.0000000 0.0000000 0.0000000
vn -1.0000000 0.0000000 0.0000000
vn -1.0000000 0.0000000 0.0000000
f 6661/6661/6661 6662/6662/6662 6663/6663/6663
f 6661/6661/6661 6663/6663/6663 6664/6664/6664
v 0.1200000 0.7130000 -0.0600000
v 0.1800000 0.7130000 -0.0600000
v 0.1800000 0.7050000 -0.0600000
v 0.1200000 0.7050000 -0.0600000
vt 0.5200000 0.7700000
vt 0.7300000 0.7700000
vt 0.7300000 0.9800000
vt 0.5200000 0.9800000
vn 0.0000000 0.0000000 -1.0000000
vn 0.0000000 0.0000000 -1.0000000
vn 0.0000000 0.0000000 -1.0000000
vn 0.0000000 0.0000000 -1.0000000
f 6665/6665/6665 6666/6666/6666 6667/6667/6667
f 6665/6665/6665 6667/6667/6667 6668/6668/6668
v 0.1200000 0.7050000 0.1400000
v 0.1800000 0.7050000 0.1400000
v 0.1800000 0.7130000 0.1400000
v 0.1200000 0.7130000 0.1400000
vt 0.7700000 0.4800000
vt 0.9800000 0.4800000
vt 0.9800000 0.2700000
vt 0.7700000 0.2700000
vn 0.0000000 0.0000000 1.0000000
vn 0.0000000 0.0000000 1.0000000
vn 0.0000000 0.0000000 1.0000000
vn 0.0000000 0.0000000 1.0000000
f 6669/6669/6669 6670/6670/6670 6671/6671/6671
f 6669/6669/6669 6671/6671/6671 6672/6672/6672
v 0.1200000 0.7050000 -0.0600000
v 0.1800000 0.7050000 -0.0600000
v 0.1800000 0.7050000 0.1400000
v 0.1200000 0.7050000 0.1400000
vt 0.7700000 0.4800000
vt 0.9800000 0.4800000
vt 0.9800000 0.2700000
vt 0.7700000 0.2700000
vn 0.0000000 -1.0000000 0.0000000
vn 0.0000000 -1.0000000 0.0000000
vn 0.0000000 -1.0000000 0.0000000
vn 0.0000000 -1.0000000 0.0000000
f 6673/6673/6673 6674/6674/6674 6675/6675/6675
f 6673/6673/6673 6675/6675/6675 6676/6676/6676
v 0.1800000 0.7050000 -0.0600000
v 0.1800000 0.7130000 -0.0600000
v 0.1800000 0.7130000 0.1400000
v 0.1800000 0.7050000 0.1400000
vt 0.7700000 0.4800000
vt 0.9800000 0.4800000
vt 0.9800000 0.2700000
vt 0.7700000 0.2700000
vn 1.0000000 0.0000000 0.0000000
vn 1.0000000 0.0000000 0.0000000
vn 1.0000000 0.0000000 0.0000000
vn 1.0000000 0.0000000 0.0000000
f 6677/6677/6677 6678/6678/6678 6679/6679/6679
f 6677/6677/6677 6679/6679/6679 6680/6680/6680
v 0.1800000 0.7130000 -0.0600000
v 0.1200000 0.7130000 -0.0600000
v 0.1200000 0.7130000 0.1400000
v 0.1800000 0.7130000 0.1400000
vt 0.9800000 0.4800000
vt 0.7700000 0.4800000
vt 0.7700000 0.2700000
vt 0.9800000 0.2700000
vn 0.0000000 1.0000000 0.0000000
vn 0.0000000 1.0000000 0.0000000
vn 0.0000000 1.0000000 0.0000000
vn 0.0000000 1.0000000 0.0000000
f 6681/6681/6681 6682/6682/6682 6683/6683/6683
f 6681/6681/6681 6683/6683/6683 6684/6684/6684
v 0.1200000 0.7130000 -0.0600000
v 0.1200000 0.7050000 -0.0600000
v 0.1200000 0.7050000 0.1400000
v 0.1200000 0.7130000 0.1400000
vt 0.9800000 0.4800000
vt 0.7700000 0.4800000
vt 0.7700000 0.2700000
vt 0.9800000 0.2700000
vn -1.0000000 0.0000000 0.0000000
vn -1.0000000 0.0000000 0.0000000
vn -1.0000000 0.0000000 0.0000000
vn -1.0000000 0.0000000 0.0000000
f 6685/6685/6685 6686/6686/6686 6687/6687/6687
f 6685/6685/6685 6687/6687/6687 6688/6688/6688
v -0.4790000 0.2909474 0.4500000
v -0.5010000 0.2909474 0.4500000
v -0.5120000 0.3100000 0.4500000
v -0.5010000 0.3290526 0.4500000
v -0.4790000 0.3290526 0.4500000
v -0.4680000 0.3100000 0.4500000
vt 0.1775000 0.4800000
vt 0.0725000 0.4800000
vt 0.0200000 0.3750000
vt 0.0725000 0.2700000
vt 0.1775000 0.2700000
vt 0.2300000 0.3750000
vn 0.0000000 0.0000000 -1.0000000
vn 0.0000000 0.0000000 -1.0000000
vn 0.0000000 0.0000000 -1.0000000
vn 0.0000000 0.0000000 -1.0000000
vn 0.0000000 0.0000000 -1.0000000
vn 0.0000000 0.0000000 -1.0000000
f 6689/6689/6689 6690/6690/6690 6691/6691/6691
f 6689/6689/6689 6691/6691/6691 6692/6692/6692
f 6689/6689/6689 6692/6692/6692 6693/6693/6693
f 6689/6689/6689 6693/6693/6693 6694/6694/6694
v -0.4680000 0.3100000 0.4500000
v -0.4790000 0.3290526 0.4500000
v -0.4790000 0.3290526 0.4700000
v -0.4680000 0.3100000 0.4700000
vt 0.0200000 0.4800000
vt 0.0200000 0.2700000
vt 0.2300000 0.2700000
vt 0.2300000 0.4800000
vn 0.8660254 0.5000000 0.0000000
vn 0.8660254 0.5000000 0.0000000
vn 0.8660254 0.5000000 0.0000000
vn 0.8660254 0.5000000 0.0000000
f 6695/6695/6695 6696/6696/6696 6697/6697/6697
f 6695/6695/6695 6697/6697/6697 6698/6698/6698
v -0.4790000 0.3290526 0.4500000
v -0.5010000 0.3290526 0.4500000
v -0.5010000 0.3290526 0.4700000
v -0.4790000 0.3290526 0.4700000
vt 0.2300000 0.4800000
vt 0.0200000 0.4800000
vt 0.0200000 0.2700000
vt 0.2300000 0.2700000
vn 0.0000000 1.0000000 0.0000000
vn 0.0000000 1.0000000 0.0000000
vn 0.0000000 1.0000000 0.0000000
vn 0.0000000 1.0000000 0.0000000
f 6699/6699/6699 6700/6700/6700 6701/6701/6701
f 6699/6699/6699 6701/6701/6701 6702/6702/6702
v -0.5010000 0.3290526 0.4500000
v -0.5120000 0.3100000 0.4500000
v -0.5120000 0.3100000 0.4700000
v -0.5010000 0.3290526 0.4700000
vt 0.0200000 0.2700000
vt 0.0200000 0.4800000
vt 0.2300000 0.4800000
vt 0.2300000 0.2700000
vn -0.8660254 0.5000000 0.0000000
vn -0.8660254 0.5000000 0.0000000
vn -0.8660254 0.5000000 0.0000000
vn -0.8660254 0.5000000 0.0000000
f 6703/6703/6703 6704/6704/6704 6705/6705/6705
f 6703/6703/6703 6705/6705/6705 6706/6706/6706
v -0.5120000 0.3100000 0.4500000
v -0.5010000 0.2909474 0.4500000
v -0.5010000 0.2909474 0.4700000
v -0.5120000 0.3100000 0.4700000
vt 0.0200000 0.2700000
vt 0.0200000 0.4800000
vt 0.2300000 0.4800000
vt 0.2300000 0.2700000
vn -0.8660254 -0.5000000 0.0000000
vn -0.8660254 -0.5000000 0.0000000
vn -0.8660254 -0.5000000 0.0000000
vn -0.8660254 -0.5000000 0.0000000
f 6707/6707/6707 6708/6708/6708 6709/6709/6709
f 6707/6707/6707 6709/6709/6709 6710/6710/6710
v -0.5010000 0.2909474 0.4500000
v -0.4790000 0.2909474 0.4500000
v -0.4790000 0.2909474 0.4700000
v -0.5010000 0.2909474 0.4700000
vt 0.0200000 0.4800000
vt 0.2300000 0.4800000
vt 0.2300000 0.2700000
vt 0.0200000 0.2700000
vn 0.0000000 -1.0000000 0.0000000
vn 0.0000000 -1.0000000 0.0000000
vn 0.0000000 -1.0000000 0.0000000
vn 0.0000000 -1.0000000 0.0000000
f 6711/6711/6711 6712/6712/6712 6713/6713/6713
f 6711/6711/6711 6713/6713/6713 6714/6714/6714
v -0.4790000 0.2909474 0.4500000
v -0.4680000 0.3100000 0.4500000
v -0.4680000 0.3100000 0.4700000
v -0.4790000 0.2909474 0.4700000
vt 0.0200000 0.4800000
vt 0.0200000 0.2700000
vt 0.2300000 0.2700000
vt 0.2300000 0.4800000
vn 0.8660254 -0.5000000 0.0000000
vn 0.8660254 -0.5000000 0.0000000
vn 0.8660254 -0.5000000 0.0000000
vn 0.8660254 -0.5000000 0.0000000
f 6715/6715/6715 6716/6716/6716 6717/6717/6717
f 6715/6715/6715 6717/6717/6717 6718/6718/6718
v -0.4680000 0.3100000 0.4700000
v -0.4790000 0.3290526 0.4700000
v -0.5010000 0.3290526 0.4700000
v -0.5120000 0.3100000 0.4700000
v -0.5010000 0.2909474 0.4700000
v -0.4790000 0.2909474 0.4700000
vt 0.2300000 0.3750000
vt 0.1775000 0.2700000
vt 0.0725000 0.2700000
vt 0.0200000 0.3750000
vt 0.0725000 0.4800000
vt 0.1775000 0.4800000
vn 0.0000000 0.0000000 1.0000000
vn 0.0000000 0.0000000 1.0000000
vn 0.0000000 0.0000000 1.0000000
vn 0.0000000 0.0000000 1.0000000
vn 0.0000000 0.0000000 1.0000000
vn 0.0000000 0.0000000 1.0000000
f 6719/6719/6719 6720/6720/6720 6721/6721/6721
f 6719/6719/6719 6721/6721/6721 6722/6722/6722
f 6719/6719/6719 6722/6722/6722 6723/6723/6723
f 6719/6719/6719 6723/6723/6723 6724/6724/6724
v 0.5010000 0.2909474 0.4500000
v 0.4790000 0.2909474 0.4500000
v 0.4680000 0.3100000 0.4500000
v 0.4790000 0.3290526 0.4500000
v 0.5010000 0.3290526 0.4500000
v 0.5120000 0.3100000 0.4500000
vt 0.1775000 0.4800000
vt 0.0725000 0.4800000
vt 0.0200000 0.3750000
vt 0.0725000 0.2700000
vt 0.1775000 0.2700000
vt 0.2300000 0.3750000
vn 0.0000000 0.0000000 -1.0000000
vn 0.0000000 0.0000000 -1.0000000
vn 0.0000000 0.0000000 -1.0000000
vn 0.0000000 0.0000000 -1.0000000
vn 0.0000000 0.0000000 -1.0000000
vn 0.0000000 0.0000000 -1.0000000
f 6725/6725/6725 6726/6726/6726 6727/6727/6727
f 6725/6725/6725 6727/6727/6727 6728/6728/6728
f 6725/6725/6725 6728/6728/6728 6729/6729/6729
f 6725/6725/6725 6729/6729/6729 6730/6730/6730
v 0.5120000 0.3100000 0.4500000
v 0.5010000 0.3290526 0.4500000
v 0.5010000 0.3290526 0.4700000
v 0.5120000 0.3100000 0.4700000
vt 0.0200000 0.4800000
vt 0.0200000 0.2700000
vt 0.2300000 0.2700000
vt 0.2300000 0.4800000
vn 0.8660254 0.5000000 0.0000000
vn 0.8660254 0.5000000 0.0000000
vn 0.8660254 0.5000000 0.0000000
vn 0.8660254 0.5000000 0.0000000
f 6731/6731/6731 6732/6732/6732 6733/6733/6733
f 6731/6731/6731 6733/6733/6733 6734/6734/6734
v 0.5010000 0.3290526 0.4500000
v 0.4790000 0.3290526 0.4500000
v 0.4790000 0.3290526 0.4700000
v 0.5010000 0.3290526 0.4700000
vt 0.2300000 0.4800000
vt 0.0200000 0.4800000
vt 0.0200000 0.2700000
vt 0.2300000 0.2700000
vn 0.0000000 1.0000000 0.0000000
vn 0.0000000 1.0000000 0.0000000
vn 0.0000000 1.0000000 0.0000000
vn 0.0000000 1.0000000 0.0000000
f 6735/6735/6735 6736/6736/6736 6737/6737/6737
f 6735/6735/6735 6737/6737/6737 6738/6738/6738
v 0.4790000 0.3290526 0.4500000
v 0.4680000 0.3100000 0.4500000
v 0.4680000 0.3100000 0.4700000
v 0.4790000 0.3290526 0.4700000
vt 0.0200000 0.2700000
vt 0.0200000 0.4800000
vt 0.2300000 0.4800000
vt 0.2300000 0.2700000
vn -0.8660254 0.5000000 0.0000000
vn -0.8660254 0.5000000 0.0000000
vn -0.8660254 0.5000000 0.0000000
vn -0.8660254 0.5000000 0.0000000
f 6739/6739/6739 6740/6740/6740 6741/6741/6741
f 6739/6739/6739 6741/6741/6741 6742/6742/6742
v 0.4680000 0.3100000 0.4500000
v 0.4790000 0.2909474 0.4500000
v 0.4790000 0.2909474 0.4700000
v 0.4680000 0.3100000 0.4700000
vt 0.0200000 0.2700000
vt 0.0200000 0.4800000
vt 0.2300000 0.4800000
vt 0.2300000 0.2700000
vn -0.8660254 -0.5000000 0.0000000
vn -0.8660254 -0.5000000 0.0000000
vn -0.8660254 -0.5000000 0.0000000
vn -0.8660254 -0.5000000 0.0000000
f 6743/6743/6743 6744/6744/6744 6745/6745/6745
f 6743/6743/6743 6745/6745/6745 6746/6746/6746
v 0.4790000 0.2909474 0.4500000
v 0.5010000 0.2909474 0.4500000
v 0.5010000 0.2909474 0.4700000
v 0.4790000 0.2909474 0.4700000
vt 0.0200000 0.4800000
vt 0.2300000 0.4800000
vt 0.2300000 0.2700000
vt 0.0200000 0.2700000
vn 0.0000000 -1.0000000 0.0000000
vn 0.0000000 -1.0000000 0.0000000
vn 0.0000000 -1.0000000 0.0000000
vn 0.0000000 -1.0000000 0.0000000
f 6747/6747/6747 6748/6748/6748 6749/6749/6749
f 6747/6747/6747 6749/6749/6749 6750/6750/6750
v 0.5010000 0.2909474 0.4500000
v 0.5120000 0.3100000 0.4500000
v 0.5120000 0.3100000 0.4700000
v 0.5010000 0.2909474 0.4700000
vt 0.0200000 0.4800000
vt 0.0200000 0.2700000
vt 0.2300000 0.2700000
vt 0.2300000 0.4800000
vn 0.8660254 -0.5000000 0.0000000
vn 0.8660254 -0.5000000 0.0000000
vn 0.8660254 -0.5000000 0.0000000
vn 0.8660254 -0.5000000 0.0000000
f 6751/6751/6751 6752/6752/6752 6753/6753/6753
f 6751/6751/6751 6753/6753/6753 6754/6754/6754
v 0.5120000 0.3100000 0.4700000
v 0.5010000 0.3290526 0.4700000
v 0.4790000 0.3290526 0.4700000
v 0.4680000 0.3100000 0.4700000
v 0.4790000 0.2909474 0.4700000
v 0.5010000 0.2909474 0.4700000
vt 0.2300000 0.3750000
vt 0.1775000 0.2700000
vt 0.0725000 0.2700000
vt 0.0200000 0.3750000
vt 0.0725000 0.4800000
vt 0.1775000 0.4800000
vn 0.0000000 0.0000000 1.0000000
vn 0.0000000 0.0000000 1.0000000
vn 0.0000000 0.0000000 1.0000000
vn 0.0000000 0.0000000 1.0000000
vn 0.0000000 0.0000000 1.0000000
vn 0.0000000 0.0000000 1.0000000
f 6755/6755/6755 6756/6756/6756 6757/6757/6757
f 6755/6755/6755 6757/6757/6757 6758/6758/6758
f 6755/6755/6755 6758/6758/6758 6759/6759/6759
f 6755/6755/6755 6759/6759/6759 6760/6760/6760
v -0.4190000 -0.4190526 0.4500000
v -0.4410000 -0.4190526 0.4500000
v -0.4520000 -0.4000000 0.4500000
v -0.4410000 -0.3809474 0.4500000
v -0.4190000 -0.3809474 0.4500000
v -0.4080000 -0.4000000 0.4500000
vt 0.1775000 0.4800000
vt 0.0725000 0.4800000
vt 0.0200000 0.3750000
vt 0.0725000 0.2700000
vt 0.1775000 0.2700000
vt 0.2300000 0.3750000
vn 0.0000000 0.0000000 -1.0000000
vn 0.0000000 0.0000000 -1.0000000
vn 0.0000000 0.0000000 -1.0000000
vn 0.0000000 0.0000000 -1.0000000
vn 0.0000000 0.0000000 -1.0000000
vn 0.0000000 0.0000000 -1.0000000
f 6761/6761/6761 6762/6762/6762 6763/6763/6763
f 6761/6761/6761 6763/6763/6763 6764/6764/6764
f 6761/6761/6761 6764/6764/6764 6765/6765/6765
f 6761/6761/6761 6765/6765/6765 6766/6766/6766
v -0.4080000 -0.4000000 0.4500000
v -0.4190000 -0.3809474 0.4500000
v -0.4190000 -0.3809474 0.4700000
v -0.4080000 -0.4000000 0.4700000
vt 0.0200000 0.4800000
vt 0.0200000 0.2700000
vt 0.2300000 0.2700000
vt 0.2300000 0.4800000
vn 0.8660254 0.5000000 0.0000000
vn 0.8660254 0.5000000 0.0000000
vn 0.8660254 0.5000000 0.0000000
vn 0.8660254 0.5000000 0.0000000
f 6767/6767/6767 6768/6768/6768 6769/6769/6769
f 6767/6767/6767 6769/6769/6769 6770/6770/6770
v -0.4190000 -0.3809474 0.4500000
v -0.4410000 -0.3809474 0.4500000
v -0.4410000 -0.3809474 0.4700000
v -0.4190000 -0.3809474 0.4700000
vt 0.2300000 0.4800000
vt 0.0200000 0.4800000
vt 0.0200000 0.2700000
vt 0.2300000 0.2700000
vn 0.0000000 1.0000000 0.0000000
vn 0.0000000 1.0000000 0.0000000
vn 0.0000000 1.0000000 0.0000000
vn 0.0000000 1.0000000 0.0000000
f 6771/6771/6771 6772/6772/6772 6773/6773/6773
f 6771/6771/6771 6773/6773/6773 6774/6774/6774
v -0.4410000 -0.3809474 0.4500000
v -0.4520000 -0.4000000 0.4500000
v -0.4520000 -0.4000000 0.4700000
v -0.4410000 -0.3809474 0.4700000
vt 0.0200000 0.2700000
vt 0.0200000 0.4800000
vt 0.2300000 0.4800000
vt 0.2300000 0.2700000
vn -0.8660254 0.5000000 0.0000000
vn -0.8660254 0.5000000 0.0000000
vn -0.8660254 0.5000000 0.0000000
vn -0.8660254 0.5000000 0.0000000
f 6775/6775/6775 6776/6776/6776 6777/6777/6777
f 6775/6775/6775 6777/6777/6777 6778/6778/6778
v -0.4520000 -0.4000000 0.4500000
v -0.4410000 -0.4190526 0.4500000
v -0.4410000 -0.4190526 0.4700000
v -0.4520000 -0.4000000 0.4700000
vt 0.0200000 0.2700000
vt 0.0200000 0.4800000
vt 0.2300000 0.4800000
vt 0.2300000 0.2700000
vn -0.8660254 -0.5000000 0.0000000
vn -0.8660254 -0.5000000 0.0000000
vn -0.8660254 -0.5000000 0.0000000
vn -0.8660254 -0.5000000 0.0000000
f 6779/6779/6779 6780/6780/6780 6781/6781/6781
f 6779/6779/6779 6781/6781/6781 6782/6782/6782
v -0.4410000 -0.4190526 0.4500000
v -0.4190000 -0.4190526 0.4500000
v -0.4190000 -0.4190526 0.4700000
v -0.4410000 -0.4190526 0.4700000
vt 0.0200000 0.4800000
vt 0.2300000 0.4800000
vt 0.2300000 0.2700000
vt 0.0200000 0.2700000
vn 0.0000000 -1.0000000 0.0000000
vn 0.0000000 -1.0000000 0.0000000
vn 0.0000000 -1.0000000 0.0000000
vn 0.0000000 -1.0000000 0.0000000
f 6783/6783/6783 6784/6784/6784 6785/6785/6785
f 6783/6783/6783 6785/6785/6785 6786/6786/6786
v -0.4190000 -0.4190526 0.4500000
v -0.4080000 -0.4000000 0.4500000
v -0.4080000 -0.4000000 0.4700000
v -0.4190000 -0.4190526 0.4700000
vt 0.0200000 0.4800000
vt 0.0200000 0.2700000
vt 0.2300000 0.2700000
vt 0.2300000 0.4800000
vn 0.8660254 -0.5000000 0.0000000
vn 0.8660254 -0.5000000 0.0000000
vn 0.8660254 -0.5000000 0.0000000
vn 0.8660254 -0.5000000 0.0000000
f 6787/6787/6787 6788/6788/6788 6789/6789/6789
f 6787/6787/6787 6789/6789/6789 6790/6790/6790
v -0.4080000 -0.4000000 0.4700000
v -0.4190000 -0.3809474 0.4700000
v -0.4410000 -0.3809474 0.4700000
v -0.4520000 -0.4000000 0.4700000
v -0.4410000 -0.4190526 0.4700000
v -0.4190000 -0.4190526 0.4700000
vt 0.2300000 0.3750000
vt 0.1775000 0.2700000
vt 0.0725000 0.2700000
vt 0.0200000 0.3750000
vt 0.0725000 0.4800000
vt 0.1775000 0.4800000
vn 0.0000000 0.0000000 1.0000000
vn 0.0000000 0.0000000 1.0000000
vn 0.0000000 0.0000000 1.0000000
vn 0.0000000 0.0000000 1.0000000
vn 0.0000000 0.0000000 1.0000000
vn 0.0000000 0.0000000 1.0000000
f 6791/6791/6791 6792/6792/6792 6793/6793/6793
f 6791/6791/6791 6793/6793/6793 6794/6794/6794
f 6791/6791/6791 6794/6794/6794 6795/6795/6795
f 6791/6791/6791 6795/6795/6795 6796/6796/6796
v 0.4410000 -0.4190526 0.4500000
v 0.4190000 -0.4190526 0.4500000
v 0.4080000 -0.4000000 0.4500000
v 0.4190000 -0.3809474 0.4500000
v 0.4410000 -0.3809474 0.4500000
v 0.4520000 -0.4000000 0.4500000
vt 0.1775000 0.4800000
vt 0.0725000 0.4800000
vt 0.0200000 0.3750000
vt 0.0725000 0.2700000
vt 0.1775000 0.2700000
vt 0.2300000 0.3750000
vn 0.0000000 0.0000000 -1.0000000
vn 0.0000000 0.0000000 -1.0000000
vn 0.0000000 0.0000000 -1.0000000
vn 0.0000000 0.0000000 -1.0000000
vn 0.0000000 0.0000000 -1.0000000
vn 0.0000000 0.0000000 -1.0000000
f 6797/6797/6797 6798/6798/6798 6799/6799/6799
f 6797/6797/6797 6799/6799/6799 6800/6800/6800
f 6797/6797/6797 6800/6800/6800 6801/6801/6801
f 6797/6797/6797 6801/6801/6801 6802/6802/6802
v 0.4520000 -0.4000000 0.4500000
v 0.4410000 -0.3809474 0.4500000
v 0.4410000 -0.3809474 0.4700000
v 0.4520000 -0.4000000 0.4700000
vt 0.0200000 0.4800000
vt 0.0200000 0.2700000
vt 0.2300000 0.2700000
vt 0.2300000 0.4800000
vn 0.8660254 0.5000000 0.0000000
vn 0.8660254 0.5000000 0.0000000
vn 0.8660254 0.5000000 0.0000000
vn 0.8660254 0.5000000 0.0000000
f 6803/6803/6803 6804/6804/6804 6805/6805/6805
f 6803/6803/6803 6805/6805/6805 6806/6806/6806
v 0.4410000 -0.3809474 0.4500000
v 0.4190000 -0.3809474 0.4500000
v 0.4190000 -0.3809474 0.4700000
v 0.4410000 -0.3809474 0.4700000
vt 0.2300000 0.4800000
vt 0.0200000 0.4800000
vt 0.0200000 0.2700000
vt 0.2300000 0.2700000
vn 0.0000000 1.0000000 0.0000000
vn 0.0000000 1.0000000 0.0000000
vn 0.0000000 1.0000000 0.0000000
vn 0.0000000 1.0000000 0.0000000
f 6807/6807/6807 6808/6808/6808 6809/6809/6809
f 6807/6807/6807 6809/6809/6809 6810/6810/6810
v 0.4190000 -0.3809474 0.4500000
v 0.4080000 -0.4000000 0.4500000
v 0.4080000 -0.4000000 0.4700000
v 0.4190000 -0.3809474 0.4700000
vt 0.0200000 0.2700000
vt 0.0200000 0.4800000
vt 0.2300000 0.4800000
vt 0.2300000 0.2700000
vn -0.8660254 0.5000000 0.0000000
vn -0.8660254 0.5000000 0.0000000
vn -0.8660254 0.5000000 0.0000000
vn -0.8660254 0.5000000 0.0000000
f 6811/6811/6811 6812/6812/6812 6813/6813/6813
f 6811/6811/6811 6813/6813/6813 6814/6814/6814
v 0.4080000 -0.4000000 0.4500000
v 0.4190000 -0.4190526 0.4500000
v 0.4190000 -0.4190526 0.4700000
v 0.4080000 -0.4000000 0.4700000
vt 0.0200000 0.2700000
vt 0.0200000 0.4800000
vt 0.2300000 0.4800000
vt 0.2300000 0.2700000
vn -0.8660254 -0.5000000 0.0000000
vn -0.8660254 -0.5000000 0.0000000
vn -0.8660254 -0.5000000 0.0000000
vn -0.8660254 -0.5000000 0.0000000
f 6815/6815/6815 6816/6816/6816 6817/6817/6817
f 6815/6815/6815 6817/6817/6817 6818/6818/6818
v 0.4190000 -0.4190526 0.4500000
v 0.4410000 -0.4190526 0.4500000
v 0.4410000 -0.4190526 0.4700000
v 0.4190000 -0.4190526 0.4700000
vt 0.0200000 0.4800000
vt 0.2300000 0.4800000
vt 0.2300000 0.2700000
vt 0.0200000 0.2700000
vn 0.0000000 -1.0000000 0.0000000
vn 0.0000000 -1.0000000 0.0000000
vn 0.0000000 -1.0000000 0.0000000
vn 0.0000000 -1.0000000 0.0000000
f 6819/6819/6819 6820/6820/6820 6821/6821/6821
f 6819/6819/6819 6821/6821/6821 6822/6822/6822
v 0.4410000 -0.4190526 0.4500000
v 0.4520000 -0.4000000 0.4500000
v 0.4520000 -0.4000000 0.4700000
v 0.4410000 -0.4190526 0.4700000
vt 0.0200000 0.4800000
vt 0.0200000 0.2700000
vt 0.2300000 0.2700000
vt 0.2300000 0.4800000
vn 0.8660254 -0.5000000 0.0000000
vn 0.8660254 -0.5000000 0.0000000
vn 0.8660254 -0.5000000 0.0000000
vn 0.8660254 -0.5000000 0.0000000
f 6823/6823/6823 6824/6824/6824 6825/6825/6825
f 6823/6823/6823 6825/6825/6825 6826/6826/6826
v 0.4520000 -0.4000000 0.4700000
v 0.4410000 -0.3809474 0.4700000
v 0.4190000 -0.3809474 0.4700000
v 0.4080000 -0.4000000 0.4700000
v 0.4190000 -0.4190526 0.4700000
v 0.4410000 -0.4190526 0.4700000
vt 0.2300000 0.3750000
vt 0.1775000 0.2700000
vt 0.0725000 0.2700000
vt 0.0200000 0.3750000
vt 0.0725000 0.4800000
vt 0.1775000 0.4800000
vn 0.0000000 0.0000000 1.0000000
vn 0.0000000 0.0000000 1.0000000
vn 0.0000000 0.0000000 1.0000000
vn 0.0000000 0.0000000 1.0000000
vn 0.0000000 0.0000000 1.0000000
vn 0.0000000 0.0000000 1.0000000
f 6827/6827/6827 6828/6828/6828 6829/6829/6829
f 6827/6827/6827 6829/6829/6829 6830/6830/6830
f 6827/6827/6827 6830/6830/6830 6831/6831/6831
f 6827/6827/6827 6831/6831/6831 6832/6832/6832
